{"type":"FeatureCollection","features":[{"type":"Feature","properties":{"slug":"sofiya","name_bg":"София","name_en":"Sofia","source":"OpenStreetMap contributors, ODbL 1.0"},"geometry":{"type":"MultiPolygon","coordinates":[[[[23.266123,42.563169],[23.238119,42.570669],[23.2116864,42.5856756],[23.2215676,42.5956184],[23.1904779,42.6471374],[23.1838661,42.6464007],[23.1730337,42.6491995],[23.168006,42.656004],[23.168388,42.657516],[23.171772836,42.662821323],[23.1718082,42.6653881],[23.1870099,42.6883071],[23.1960696,42.6973488],[23.1950853,42.6987398],[23.196801,42.7283],[23.2121248,42.7451882],[23.2302272,42.7406103],[23.2564988,42.7597877],[23.2639729,42.7625641],[23.2822359,42.7586188],[23.2797919,42.7650312],[23.279094,42.7676253],[23.2897977,42.7826731],[23.3187553,42.7867451],[23.323151,42.786786],[23.3471161,42.7780156],[23.3809598,42.7606901],[23.3986878,42.7384648],[23.439903516,42.719146101],[23.4408809,42.7277041],[23.44385044,42.730569804],[23.4580142,42.770091],[23.461523018,42.777194927],[23.4597431,42.7801263],[23.470358696,42.798057318],[23.4721518,42.8151237],[23.4802664,42.8234145],[23.4803858,42.8329154],[23.488561227,42.841036284],[23.4962947,42.8592962],[23.496352,42.859363],[23.509147,42.864281],[23.519788,42.856884],[23.520401,42.856859],[23.521378,42.856558],[23.5229705,42.8563616],[23.524454,42.856055],[23.568409,42.835522],[23.577254,42.84695],[23.59405,42.851661],[23.604174,42.860332],[23.6215817,42.856396],[23.5332297,42.7330546],[23.5330733,42.7329114],[23.526247327,42.72886358],[23.5270071,42.7275872],[23.5184916,42.7232165],[23.4631812,42.706877],[23.4618662,42.7035916],[23.452252,42.6880642],[23.4232423,42.6889584],[23.4160672,42.682394],[23.4108268,42.6836887],[23.4051207,42.685167],[23.4033706,42.6855789],[23.4315034,42.6552165],[23.4319936,42.6538274],[23.4413141,42.6487122],[23.4376733,42.6444287],[23.4236657,42.6363648],[23.4268668,42.6360073],[23.4270131,42.634252],[23.422115508,42.630750971],[23.41667,42.6194189],[23.414904,42.6201421],[23.4097504,42.615723],[23.4075375,42.6146234],[23.405671976,42.615166884],[23.4050869,42.6139756],[23.3828011,42.6184606],[23.3840278,42.6214725],[23.3816081,42.6206706],[23.3793289,42.6201818],[23.3778564,42.6180113],[23.3740984,42.6148695],[23.3477975,42.5995958],[23.3196448,42.5921212],[23.286292,42.5620415],[23.2853669,42.561699],[23.275602436,42.563729505],[23.266123,42.563169]],[[23.4399907,42.7190149],[23.4401673,42.7187815],[23.440685329,42.718779648],[23.439903516,42.719146101],[23.4399907,42.7190149]],[[23.4416984,42.7183048],[23.4413486,42.7185207],[23.440685329,42.718779648],[23.4416984,42.7183048]],[[23.6214859,42.8563877],[23.6210697,42.8562292],[23.62098207,42.856160603],[23.6215817,42.856396],[23.6214859,42.8563877]]],[[[23.4312177,42.5728532],[23.4354931,42.5765377],[23.451768182,42.579661737],[23.4311777,42.5727726],[23.4312177,42.5728532]]],[[[23.453507452,42.58024366],[23.4527299,42.5794055],[23.451768182,42.579661737],[23.453507452,42.58024366]]],[[[23.4535649,42.5802852],[23.4540909,42.5808674],[23.4545707,42.5805994],[23.453507452,42.58024366],[23.4535649,42.5802852]]],[[[23.4548516,42.5804306],[23.4573954,42.5771896],[23.457307517,42.574268558],[23.4545707,42.5805994],[23.4548516,42.5804306]]],[[[23.457665549,42.573440355],[23.4573804,42.5739691],[23.457307517,42.574268558],[23.457665549,42.573440355]]],[[[23.4579196,42.5730063],[23.4584261,42.5722837],[23.458506538,42.571494968],[23.457665549,42.573440355],[23.4579196,42.5730063]]],[[[23.4585667,42.5713558],[23.4585097,42.5714571],[23.458506538,42.571494968],[23.4585667,42.5713558]]],[[[23.4588371,42.5710682],[23.464184,42.5628692],[23.4587344,42.5579851],[23.4585667,42.5713558],[23.4588371,42.5710682]]],[[[23.458666,42.558018518],[23.4586752,42.5580152],[23.4587344,42.5579851],[23.458666,42.558018518]]],[[[23.4583103,42.5581468],[23.4553232,42.5593151],[23.454524628,42.560041856],[23.458666,42.558018518],[23.4583103,42.5581468]]],[[[23.4494411,42.5625255],[23.4513364,42.5622854],[23.454524628,42.560041856],[23.4494411,42.5625255]]],[[[23.448468,42.5617373],[23.4489892,42.5623679],[23.4494411,42.5625255],[23.448468,42.5617373]]],[[[23.4483654,42.5618018],[23.4481808,42.5619179],[23.448136164,42.561962268],[23.448468,42.5617373],[23.4483654,42.5618018]]],[[[23.448000892,42.562053976],[23.4481025,42.5619934],[23.448136164,42.561962268],[23.448000892,42.562053976]]],[[[23.4479716,42.5620727],[23.447949966,42.562088501],[23.448000892,42.562053976],[23.4479716,42.5620727]]],[[[23.447896075,42.562125036],[23.447913,42.5621155],[23.447949966,42.562088501],[23.447896075,42.562125036]]],[[[23.4478271,42.5621639],[23.447785711,42.562199858],[23.447896075,42.562125036],[23.4478271,42.5621639]]],[[[23.446136069,42.563318231],[23.4468502,42.5628747],[23.447785711,42.562199858],[23.446136069,42.563318231]]],[[[23.4461177,42.5633301],[23.4402195,42.5657051],[23.4364254,42.5690478],[23.43682535,42.56963043],[23.4461177,42.5633301]]],[[[23.4337644,42.5717056],[23.4366379,42.5709072],[23.43682535,42.56963043],[23.4337644,42.5717056]]],[[[23.4311777,42.5727726],[23.4335906,42.5729386],[23.4339892,42.5721882],[23.4337644,42.5717056],[23.4311777,42.5727726]]]]}},{"type":"Feature","properties":{"slug":"ruse","name_bg":"Русе","name_en":"Ruse","source":"OpenStreetMap contributors, ODbL 1.0"},"geometry":{"type":"MultiPolygon","coordinates":[[[[25.9107246,43.7443033],[25.910565521,43.748029021],[25.879633509,43.760064669],[25.8716895,43.7602036],[25.8710208,43.7620861],[25.8661094,43.7653269],[25.8619812,43.7697482],[25.937336,43.84622],[25.948544,43.856174],[25.9528952,43.8591475],[25.9615017,43.8645533],[26.0109257,43.8895037],[26.0462958,43.9010193],[26.0616412,43.887246],[26.0652838,43.8821063],[26.0653253,43.8820385],[26.0657606,43.8812284],[26.0665366,43.8794198],[26.061068427,43.831271945],[26.0639893,43.8270494],[26.0612558,43.823208],[26.0609894,43.8150033],[26.0553804,43.8030003],[26.051548118,43.801335617],[26.0444059,43.7870617],[26.035186068,43.776486286],[26.0376878,43.7756563],[26.029876,43.7709373],[26.0289472,43.7704531],[26.0181928,43.7782278],[25.9260693,43.7419965],[25.9107246,43.7443033]]],[[[26.0387336,43.764124],[26.044077,43.767301],[26.0457727,43.7597038],[26.040868,43.7630714],[26.0387336,43.764124]]],[[[26.045000884,43.767206433],[26.0447528,43.7669919],[26.044077,43.767301],[26.045000884,43.767206433]]],[[[26.0474428,43.7693181],[26.0518405,43.7731142],[26.058883297,43.765785448],[26.045000884,43.767206433],[26.0474428,43.7693181]]],[[[26.06169512,43.765497634],[26.0600617,43.7647655],[26.058883297,43.765785448],[26.06169512,43.765497634]]],[[[26.0657426,43.7673118],[26.0736977,43.7695011],[26.0824089,43.7633774],[26.06169512,43.765497634],[26.0657426,43.7673118]]],[[[26.0777178,43.7608274],[26.073836,43.7585197],[26.069499468,43.76208294],[26.0824089,43.7633774],[26.0777178,43.7608274]]],[[[26.063720945,43.761503514],[26.0681053,43.7632285],[26.069499468,43.76208294],[26.063720945,43.761503514]]],[[[26.0509495,43.7564787],[26.0457727,43.7597038],[26.063720945,43.761503514],[26.0509495,43.7564787]]]]}},{"type":"Feature","properties":{"slug":"dobrich","name_bg":"Добрич","name_en":"Dobrich","source":"OpenStreetMap contributors, ODbL 1.0"},"geometry":{"type":"MultiPolygon","coordinates":[[[[27.7524533,43.5387163],[27.7524422,43.5387386],[27.752609249,43.53871473],[27.7524533,43.5387163]]],[[[27.7159147,43.5582354],[27.735983,43.5586887],[27.7371732,43.5525029],[27.7532578,43.5489339],[27.7488397,43.5466226],[27.7524422,43.5387386],[27.7159147,43.5582354]]],[[[27.7159062,43.5582721],[27.7157941,43.5586842],[27.715765635,43.559425774],[27.7159147,43.5582354],[27.7159062,43.5582721]]],[[[27.7142877,43.571228],[27.7151156,43.5709612],[27.715765635,43.559425774],[27.7142877,43.571228]]],[[[27.7134261,43.588534],[27.7135947,43.5854359],[27.7142877,43.571228],[27.7134261,43.588534]]],[[[27.7517412,43.6160489],[27.738821,43.5946054],[27.7282069,43.5937744],[27.728389,43.5888278],[27.7134261,43.588534],[27.7517412,43.6160489]]],[[[27.7518717,43.6162629],[27.7528017,43.6177417],[27.753686987,43.617388465],[27.7517412,43.6160489],[27.7518717,43.6162629]]],[[[27.7714439,43.6296131],[27.7537077,43.6173802],[27.753686987,43.617388465],[27.7714439,43.6296131]]],[[[27.8047811,43.6263463],[27.7929295,43.6251431],[27.7904304,43.6110054],[27.7820463,43.6058935],[27.7730555,43.6130402],[27.7767735,43.6179235],[27.7733039,43.6227684],[27.7764494,43.6275327],[27.7714439,43.6296131],[27.8047811,43.6263463]]],[[[27.8267867,43.625558],[27.840127721,43.624078618],[27.8047811,43.6263463],[27.8267867,43.625558]]],[[[27.8651344,43.6224743],[27.846844,43.6231672],[27.8502644,43.6201051],[27.8399034,43.6202216],[27.840127721,43.624078618],[27.8651344,43.6224743]]],[[[27.882226182,43.613413443],[27.8749757,43.6087808],[27.8677592,43.6135227],[27.8642089,43.6110947],[27.8651344,43.6224743],[27.882226182,43.613413443]]],[[[27.8824518,43.6135576],[27.8838387,43.6125586],[27.882226182,43.613413443],[27.8824518,43.6135576]]],[[[27.8916112,43.6076544],[27.8879566,43.6041667],[27.884071689,43.599717855],[27.8838387,43.6125586],[27.8916112,43.6076544]]],[[[27.8843846,43.5824724],[27.8762126,43.5954437],[27.8748422,43.5977338],[27.884071689,43.599717855],[27.8843846,43.5824724]]],[[[27.8779305,43.5681924],[27.8729074,43.5715505],[27.8843846,43.5824724],[27.8779305,43.5681924]]],[[[27.8778014,43.5680178],[27.8603075,43.544696],[27.8557288,43.5428085],[27.8779305,43.5681924],[27.8778014,43.5680178]]],[[[27.8249295,43.5187804],[27.8239909,43.5263597],[27.8296793,43.5428647],[27.8557288,43.5428085],[27.8249295,43.5187804]]],[[[27.8248943,43.5187778],[27.8030967,43.5171878],[27.800355316,43.529210679],[27.8249295,43.5187804],[27.8248943,43.5187778]]],[[[27.7908312,43.5332531],[27.8015529,43.5331061],[27.800355316,43.529210679],[27.7908312,43.5332531]]],[[[27.752609249,43.53871473],[27.7903866,43.5380818],[27.7908312,43.5332531],[27.752609249,43.53871473]]]]}},{"type":"Feature","properties":{"slug":"razgrad","name_bg":"Разград","name_en":"Razgrad","source":"OpenStreetMap contributors, ODbL 1.0"},"geometry":{"type":"MultiPolygon","coordinates":[[[[26.486368,43.4459921],[26.4840235,43.447495],[26.4805801,43.4480129],[26.488933693,43.448615058],[26.4890718,43.4453163],[26.486368,43.4459921]]],[[[26.4803799,43.4481683],[26.4643194,43.4586882],[26.4651542,43.4675011],[26.4616086,43.4701827],[26.4614259,43.4773668],[26.4803799,43.4481683]]],[[[26.4499083,43.5003847],[26.4764766,43.4997726],[26.4624838,43.4863429],[26.4645507,43.4780799],[26.4499083,43.5003847]]],[[[26.4548264,43.5084198],[26.4548584,43.5084223],[26.4499083,43.5003847],[26.4548264,43.5084198]]],[[[26.4858424,43.5872015],[26.4888918,43.5757675],[26.4939792,43.5762457],[26.5020623,43.5689851],[26.4880567,43.5708745],[26.4915192,43.5659782],[26.483661,43.5669172],[26.4823948,43.5642715],[26.49636,43.5629558],[26.5066705,43.5662695],[26.512775,43.5439476],[26.4936757,43.5411012],[26.5003685,43.5382723],[26.4893245,43.5341783],[26.4884144,43.5300438],[26.4690185,43.5287516],[26.4662252,43.5151348],[26.4578503,43.513658],[26.4548264,43.5084198],[26.4858424,43.5872015]]],[[[26.485585,43.5889357],[26.4855848,43.5889372],[26.4858424,43.5872015],[26.485585,43.5889357]]],[[[26.494708,43.5888641],[26.501156317,43.58707069],[26.4855848,43.5889372],[26.494708,43.5888641]]],[[[26.504294469,43.586694529],[26.5058788,43.5844446],[26.5059287,43.5834981],[26.501156317,43.58707069],[26.504294469,43.586694529]]],[[[26.5042686,43.5868848],[26.5043465,43.5873256],[26.507334964,43.586330074],[26.504294469,43.586694529],[26.5042686,43.5868848]]],[[[26.5119799,43.5857733],[26.5114761,43.5849193],[26.507334964,43.586330074],[26.5119799,43.5857733]]],[[[26.549289966,43.60329793],[26.5461124,43.5942889],[26.554185,43.5916651],[26.5454742,43.5882692],[26.5516416,43.5837562],[26.5473178,43.5785389],[26.5382133,43.582479],[26.5267658,43.578513],[26.5119799,43.5857733],[26.549289966,43.60329793]]],[[[26.5493065,43.6035057],[26.5508701,43.6040729],[26.5511679,43.60418],[26.549289966,43.60329793],[26.5493065,43.6035057]]],[[[26.5522857,43.6044966],[26.5619824,43.6078508],[26.563178751,43.599658241],[26.5511679,43.60418],[26.5522857,43.6044966]]],[[[26.585438459,43.591278066],[26.5757145,43.5842598],[26.5663631,43.5900502],[26.5583567,43.5837754],[26.5672284,43.5777916],[26.5652419,43.5737847],[26.558984,43.5742246],[26.5555427,43.5781044],[26.5549034,43.5822629],[26.5623511,43.5903159],[26.563178751,43.599658241],[26.585438459,43.591278066]]],[[[26.5855579,43.5914249],[26.5888354,43.5904176],[26.5903022,43.589447],[26.585438459,43.591278066],[26.5855579,43.5914249]]],[[[26.5902612,43.5865324],[26.590026673,43.586731962],[26.5903022,43.589447],[26.5902612,43.5865324]]],[[[26.5874063,43.5609109],[26.5819062,43.5610783],[26.5841948,43.5727453],[26.5801279,43.5784522],[26.5867812,43.5890654],[26.590026673,43.586731962],[26.5874063,43.5609109]]],[[[26.573714869,43.542126588],[26.5769545,43.5584588],[26.5874063,43.5609109],[26.573714869,43.542126588]]],[[[26.5736846,43.5420578],[26.573616039,43.541990995],[26.573714869,43.542126588],[26.5736846,43.5420578]]],[[[26.572384909,43.540301915],[26.5727086,43.5410112],[26.573616039,43.541990995],[26.572384909,43.540301915]]],[[[26.5696437,43.5356928],[26.5683806,43.5348081],[26.572384909,43.540301915],[26.5696437,43.5356928]]],[[[26.573180741,43.527536849],[26.5703451,43.5281035],[26.5633001,43.5309925],[26.5683806,43.5348081],[26.573180741,43.527536849]]],[[[26.5732888,43.5275869],[26.5764466,43.5291012],[26.5805552,43.5273155],[26.5759045,43.5234109],[26.5732888,43.5275869]]],[[[26.576658465,43.515042489],[26.5695831,43.5182567],[26.5683807,43.5195331],[26.5759045,43.5234109],[26.576658465,43.515042489]]],[[[26.5798307,43.5136014],[26.5768883,43.5124915],[26.576658465,43.515042489],[26.5798307,43.5136014]]],[[[26.5239437,43.4615379],[26.5233244,43.471042],[26.5295388,43.4761164],[26.5304913,43.4864237],[26.5623457,43.5048125],[26.5697896,43.5147095],[26.5768883,43.5124915],[26.5239437,43.4615379]]],[[[26.5262337,43.4595671],[26.5268695,43.4587239],[26.5304721,43.4516093],[26.5239437,43.4615379],[26.5262337,43.4595671]]],[[[26.5292238,43.4497844],[26.526479488,43.451321498],[26.5304721,43.4516093],[26.5292238,43.4497844]]],[[[26.488933693,43.448615058],[26.4851272,43.462901],[26.497106,43.4668196],[26.5006201,43.4631553],[26.5063238,43.4684935],[26.5127277,43.454929],[26.5202826,43.4559046],[26.526479488,43.451321498],[26.488933693,43.448615058]]]]}},{"type":"Feature","properties":{"slug":"targovishte","name_bg":"Търговище","name_en":"Targovishte","source":"OpenStreetMap contributors, ODbL 1.0"},"geometry":{"type":"MultiPolygon","coordinates":[[[[26.5188008,43.1853867],[26.5116135,43.1845676],[26.506818532,43.185812952],[26.523044,43.1862154],[26.5188008,43.1853867]]],[[[26.4980475,43.1855954],[26.5048443,43.1864338],[26.506818532,43.185812952],[26.4980475,43.1855954]]],[[[26.4978542,43.1857163],[26.4950997,43.1892624],[26.498124194,43.192433288],[26.4980475,43.1855954],[26.4978542,43.1857163]]],[[[26.4982941,43.2075817],[26.5076162,43.2059397],[26.5024699,43.2006381],[26.5059962,43.1971772],[26.498124194,43.192433288],[26.4982941,43.2075817]]],[[[26.4857585,43.2485229],[26.4969555,43.2489451],[26.4985438,43.2436988],[26.5098819,43.2421346],[26.5121118,43.2334628],[26.5227861,43.2337245],[26.5190431,43.2149355],[26.5092794,43.2090714],[26.4982941,43.2075817],[26.4857585,43.2485229]]],[[[26.4857547,43.2485482],[26.4841344,43.2502452],[26.4817331,43.2541119],[26.489802644,43.253449552],[26.4857547,43.2485482]]],[[[26.503482,43.270114],[26.5024578,43.2550994],[26.489802644,43.253449552],[26.503482,43.270114]]],[[[26.504206,43.2708752],[26.5062539,43.2730848],[26.506907838,43.273686594],[26.503482,43.270114],[26.504206,43.2708752]]],[[[26.507447567,43.274249443],[26.507631,43.2740465],[26.506907838,43.273686594],[26.507447567,43.274249443]]],[[[26.5068779,43.2748797],[26.5034234,43.2791842],[26.517556948,43.284791886],[26.507447567,43.274249443],[26.5068779,43.2748797]]],[[[26.5248767,43.2924252],[26.5233322,43.2870833],[26.517556948,43.284791886],[26.5248767,43.2924252]]],[[[26.5249213,43.2924172],[26.524925715,43.292415572],[26.5248767,43.2924252],[26.5249213,43.2924172]]],[[[26.5412989,43.2891994],[26.5388053,43.2882659],[26.524925715,43.292415572],[26.5412989,43.2891994]]],[[[26.541472,43.2892623],[26.5438798,43.2901366],[26.54393735,43.290032546],[26.5412989,43.2891994],[26.541472,43.2892623]]],[[[26.5923628,43.3053239],[26.5886543,43.2974393],[26.584843,43.298359],[26.5784782,43.2850541],[26.5853296,43.2840879],[26.5867485,43.2829392],[26.5870655,43.2818502],[26.5756618,43.2783532],[26.5678067,43.2818684],[26.5458797,43.2821214],[26.5441594,43.2852333],[26.5475923,43.2861138],[26.54393735,43.290032546],[26.5923628,43.3053239]]],[[[26.5923753,43.305352],[26.6046997,43.3031666],[26.6203289,43.2987033],[26.5923628,43.3053239],[26.5923753,43.305352]]],[[[26.6219808,43.2983154],[26.6222255,43.2982752],[26.621161672,43.290317226],[26.6203289,43.2987033],[26.6219808,43.2983154]]],[[[26.621331054,43.288611536],[26.6209326,43.2886111],[26.621161672,43.290317226],[26.621331054,43.288611536]]],[[[26.621755,43.288612],[26.6247803,43.2885348],[26.6221983,43.2798783],[26.621331054,43.288611536],[26.621755,43.288612]]],[[[26.6488683,43.2481612],[26.6225041,43.2497673],[26.6226962,43.252827],[26.6159265,43.2552714],[26.6056306,43.2551618],[26.6080332,43.2593213],[26.6046847,43.2630487],[26.6145416,43.2694122],[26.6110882,43.273945],[26.6088849,43.2724863],[26.6104758,43.2736969],[26.6164053,43.276157],[26.6221983,43.2798783],[26.6488683,43.2481612]]],[[[26.6497037,43.2477801],[26.6443008,43.2354999],[26.6428395,43.2324044],[26.6488683,43.2481612],[26.6497037,43.2477801]]],[[[26.5969665,43.2151983],[26.6014879,43.2225645],[26.6197375,43.2371725],[26.6428395,43.2324044],[26.5969665,43.2151983]]],[[[26.5968797,43.215095],[26.5949033,43.212459],[26.5857438,43.2069529],[26.584573039,43.209173749],[26.5968797,43.215095]]],[[[26.55320368,43.193924876],[26.5394748,43.1992481],[26.5376197,43.2078901],[26.5490996,43.2046311],[26.552576,43.2105125],[26.5604869,43.2144543],[26.5750473,43.2150372],[26.5734502,43.2116172],[26.5757324,43.2099839],[26.5770931,43.2136589],[26.5821656,43.2137823],[26.584573039,43.209173749],[26.55320368,43.193924876]]],[[[26.5531273,43.1938005],[26.552953496,43.19380326],[26.55320368,43.193924876],[26.5531273,43.1938005]]],[[[26.5406962,43.1878449],[26.5475376,43.1932272],[26.552953496,43.19380326],[26.5406962,43.1878449]]],[[[26.534579622,43.18728027],[26.5361237,43.187927],[26.5406962,43.1878449],[26.534579622,43.18728027]]],[[[26.5342155,43.1870208],[26.5305086,43.1862897],[26.52814933,43.18668668],[26.534579622,43.18728027],[26.5342155,43.1870208]]],[[[26.523044,43.1862154],[26.5249874,43.1866839],[26.52814933,43.18668668],[26.523044,43.1862154]]]]}},{"type":"Feature","properties":{"slug":"silistra","name_bg":"Силистра","name_en":"Silistra","source":"OpenStreetMap contributors, ODbL 1.0"},"geometry":{"type":"MultiPolygon","coordinates":[[[[27.2034146,44.0972545],[27.1977001,44.1051538],[27.1999145,44.1168266],[27.2050656,44.0959401],[27.2034146,44.0972545]]],[[[27.2419859,44.1171043],[27.2293932,44.1154021],[27.1999145,44.1168266],[27.2419859,44.1171043]]],[[[27.247397193,44.118910358],[27.24715,44.118817],[27.2419859,44.1171043],[27.247397193,44.118910358]]],[[[27.2498452,44.1198349],[27.2681951,44.1278905],[27.2734462,44.1276044],[27.247397193,44.118910358],[27.2498452,44.1198349]]],[[[27.2760165,44.1257881],[27.278899,44.1234929],[27.2776368,44.1224379],[27.2734462,44.1276044],[27.2760165,44.1257881]]],[[[27.3333455,44.0642039],[27.2909253,44.0752419],[27.2901799,44.0841565],[27.2773388,44.09882],[27.2766323,44.1056439],[27.2843107,44.1096808],[27.2767686,44.1151585],[27.2776368,44.1224379],[27.3333455,44.0642039]]],[[[27.333344,44.0642027],[27.3297994,44.0576645],[27.318113605,44.057906409],[27.3333455,44.0642039],[27.333344,44.0642027]]],[[[27.3082389,44.0538238],[27.3150017,44.0586417],[27.318113605,44.057906409],[27.3082389,44.0538238]]],[[[27.28281474,44.064202178],[27.288536,44.0638986],[27.2931474,44.067463],[27.2987897,44.0588965],[27.3082389,44.0538238],[27.28281474,44.064202178]]],[[[27.2828003,44.0641988],[27.266083,44.0639559],[27.25754627,44.074517003],[27.28281474,44.064202178],[27.2828003,44.0641988]]],[[[27.2050656,44.0959401],[27.2081859,44.1025828],[27.2221307,44.1037027],[27.2226442,44.1006879],[27.2406478,44.1064895],[27.2429627,44.0995095],[27.2465273,44.1002195],[27.2434906,44.0986474],[27.2500974,44.0893309],[27.2618161,44.0924253],[27.2623188,44.0815245],[27.2529639,44.0827112],[27.25754627,44.074517003],[27.2050656,44.0959401]]]]}},{"type":"Feature","properties":{"slug":"shumen","name_bg":"Шумен","name_en":"Shumen","source":"OpenStreetMap contributors, ODbL 1.0"},"geometry":{"type":"MultiPolygon","coordinates":[[[[26.9153719,43.1659928],[26.913101,43.1685505],[26.912975787,43.170562741],[26.9180144,43.1647853],[26.9153719,43.1659928]]],[[[26.905135841,43.179552285],[26.912632,43.1747046],[26.9137647,43.171257],[26.912975787,43.170562741],[26.905135841,43.179552285]]],[[[26.9050763,43.1795935],[26.9049096,43.1798117],[26.905135841,43.179552285],[26.9050763,43.1795935]]],[[[26.904872414,43.179927065],[26.9049127,43.179815],[26.9049096,43.1798117],[26.904872414,43.179927065]]],[[[26.904127,43.180234],[26.902609,43.186579],[26.898446,43.186896],[26.900019831,43.194981569],[26.904872414,43.179927065],[26.904127,43.180234]]],[[[26.8914622,43.2215305],[26.906174,43.213319],[26.915623,43.213665],[26.909719,43.206067],[26.914976,43.205125],[26.912909,43.200113],[26.902184,43.199834],[26.900019831,43.194981569],[26.8914622,43.2215305]]],[[[26.869636926,43.24597643],[26.878223,43.243612],[26.877989,43.239419],[26.883446,43.235936],[26.886062,43.22908],[26.893022,43.226725],[26.892095,43.221564],[26.869636926,43.24597643]]],[[[26.869566,43.245963],[26.865133,43.245536],[26.862005601,43.254524082],[26.869636926,43.24597643],[26.869566,43.245963]]],[[[26.859517,43.2573115],[26.861918,43.255365],[26.862005601,43.254524082],[26.859517,43.2573115]]],[[[26.843107,43.259213],[26.84714,43.260326],[26.860618,43.25842],[26.859517,43.2573115],[26.843107,43.259213]]],[[[26.842363,43.259195],[26.841046,43.259321],[26.839899908,43.259659329],[26.843107,43.259213],[26.842363,43.259195]]],[[[26.8377804,43.2599543],[26.839261,43.259847],[26.839899908,43.259659329],[26.8377804,43.2599543]]],[[[26.838307,43.2620515],[26.8396914,43.2636091],[26.841125658,43.263866163],[26.8377804,43.2599543],[26.838307,43.2620515]]],[[[26.854996134,43.280085957],[26.8487635,43.265581],[26.841125658,43.263866163],[26.854996134,43.280085957]]],[[[26.8550354,43.2801339],[26.8554943,43.2806685],[26.854996134,43.280085957],[26.8550354,43.2801339]]],[[[26.8555777,43.2807543],[26.8568848,43.282221],[26.857653306,43.282617353],[26.8554943,43.2806685],[26.8555777,43.2807543]]],[[[26.9010027,43.3217472],[26.9069481,43.316215],[26.892207,43.2929004],[26.8945396,43.290489],[26.8893371,43.280157],[26.8643615,43.2852153],[26.857653306,43.282617353],[26.9010027,43.3217472]]],[[[26.9130954,43.3219455],[26.913976466,43.321300051],[26.9010027,43.3217472],[26.9130954,43.3219455]]],[[[26.919952,43.3210941],[26.9172178,43.3188843],[26.913976466,43.321300051],[26.919952,43.3210941]]],[[[26.940967811,43.338909677],[26.9373347,43.3298808],[26.9406112,43.3276396],[26.9368759,43.3283841],[26.9276003,43.3188156],[26.919952,43.3210941],[26.940967811,43.338909677]]],[[[26.9410885,43.3390825],[26.9417681,43.3396727],[26.9419986,43.3397835],[26.940967811,43.338909677],[26.9410885,43.3390825]]],[[[26.9904007,43.3391964],[26.9869751,43.3392124],[26.9897938,43.3287567],[26.9841878,43.3279731],[26.986729,43.3154956],[26.9702653,43.3219937],[26.9726135,43.3242445],[26.9682727,43.3248251],[26.9689704,43.3293035],[26.9523487,43.3306998],[26.9535338,43.3383742],[26.9419986,43.3397835],[26.9904007,43.3391964]]],[[[27.053857553,43.308574985],[27.0435095,43.3113669],[27.034884,43.3074604],[27.014775,43.3106138],[27.0175759,43.3169632],[27.0018813,43.3226775],[26.9971057,43.3201037],[26.9904007,43.3391964],[27.053857553,43.308574985]]],[[[27.0543393,43.3086355],[27.054469867,43.30827951],[27.053857553,43.308574985],[27.0543393,43.3086355]]],[[[27.062488147,43.30441025],[27.0562425,43.3031786],[27.054469867,43.30827951],[27.062488147,43.30441025]]],[[[27.0628484,43.3045021],[27.0632611,43.3045845],[27.0635387,43.3039033],[27.062488147,43.30441025],[27.0628484,43.3045021]]],[[[27.062459899,43.302819791],[27.062102,43.3035576],[27.0635387,43.3039033],[27.062459899,43.302819791]]],[[[27.062528,43.3026794],[27.0656048,43.2959348],[27.0529865,43.2927433],[27.0514586,43.2885424],[27.046064558,43.286352907],[27.062528,43.3026794]]],[[[27.038387195,43.278642042],[27.0366416,43.2832078],[27.046064558,43.286352907],[27.038387195,43.278642042]]],[[[27.0383744,43.2785916],[27.0382387,43.2784929],[27.038387195,43.278642042],[27.0383744,43.2785916]]],[[[27.0382266,43.2784835],[27.038102828,43.278542327],[27.0382387,43.2784929],[27.0382266,43.2784835]]],[[[27.0280742,43.2821905],[27.0339844,43.2806889],[27.038102828,43.278542327],[27.0280742,43.2821905]]],[[[27.008302551,43.263906742],[26.9989813,43.2685215],[27.0066037,43.2692979],[27.0124361,43.2812478],[27.0069146,43.2807808],[27.0062548,43.2840647],[27.0280742,43.2821905],[27.008302551,43.263906742]]],[[[27.0083923,43.2638354],[27.0083692,43.2614277],[26.9962047,43.2527193],[27.008302551,43.263906742],[27.0083923,43.2638354]]],[[[26.9772959,43.2172908],[26.971955,43.2243963],[26.9766267,43.2400011],[26.9712212,43.2413426],[26.9772705,43.2418998],[26.9759138,43.2476185],[26.9855029,43.2484453],[26.9828285,43.2545109],[26.9939569,43.2550082],[26.9962047,43.2527193],[26.9772959,43.2172908]]],[[[26.9772994,43.2171963],[26.9771968,43.2171092],[26.977042165,43.217066067],[26.9772959,43.2172908],[26.9772994,43.2171963]]],[[[26.9180144,43.1647853],[26.9178129,43.1742976],[26.9261063,43.1825913],[26.9318769,43.1979526],[26.9301933,43.2000061],[26.9411853,43.2154001],[26.977042165,43.217066067],[26.9180144,43.1647853]]]]}},{"type":"Feature","properties":{"slug":"varna","name_bg":"Варна","name_en":"Varna","source":"OpenStreetMap contributors, ODbL 1.0"},"geometry":{"type":"MultiPolygon","coordinates":[[[[27.917328,43.105907],[27.899795,43.100252],[27.89143,43.101353],[27.876884,43.109025],[27.874526,43.111015],[27.876950143,43.112551299],[27.854203,43.134535],[27.8539881,43.135014146],[27.84924,43.135746],[27.8389194,43.1922595],[27.8566488,43.199038],[27.834964,43.228703],[27.833766,43.256176],[27.829908,43.258463],[27.833422652,43.265240595],[27.832971,43.275947],[27.859593,43.269807],[27.8699421,43.2663077],[27.882872157,43.255388221],[27.8852536,43.2569834],[27.8988328,43.2419094],[27.9038163,43.242906],[27.9185641,43.2426372],[27.926901946,43.240601745],[27.9292037,43.2484034],[27.93161843,43.247859453],[27.932674,43.249509],[27.959464,43.252363],[27.966471,43.261029],[28.014548341,43.289033017],[28.016894,43.292929],[28.0562129,43.309509],[28.0536975,43.299986],[28.051815009,43.302553749],[28.0470487,43.2912607],[28.0440938,43.2749576],[28.030175317,43.253526038],[28.0289216,43.2500394],[28.0309382,43.2491562],[28.0302083,43.2474858],[28.025338768,43.245724083],[28.0258599,43.2443795],[28.014078731,43.227560243],[28.0159077,43.2282524],[28.0154471,43.2259836],[28.0137852,43.2243644],[28.0139872,43.2264483],[28.0107992,43.2222257],[27.9969186,43.2155085],[27.9813271,43.219321],[27.9812648,43.2176167],[27.9800642,43.216952],[27.934965622,43.207204013],[27.9330925,43.2039719],[27.9275589,43.2052682],[27.9219328,43.1871368],[27.9219647,43.1734229],[27.9460323,43.1717152],[27.9465889,43.1649122],[27.9399607,43.1355049],[27.9377462,43.1315709],[27.936621,43.1304195],[27.9309154,43.1278347],[27.9279879,43.1147519],[27.9237735,43.1063233],[27.917328,43.105907]],[[27.9269015,43.240601],[27.9269698,43.240595],[27.926901946,43.240601745],[27.9269015,43.240601]]]]}},{"type":"Feature","properties":{"slug":"gabrovo","name_bg":"Габрово","name_en":"Габрово","source":"OpenStreetMap contributors, ODbL 1.0"},"geometry":{"type":"MultiPolygon","coordinates":[[[[25.24897,42.74266],[25.244069,42.743986],[25.240875382,42.748584329],[25.2498282,42.7426928],[25.24897,42.74266]]],[[[25.239179625,42.749700246],[25.240414,42.74971],[25.240875382,42.748584329],[25.239179625,42.749700246]]],[[[25.239151,42.749689],[25.225912,42.749237],[25.225715128,42.758560749],[25.239179625,42.749700246],[25.239151,42.749689]]],[[[25.178926,42.789351],[25.210254,42.780951],[25.211649,42.774735],[25.221385,42.768368],[25.225715128,42.758560749],[25.178926,42.789351]]],[[[25.178875,42.789461],[25.177979,42.7908],[25.177806405,42.794939719],[25.178926,42.789351],[25.178875,42.789461]]],[[[25.17733058,42.797314911],[25.17811,42.796616],[25.177806405,42.794939719],[25.17733058,42.797314911]]],[[[25.17727,42.797383],[25.167683,42.810193],[25.171951918,42.824163761],[25.17733058,42.797314911],[25.17727,42.797383]]],[[[25.168181145,42.842986454],[25.173846,42.827683],[25.171951918,42.824163761],[25.168181145,42.842986454]]],[[[25.168174,42.842994],[25.160806,42.849033],[25.1651353,42.8581905],[25.168181145,42.842986454],[25.168174,42.842994]]],[[[25.1656607,42.8584098],[25.1660409,42.8585647],[25.166242239,42.858605157],[25.1651353,42.8581905],[25.1656607,42.8584098]]],[[[25.1998934,42.8712108],[25.1968809,42.8662051],[25.188176,42.8651235],[25.189988,42.8618716],[25.175622,42.8610277],[25.1727128,42.856389],[25.166242239,42.858605157],[25.1998934,42.8712108]]],[[[25.207387952,42.871765512],[25.2047208,42.869862],[25.1998934,42.8712108],[25.207387952,42.871765512]]],[[[25.2074389,42.8718022],[25.2081893,42.8722379],[25.211259483,42.872052065],[25.207387952,42.871765512],[25.2074389,42.8718022]]],[[[25.211358852,42.87205942],[25.2112613,42.8720512],[25.211259483,42.872052065],[25.211358852,42.87205942]]],[[[25.212861,42.872186],[25.213909345,42.872248196],[25.211358852,42.87205942],[25.212861,42.872186]]],[[[25.2183963,42.8725803],[25.216202,42.8721964],[25.213909345,42.872248196],[25.2183963,42.8725803]]],[[[25.223052286,42.873176376],[25.222884,42.872435],[25.2183963,42.8725803],[25.223052286,42.873176376]]],[[[25.2232945,42.8733273],[25.223597665,42.873246198],[25.223052286,42.873176376],[25.2232945,42.8733273]]],[[[25.2605268,42.877974],[25.2471158,42.8724859],[25.223597665,42.873246198],[25.2605268,42.877974]]],[[[25.273084704,42.893406618],[25.2750125,42.8891504],[25.2702275,42.88747],[25.2704858,42.880549],[25.2605268,42.877974],[25.273084704,42.893406618]]],[[[25.2726808,42.8941638],[25.2730548,42.8947595],[25.273967841,42.89449192],[25.273084704,42.893406618],[25.2726808,42.8941638]]],[[[25.2946676,42.9199302],[25.2940238,42.9149331],[25.2994097,42.9107057],[25.2918393,42.9041373],[25.2912753,42.893182],[25.273967841,42.89449192],[25.2946676,42.9199302]]],[[[25.329346,42.9174842],[25.3212965,42.913393],[25.2946676,42.9199302],[25.329346,42.9174842]]],[[[25.34917,42.9110986],[25.3426684,42.9114286],[25.329346,42.9174842],[25.34917,42.9110986]]],[[[25.350305614,42.905238062],[25.3491915,42.9064622],[25.34917,42.9110986],[25.350305614,42.905238062]]],[[[25.350436,42.9050948],[25.350451434,42.904485535],[25.350305614,42.905238062],[25.350436,42.9050948]]],[[[25.350824703,42.902559211],[25.350479,42.9033973],[25.350451434,42.904485535],[25.350824703,42.902559211]]],[[[25.352055,42.8995766],[25.3555668,42.8944176],[25.354140928,42.885445245],[25.350824703,42.902559211],[25.352055,42.8995766]]],[[[25.354452125,42.883839256],[25.3538296,42.8848783],[25.354140928,42.885445245],[25.354452125,42.883839256]]],[[[25.3548383,42.8831947],[25.3547103,42.8825069],[25.354452125,42.883839256],[25.3548383,42.8831947]]],[[[25.355189877,42.880681573],[25.3545515,42.8820287],[25.3547103,42.8825069],[25.355189877,42.880681573]]],[[[25.3552119,42.8806351],[25.355205593,42.880621759],[25.355189877,42.880681573],[25.3552119,42.8806351]]],[[[25.356962017,42.873936602],[25.3531571,42.8769529],[25.355205593,42.880621759],[25.356962017,42.873936602]]],[[[25.3570425,42.8738728],[25.356978622,42.873873401],[25.356962017,42.873936602],[25.3570425,42.8738728]]],[[[25.359507075,42.864249815],[25.3553053,42.871833],[25.3555855,42.8738865],[25.356978622,42.873873401],[25.359507075,42.864249815]]],[[[25.3600399,42.8628048],[25.360029623,42.862260937],[25.359507075,42.864249815],[25.3600399,42.8628048]]],[[[25.360696655,42.859722134],[25.3600185,42.8616723],[25.360029623,42.862260937],[25.360696655,42.859722134]]],[[[25.3609404,42.8590212],[25.3610048,42.8585493],[25.360696655,42.859722134],[25.3609404,42.8590212]]],[[[25.364511148,42.856204705],[25.3610692,42.8577786],[25.3610048,42.8585493],[25.364511148,42.856204705]]],[[[25.3666337,42.8556668],[25.3713651,42.8523634],[25.3730261,42.850511],[25.364511148,42.856204705],[25.3666337,42.8556668]]],[[[25.404415,42.812434],[25.3725046,42.8114854],[25.3615219,42.8143589],[25.353925,42.8243082],[25.3589032,42.8304772],[25.3572295,42.8464947],[25.3730261,42.850511],[25.404415,42.812434]]],[[[25.42462977,42.793221623],[25.408064,42.79773],[25.404843,42.801662],[25.404415,42.812434],[25.42462977,42.793221623]]],[[[25.424639,42.793222],[25.424642,42.79321],[25.42462977,42.793221623],[25.424639,42.793222]]],[[[25.424876,42.792931],[25.433016,42.789548],[25.432665,42.783364],[25.438775,42.779809],[25.432417,42.776061],[25.433799845,42.763773191],[25.424876,42.792931]]],[[[25.434424386,42.761765676],[25.433272,42.762394],[25.433799845,42.763773191],[25.434424386,42.761765676]]],[[[25.434433,42.761756],[25.434487,42.761659],[25.434497394,42.761531002],[25.434424386,42.761765676],[25.434433,42.761756]]],[[[25.4346032,42.7611909],[25.43452,42.761305],[25.434497394,42.761531002],[25.4346032,42.7611909]]],[[[25.434551,42.760987],[25.434713,42.749371],[25.42415,42.740156],[25.423206,42.734443],[25.412386,42.73674],[25.4109376,42.7388531],[25.434551,42.760987]]],[[[25.393900461,42.740004798],[25.403362,42.743442],[25.4109376,42.7388531],[25.393900461,42.740004798]]],[[[25.393464,42.739833],[25.389851,42.738777],[25.385868912,42.740547725],[25.393900461,42.740004798],[25.393464,42.739833]]],[[[25.383481225,42.740709131],[25.384431,42.74103],[25.385868912,42.740547725],[25.383481225,42.740709131]]],[[[25.383365,42.74066],[25.381968,42.74049],[25.375700585,42.741235097],[25.383481225,42.740709131],[25.383365,42.74066]]],[[[25.374123695,42.741341694],[25.374708,42.741403],[25.375700585,42.741235097],[25.374123695,42.741341694]]],[[[25.37403,42.741328],[25.373159,42.741345],[25.372205969,42.741471331],[25.374123695,42.741341694],[25.37403,42.741328]]],[[[25.371988965,42.741486],[25.372122,42.741486],[25.372205969,42.741471331],[25.371988965,42.741486]]],[[[25.371982,42.741486],[25.371915,42.741491],[25.371988965,42.741486],[25.371982,42.741486]]],[[[25.31768,42.757048],[25.3196495,42.7609748],[25.3160931,42.7666407],[25.3069903,42.7695402],[25.3109011,42.781641],[25.3080666,42.7962467],[25.3136363,42.7966226],[25.3116524,42.801455],[25.3413301,42.8064904],[25.3500079,42.8020245],[25.3558651,42.804171],[25.3613199,42.8012176],[25.3679074,42.7934396],[25.3695167,42.7827788],[25.3770054,42.7675796],[25.3783787,42.7591515],[25.3724349,42.7511004],[25.3732626,42.742786],[25.31768,42.757048]]],[[[25.317503,42.757171],[25.317663,42.757099],[25.31768,42.757048],[25.317503,42.757171]]],[[[25.314803709,42.75659352],[25.317188,42.757302],[25.317589,42.757336],[25.317503,42.757171],[25.314803709,42.75659352]]],[[[25.314538,42.756493],[25.312791,42.75534],[25.305295718,42.7545594],[25.314803709,42.75659352],[25.314538,42.756493]]],[[[25.2498282,42.7426928],[25.26727,42.76483],[25.275139,42.763942],[25.280859,42.758061],[25.282456,42.750156],[25.291153,42.754523],[25.305295718,42.7545594],[25.2498282,42.7426928]]]]}},{"type":"Feature","properties":{"slug":"veliko-tarnovo","name_bg":"Велико Търново","name_en":"Велико Търново","source":"OpenStreetMap contributors, ODbL 1.0"},"geometry":{"type":"MultiPolygon","coordinates":[[[[25.5675164,43.0560179],[25.567703489,43.056141458],[25.5672335,43.0549369],[25.5672069,43.0554299],[25.5675164,43.0560179]]],[[[25.573275337,43.070421817],[25.5838896,43.066928],[25.588358,43.0670492],[25.5848497,43.0628582],[25.567703489,43.056141458],[25.573275337,43.070421817]]],[[[25.5732344,43.0705127],[25.5722269,43.0718287],[25.574455057,43.073445377],[25.573275337,43.070421817],[25.5732344,43.0705127]]],[[[25.575330973,43.075690304],[25.5755265,43.0742726],[25.574455057,43.073445377],[25.575330973,43.075690304]]],[[[25.5752685,43.0761119],[25.5759175,43.0771971],[25.5762409,43.0780224],[25.575330973,43.075690304],[25.5752685,43.0761119]]],[[[25.5764037,43.0784642],[25.576732578,43.078546783],[25.5762409,43.0780224],[25.5764037,43.0784642]]],[[[25.5874743,43.090003],[25.5852517,43.0813698],[25.576732578,43.078546783],[25.5874743,43.090003]]],[[[25.6161076,43.0995374],[25.6187322,43.0967386],[25.614744,43.097366],[25.6148561,43.0946652],[25.609124,43.092316],[25.5874743,43.090003],[25.6161076,43.0995374]]],[[[25.624321,43.120582],[25.6275822,43.1161852],[25.622328,43.1084745],[25.6236916,43.1046559],[25.6161076,43.0995374],[25.624321,43.120582]]],[[[25.626409484,43.120563674],[25.625096,43.120444],[25.624321,43.120582],[25.626409484,43.120563674]]],[[[25.62645,43.120569],[25.628267,43.12069],[25.629100295,43.120540062],[25.626409484,43.120563674],[25.62645,43.120569]]],[[[25.634348567,43.120494008],[25.63149,43.119643],[25.629100295,43.120540062],[25.634348567,43.120494008]]],[[[25.635117,43.120498],[25.6351928,43.1204866],[25.634348567,43.120494008],[25.635117,43.120498]]],[[[25.6365602,43.1198404],[25.637666,43.118962],[25.63755993,43.118357134],[25.6351928,43.1204866],[25.6365602,43.1198404]]],[[[25.6739033,43.0856627],[25.6561793,43.0990758],[25.65354,43.0960675],[25.649463,43.0987155],[25.6438626,43.0966629],[25.6392706,43.104951],[25.63755993,43.118357134],[25.6739033,43.0856627]]],[[[25.6753625,43.0850202],[25.6743325,43.0825284],[25.6685818,43.0819328],[25.6739033,43.0856627],[25.6753625,43.0850202]]],[[[25.668712466,43.076312715],[25.6661111,43.0792926],[25.6623896,43.0809987],[25.6685818,43.0819328],[25.668712466,43.076312715]]],[[[25.669951,43.075727],[25.668734864,43.075349373],[25.668712466,43.076312715],[25.669951,43.075727]]],[[[25.668943708,43.066366739],[25.6653019,43.0738135],[25.668734864,43.075349373],[25.668943708,43.066366739]]],[[[25.6689737,43.0663415],[25.668961,43.065623],[25.668943708,43.066366739],[25.6689737,43.0663415]]],[[[25.6314612,43.0578343],[25.6373854,43.062157],[25.6353622,43.0661146],[25.668961,43.065623],[25.6314612,43.0578343]]],[[[25.6299874,43.0571166],[25.6265933,43.0561932],[25.619217408,43.057281966],[25.6314612,43.0578343],[25.6299874,43.0571166]]],[[[25.616592132,43.057163536],[25.6173137,43.0576839],[25.619217408,43.057281966],[25.616592132,43.057163536]]],[[[25.6163221,43.0569688],[25.6125269,43.0564309],[25.604039209,43.056597256],[25.616592132,43.057163536],[25.6163221,43.0569688]]],[[[25.602799686,43.05654134],[25.6033606,43.0566128],[25.604039209,43.056597256],[25.602799686,43.05654134]]],[[[25.6022303,43.0564688],[25.5985908,43.0552111],[25.596654003,43.056264099],[25.602799686,43.05654134],[25.6022303,43.0564688]]],[[[25.585391496,43.055756032],[25.5897638,43.0579779],[25.596654003,43.056264099],[25.585391496,43.055756032]]],[[[25.585086,43.055493],[25.581932,43.0553132],[25.57773508,43.055410641],[25.585391496,43.055756032],[25.585086,43.055493]]],[[[25.5672335,43.0549369],[25.5715679,43.0560187],[25.57773508,43.055410641],[25.5672335,43.0549369]]]]}},{"type":"Feature","properties":{"slug":"kyustendil","name_bg":"Кюстендил","name_en":"Kyustendil","source":"OpenStreetMap contributors, ODbL 1.0"},"geometry":{"type":"MultiPolygon","coordinates":[[[[22.6727223,42.3115362],[22.6716369,42.3135679],[22.6907848,42.306098],[22.7034934,42.30693],[22.707016,42.3023989],[22.7202677,42.307171],[22.7337334,42.2997616],[22.72999,42.2938728],[22.7327533,42.2944579],[22.7209874,42.2863549],[22.7172166,42.2792648],[22.7102475,42.2783134],[22.7062415,42.2699033],[22.6930126,42.2656243],[22.6852765,42.2672761],[22.6734349,42.2537148],[22.6670929,42.2601357],[22.6681496,42.2655868],[22.6631194,42.2697794],[22.6630952,42.2740447],[22.6535518,42.2704739],[22.6469627,42.2718889],[22.665302,42.2749625],[22.6634424,42.2781738],[22.6681814,42.2868168],[22.6727223,42.3115362]]]]}},{"type":"Feature","properties":{"slug":"burgas","name_bg":"Бургас","name_en":"Burgas","source":"OpenStreetMap contributors, ODbL 1.0"},"geometry":{"type":"MultiPolygon","coordinates":[[[[27.4201846,42.4305286],[27.4283049,42.4391517],[27.43839,42.4350026],[27.4509801,42.4354057],[27.4575912,42.4392775],[27.4872652,42.4293704],[27.4892982,42.4226805],[27.4201846,42.4305286]]],[[[27.4198747,42.4303107],[27.4026,42.4242674],[27.386708,42.423064],[27.4201846,42.4305286],[27.4198747,42.4303107]]],[[[27.3321945,42.4693066],[27.348601,42.470899],[27.34736,42.467676],[27.359316,42.458402],[27.368433,42.455965],[27.371836,42.441126],[27.386708,42.423064],[27.3321945,42.4693066]]],[[[27.330335,42.469088],[27.322115,42.473214],[27.323996812,42.483614757],[27.3321945,42.4693066],[27.330335,42.469088]]],[[[27.321080565,42.488704742],[27.324792,42.48903],[27.323996812,42.483614757],[27.321080565,42.488704742]]],[[[27.319784,42.488599],[27.318853,42.487264],[27.318265,42.493619],[27.321080565,42.488704742],[27.319784,42.488599]]],[[[27.319857,42.519753],[27.3293508,42.5061256],[27.3217181,42.5014095],[27.3219663,42.4937263],[27.3194862,42.4935682],[27.319857,42.519753]]],[[[27.360315506,42.557260912],[27.35998,42.550177],[27.337263,42.535413],[27.344637,42.527582],[27.319857,42.519753],[27.360315506,42.557260912]]],[[[27.360387,42.558763],[27.368466,42.564817],[27.360315506,42.557260912],[27.360387,42.558763]]],[[[27.365261522,42.59182904],[27.3742961,42.5853228],[27.3684035,42.5807566],[27.379291,42.572891],[27.368466,42.564817],[27.365261522,42.59182904]]],[[[27.3596451,42.5958737],[27.3516487,42.6019559],[27.363044999,42.610513154],[27.365261522,42.59182904],[27.3596451,42.5958737]]],[[[27.362483918,42.61524277],[27.3662932,42.6131023],[27.363044999,42.610513154],[27.362483918,42.61524277]]],[[[27.3613755,42.6158656],[27.3582122,42.6134534],[27.359295,42.6172001],[27.3505961,42.6226211],[27.3562191,42.6274253],[27.3554023,42.6341336],[27.3596665,42.6389921],[27.3613755,42.6158656]]],[[[27.3965838,42.6491049],[27.3753487,42.638401],[27.3596665,42.6389921],[27.3965838,42.6491049]]],[[[27.3966828,42.6491908],[27.4139038,42.6497981],[27.417380985,42.646477245],[27.3965838,42.6491049],[27.3966828,42.6491908]]],[[[27.4742851,42.6392876],[27.4598298,42.6333522],[27.4611611,42.6278872],[27.4540255,42.6215287],[27.4556648,42.6138241],[27.4405701,42.6180612],[27.4383623,42.6129109],[27.4312122,42.6139809],[27.4283871,42.6105338],[27.4221429,42.6246096],[27.4176439,42.6246797],[27.4238247,42.6274302],[27.4258724,42.6336505],[27.417380985,42.646477245],[27.4742851,42.6392876]]],[[[27.4744293,42.6399527],[27.4835849,42.6487542],[27.4850988,42.64434],[27.5003623,42.6462405],[27.5072453,42.6396901],[27.4744293,42.6399527]]],[[[27.515492352,42.615135045],[27.509748,42.614113],[27.510887,42.61718],[27.506583,42.620386],[27.50644934,42.63968038],[27.515492352,42.615135045]]],[[[27.515706,42.615191],[27.522422,42.604414],[27.520597921,42.59993355],[27.515492352,42.615135045],[27.515706,42.615191]]],[[[27.522268,42.594961],[27.519294,42.599072],[27.520597921,42.59993355],[27.522268,42.594961]]],[[[27.528678304,42.581929779],[27.524199,42.585581],[27.515543,42.579645],[27.505198,42.589533],[27.51449,42.58925],[27.522268,42.594961],[27.528678304,42.581929779]]],[[[27.536085,42.575853],[27.536806,42.569036],[27.540338,42.568754],[27.5399972,42.5589201],[27.528678304,42.581929779],[27.536085,42.575853]]],[[[27.4889063,42.5242648],[27.5092559,42.5507726],[27.5175675,42.5551617],[27.5178374,42.5520368],[27.5189353,42.5557444],[27.5290886,42.558991],[27.5399972,42.5589201],[27.4889063,42.5242648]]],[[[27.4919989,42.4459351],[27.4794174,42.4614223],[27.4718984,42.452517],[27.476598,42.4504091],[27.4685664,42.4432474],[27.4647851,42.4498345],[27.4518411,42.4566833],[27.4537503,42.4590834],[27.4505493,42.4571926],[27.4425754,42.4618744],[27.4491201,42.4634544],[27.4500872,42.4621921],[27.456051,42.4598412],[27.4471502,42.4659709],[27.4465838,42.4737514],[27.4519725,42.4816336],[27.4494335,42.4824747],[27.45682,42.4897992],[27.4595149,42.4874953],[27.4570373,42.4828072],[27.4597793,42.4812022],[27.4638525,42.4865707],[27.4680394,42.4865377],[27.4661453,42.4778591],[27.4695056,42.4767121],[27.4733596,42.4834629],[27.4787004,42.4834289],[27.4767194,42.4729544],[27.4794657,42.4835399],[27.4699427,42.487628],[27.4796875,42.4888044],[27.4834907,42.4815168],[27.4846549,42.5084058],[27.4889063,42.5242648],[27.4919989,42.4459351]]],[[[27.532690335,42.445644414],[27.5283572,42.4390596],[27.5317905,42.437005],[27.5245846,42.4353605],[27.5217972,42.4301511],[27.5101458,42.4275308],[27.508909,42.438168],[27.4919989,42.4459351],[27.532690335,42.445644414]]],[[[27.5328802,42.4457039],[27.5395031,42.4498823],[27.5326659,42.4547991],[27.5396686,42.4573238],[27.559237,42.447558],[27.5704041,42.445375],[27.5328802,42.4457039]]],[[[27.570459,42.444429],[27.570475,42.444231],[27.56904866,42.444071793],[27.5704041,42.445375],[27.570459,42.444429]]],[[[27.561993471,42.43728848],[27.565092,42.442419],[27.56904866,42.444071793],[27.561993471,42.43728848]]],[[[27.5618,42.436983],[27.560419,42.435343],[27.558270551,42.433709026],[27.561993471,42.43728848],[27.5618,42.436983]]],[[[27.547610812,42.423460068],[27.546766,42.427789],[27.558270551,42.433709026],[27.547610812,42.423460068]]],[[[27.548917,42.422167],[27.551134,42.420469],[27.548345,42.415674],[27.539032061,42.415211904],[27.548917,42.422167]]],[[[27.537106336,42.413360388],[27.538,42.415254],[27.539032061,42.415211904],[27.537106336,42.413360388]]],[[[27.536894,42.412935],[27.536528,42.412569],[27.535914,42.412214],[27.537106336,42.413360388],[27.536894,42.412935]]],[[[27.522904517,42.415134979],[27.5306104,42.415436],[27.535914,42.412214],[27.522904517,42.415134979]]],[[[27.5223005,42.4147493],[27.5188158,42.4141079],[27.515499777,42.416797542],[27.522904517,42.415134979],[27.5223005,42.4147493]]],[[[27.490298174,42.422455979],[27.5039362,42.4259059],[27.5056866,42.4212486],[27.5104353,42.4230135],[27.5161079,42.4194298],[27.515499777,42.416797542],[27.490298174,42.422455979]]],[[[27.4902191,42.4223567],[27.4894142,42.4223648],[27.4892982,42.4226805],[27.490298174,42.422455979],[27.4902191,42.4223567]]]]}},{"type":"Feature","properties":{"slug":"vidin","name_bg":"Видин","name_en":"Vidin","source":"OpenStreetMap contributors, ODbL 1.0"},"geometry":{"type":"MultiPolygon","coordinates":[[[[22.8444406,43.9387495],[22.835574642,43.943019403],[22.8620299,43.9339177],[22.8504989,43.9360256],[22.8444406,43.9387495]]],[[[22.827742038,43.945714142],[22.8336077,43.9486276],[22.835574642,43.943019403],[22.827742038,43.945714142]]],[[[22.8271089,43.9454058],[22.8268429,43.9452763],[22.8249175,43.9466859],[22.827742038,43.945714142],[22.8271089,43.9454058]]],[[[22.7876921,43.9707134],[22.7995171,43.9713566],[22.8083194,43.9775524],[22.8206404,43.9781199],[22.8326297,43.9533958],[22.8249175,43.9466859],[22.7876921,43.9707134]]],[[[22.7876642,43.9707166],[22.7837691,43.9785875],[22.776628,43.9821666],[22.7810332,43.9892778],[22.7907235,43.989954],[22.7876642,43.9707166]]],[[[22.8112558,44.0104112],[22.8092903,44.0035572],[22.8228301,43.9980777],[22.8234309,43.9937339],[22.7966496,43.9956712],[22.796347,43.9873967],[22.7932035,43.9873411],[22.7907235,43.989954],[22.8112558,44.0104112]]],[[[22.8306713,44.0129779],[22.8291308,44.0060126],[22.8253944,44.0101791],[22.8112558,44.0104112],[22.8306713,44.0129779]]],[[[22.838911944,44.01644262],[22.8456116,44.0106594],[22.8358666,44.009799],[22.8306713,44.0129779],[22.838911944,44.01644262]]],[[[22.838404,44.0169038],[22.8368215,44.0183528],[22.8401925,44.0199946],[22.842611272,44.017997976],[22.838404,44.0169038]]],[[[22.852475994,44.022145528],[22.8529415,44.0130768],[22.842611272,44.017997976],[22.852475994,44.022145528]]],[[[22.852389,44.0222466],[22.8507039,44.0239843],[22.85652072,44.023846104],[22.852475994,44.022145528],[22.852389,44.0222466]]],[[[22.8590773,44.024921],[22.8576486,44.0237901],[22.85652072,44.023846104],[22.8590773,44.024921]]],[[[22.8834385,44.0690851],[22.8869554,44.0332431],[22.8851765,44.0248542],[22.8825287,44.0228454],[22.8590773,44.024921],[22.8834385,44.0690851]]],[[[22.8890085,44.076189877],[22.888089,44.069005],[22.8834385,44.0690851],[22.8890085,44.076189877]]],[[[22.889054,44.076272],[22.891725,44.081223],[22.900156,44.090409],[22.8890085,44.076189877],[22.889054,44.076272]]],[[[22.91139408,44.093748933],[22.908216,44.087209],[22.900156,44.090409],[22.91139408,44.093748933]]],[[[22.911512,44.093992],[22.913523,44.098118],[22.919855,44.0962635],[22.91139408,44.093748933],[22.911512,44.093992]]],[[[22.9198264,44.0961684],[22.9184237,44.091553],[22.917775704,44.091460552],[22.919855,44.0962635],[22.9198264,44.0961684]]],[[[22.916669131,44.08890449],[22.9159389,44.0911985],[22.917775704,44.091460552],[22.916669131,44.08890449]]],[[[22.9171234,44.087438],[22.9176126,44.0859028],[22.915005368,44.085061377],[22.916669131,44.08890449],[22.9171234,44.087438]]],[[[22.9114698,44.0768946],[22.9136043,44.0843369],[22.915005368,44.085061377],[22.9114698,44.0768946]]],[[[22.918219,44.0214201],[22.911829,44.0230379],[22.9032945,44.0162332],[22.8894092,44.0143185],[22.8869694,44.0195635],[22.9114698,44.0768946],[22.918219,44.0214201]]],[[[22.921985396,44.011735589],[22.9184436,44.0103464],[22.918219,44.0214201],[22.921985396,44.011735589]]],[[[22.9221109,44.0117847],[22.9226922,44.0108248],[22.922560429,44.01025701],[22.921985396,44.011735589],[22.9221109,44.0117847]]],[[[22.9263894,44.0004116],[22.9202632,44.008868],[22.9207996,44.0096612],[22.922560429,44.01025701],[22.9263894,44.0004116]]],[[[22.8620299,43.9339177],[22.8829561,43.9843054],[22.8905511,43.9894985],[22.9263894,44.0004116],[22.8620299,43.9339177]]]]}},{"type":"Feature","properties":{"slug":"montana","name_bg":"Монтана","name_en":"Montana","source":"OpenStreetMap contributors, ODbL 1.0"},"geometry":{"type":"MultiPolygon","coordinates":[[[[23.095014,43.37116],[23.084686,43.36738],[23.08233,43.369851],[23.086057,43.372664],[23.080930405,43.374890243],[23.095014,43.37116]]],[[[23.080240223,43.375033551],[23.080703,43.37524],[23.080930405,43.374890243],[23.080240223,43.375033551]]],[[[23.080207,43.374994],[23.081058,43.373685],[23.078233459,43.375450231],[23.080240223,43.375033551],[23.080207,43.374994]]],[[[23.077883,43.375523],[23.078078,43.37549],[23.078233459,43.375450231],[23.077883,43.375523]]],[[[22.999932,43.470171],[22.997282,43.475313],[23.009969,43.494023],[23.026495,43.504235],[23.033231,43.496805],[23.041111,43.494299],[23.042992,43.489377],[23.039603,43.482686],[23.046108,43.477929],[23.045781,43.470503],[23.048735,43.46802],[23.058619,43.465491],[23.057498,43.468286],[23.065067,43.46128],[23.078382,43.462273],[23.073975,43.459002],[23.080373,43.436241],[23.095174,43.429006],[23.08661,43.410541],[23.086931,43.401688],[23.095895,43.39717],[23.092729,43.390114],[23.077883,43.375523],[22.999932,43.470171]]],[[[22.999852,43.470169],[23.000361,43.467707],[22.983625,43.467264],[22.949617,43.476096],[22.926012,43.475824],[22.911546,43.480519],[22.913594,43.488834],[22.908591,43.492371],[22.910944179,43.498333223],[22.999852,43.470169]]],[[[22.879641996,43.508239511],[22.887889,43.511886],[22.896914,43.510647],[22.901673,43.515758],[22.909225,43.508906],[22.91163,43.499459],[22.879641996,43.508239511]]],[[[22.879618,43.508221],[22.868168,43.51009],[22.866524605,43.512390809],[22.879641996,43.508239511],[22.879618,43.508221]]],[[[22.862827,43.513561],[22.865781,43.515196],[22.866524605,43.512390809],[22.862827,43.513561]]],[[[22.862809,43.513607],[22.864015,43.519988],[22.873936,43.524108],[22.883046,43.533166],[22.880292,43.534372],[22.884972,43.543266],[22.883028,43.548409],[22.88847,43.553709],[22.897366,43.555365],[22.911778,43.566476],[22.917768,43.565676],[22.917319,43.571803],[22.922463,43.575805],[22.942154,43.576689],[22.862809,43.513607]]],[[[23.058938,43.594619],[23.058428,43.591406],[23.048713,43.589235],[23.028907,43.589662],[22.964203,43.564238],[22.938890237,43.574091715],[22.942154,43.576689],[23.058938,43.594619]]],[[[23.058943,43.594651],[23.064395,43.596757],[23.073644398,43.592146602],[23.058938,43.594619],[23.058943,43.594651]]],[[[23.162134942,43.577269826],[23.159366,43.567144],[23.157119,43.567754],[23.157873,43.557909],[23.119721,43.556168],[23.12047,43.564047],[23.108911,43.574713],[23.073644398,43.592146602],[23.162134942,43.577269826]]],[[[23.162187,43.577426],[23.162803,43.577533],[23.164281004,43.576909036],[23.162134942,43.577269826],[23.162187,43.577426]]],[[[23.175966624,43.574944483],[23.172024,43.574182],[23.164281004,43.576909036],[23.175966624,43.574944483]]],[[[23.176143,43.574968],[23.176325,43.574922],[23.176369786,43.574876705],[23.175966624,43.574944483],[23.176143,43.574968]]],[[[23.17767398,43.574657447],[23.176658,43.574402],[23.176114,43.574547],[23.176369786,43.574876705],[23.17767398,43.574657447]]],[[[23.177646,43.574966],[23.177865,43.574947],[23.178107378,43.574584586],[23.17767398,43.574657447],[23.177646,43.574966]]],[[[23.178302302,43.574551816],[23.17825,43.574517],[23.178107378,43.574584586],[23.178302302,43.574551816]]],[[[23.178582,43.574738],[23.178795,43.574557],[23.179306204,43.574383043],[23.178302302,43.574551816],[23.178582,43.574738]]],[[[23.1795816,43.574336744],[23.179333,43.574246],[23.179306204,43.574383043],[23.1795816,43.574336744]]],[[[23.179596,43.574342],[23.179749212,43.574308565],[23.1795816,43.574336744],[23.179596,43.574342]]],[[[23.180508,43.574181],[23.18043,43.57416],[23.179749212,43.574308565],[23.180508,43.574181]]],[[[23.181325898,43.574114464],[23.180991,43.573979],[23.180496,43.573893],[23.180508,43.574181],[23.181325898,43.574114464]]],[[[23.181375,43.574132],[23.181758,43.574173],[23.181816238,43.574074574],[23.181325898,43.574114464],[23.181375,43.574132]]],[[[23.269304473,43.56695738],[23.264749,43.560382],[23.234103,43.558852],[23.232304,43.5455],[23.211774,43.553439],[23.205179,43.557655],[23.206936,43.560685],[23.203471,43.563597],[23.18842,43.567225],[23.190325,43.572022],[23.181816238,43.574074574],[23.269304473,43.56695738]]],[[[23.269324,43.566967],[23.282881,43.569028],[23.301577,43.564332],[23.269304473,43.56695738],[23.269324,43.566967]]],[[[23.329812,43.563515],[23.316021,43.563872],[23.301577,43.564332],[23.329812,43.563515]]],[[[23.406072783,43.425619295],[23.400327,43.429659],[23.393565,43.425936],[23.371872,43.437021],[23.36647,43.436328],[23.358279,43.426788],[23.351565,43.424312],[23.335814,43.437523],[23.327836,43.439348],[23.325644,43.437078],[23.3273,43.441804],[23.324056,43.444292],[23.324469,43.44903],[23.296349,43.466755],[23.269934,43.474662],[23.234899,43.492471],[23.235557,43.494509],[23.239789,43.503075],[23.248831,43.510693],[23.272904,43.502589],[23.282564,43.510051],[23.295881,43.509668],[23.293695,43.512549],[23.296555,43.517704],[23.313945,43.521391],[23.314894,43.539821],[23.329812,43.563515],[23.406072783,43.425619295]]],[[[23.406082,43.425615],[23.406329,43.425156],[23.406072783,43.425619295],[23.406082,43.425615]]],[[[23.406452,43.424927],[23.406200878,43.424829081],[23.406329,43.425156],[23.406452,43.424927]]],[[[23.406117713,43.424616873],[23.405916,43.424718],[23.406200878,43.424829081],[23.406117713,43.424616873]]],[[[23.408521,43.423412],[23.415021,43.418509],[23.417152,43.412029],[23.413131,43.406729],[23.417402,43.38971],[23.413073,43.390825],[23.398473,43.384383],[23.395426,43.37136],[23.385982,43.372649],[23.384223516,43.368751001],[23.406117713,43.424616873],[23.408521,43.423412]]],[[[23.383093327,43.365867179],[23.383158,43.367381],[23.384223516,43.368751001],[23.383093327,43.365867179]]],[[[23.382983,43.365094],[23.382243,43.359441],[23.379597732,43.356947716],[23.383093327,43.365867179],[23.382983,43.365094]]],[[[23.378714458,43.354693929],[23.378377,43.356141],[23.379597732,43.356947716],[23.378714458,43.354693929]]],[[[23.378715,43.354688],[23.379857,43.35255],[23.376574909,43.349234594],[23.378714458,43.354693929],[23.378715,43.354688]]],[[[23.37656948,43.349220741],[23.376572,43.349231],[23.376574909,43.349234594],[23.37656948,43.349220741]]],[[[23.376558,43.349174],[23.3765135,43.3490779],[23.37656948,43.349220741],[23.376558,43.349174]]],[[[23.376503,43.348999],[23.380277,43.340371],[23.359064,43.331446],[23.353188,43.323514],[23.355056,43.321104],[23.351132,43.312873],[23.340195,43.311328],[23.338385,43.307238],[23.334255,43.306513],[23.335122,43.303894],[23.332093483,43.304375884],[23.376503,43.348999]]],[[[23.330937562,43.303212625],[23.331791,43.3044],[23.332093483,43.304375884],[23.330937562,43.303212625]]],[[[23.33093,43.303159],[23.333043,43.29913],[23.328456,43.299118],[23.326847,43.294705],[23.324312,43.296545],[23.33093,43.303159]]],[[[23.321065201,43.298744472],[23.322692,43.297907],[23.324312,43.296545],[23.321065201,43.298744472]]],[[[23.320626,43.298996],[23.316449,43.300272],[23.315896,43.301217],[23.31656577,43.301792511],[23.320626,43.298996]]],[[[23.310097897,43.306174028],[23.314706,43.304126],[23.317279,43.302404],[23.31656577,43.301792511],[23.310097897,43.306174028]]],[[[23.306429,43.307641],[23.303765,43.306099],[23.302705717,43.311181696],[23.310097897,43.306174028],[23.306429,43.307641]]],[[[23.301813073,43.311786398],[23.302468,43.311546],[23.302705717,43.311181696],[23.301813073,43.311786398]]],[[[23.301779,43.311799],[23.301101,43.312078],[23.3008943,43.3124088],[23.301813073,43.311786398],[23.301779,43.311799]]],[[[23.3008926,43.3124123],[23.300893511,43.312412879],[23.3008943,43.3124088],[23.3008926,43.3124123]]],[[[23.299875566,43.317678057],[23.3010199,43.3147614],[23.300893511,43.312412879],[23.299875566,43.317678057]]],[[[23.2998539,43.3177058],[23.2935141,43.3232291],[23.2962238,43.3365663],[23.299875566,43.317678057],[23.2998539,43.3177058]]],[[[23.2278372,43.3332765],[23.2425761,43.3444633],[23.2506895,43.3425424],[23.2618192,43.3478291],[23.2782077,43.3365717],[23.2962238,43.3365663],[23.2278372,43.3332765]]],[[[23.219159805,43.337304671],[23.224639,43.335409],[23.2278372,43.3332765],[23.219159805,43.337304671]]],[[[23.218931,43.33735],[23.213098,43.337589],[23.210955398,43.341113274],[23.219159805,43.337304671],[23.218931,43.33735]]],[[[23.210084106,43.34151774],[23.210842,43.341352],[23.210955398,43.341113274],[23.210084106,43.34151774]]],[[[23.209806,43.341568],[23.202999,43.343342],[23.203048,43.344161],[23.203946775,43.344366777],[23.209806,43.341568]]],[[[23.184535,43.353378],[23.202889,43.348032],[23.20422,43.344593],[23.203946775,43.344366777],[23.184535,43.353378]]],[[[23.096339396,43.371690752],[23.134546,43.384131],[23.142314,43.384171],[23.132572,43.379494],[23.128861,43.370466],[23.131577,43.366803],[23.138277,43.368734],[23.145712,43.364079],[23.159039,43.369647],[23.17225,43.365229],[23.176763,43.368825],[23.185941,43.363008],[23.184535,43.353378],[23.096339396,43.371690752]]]]}},{"type":"Feature","properties":{"slug":"vratsa","name_bg":"Враца","name_en":"Vratsa","source":"OpenStreetMap contributors, ODbL 1.0"},"geometry":{"type":"MultiPolygon","coordinates":[[[[23.440522,43.150175],[23.424408,43.15253],[23.414001,43.161098],[23.440686876,43.151609689],[23.440522,43.150175]]],[[[23.401421393,43.166243356],[23.410637,43.167495],[23.409479,43.164838],[23.414001,43.161098],[23.401421393,43.166243356]]],[[[23.401309,43.166247],[23.401168,43.166347],[23.401421393,43.166243356],[23.401309,43.166247]]],[[[23.400633,43.166335],[23.392937,43.170087],[23.389194,43.177809],[23.390895,43.180281],[23.400633,43.166335]]],[[[23.390921,43.180443],[23.391069532,43.180643188],[23.390895,43.180281],[23.390921,43.180443]]],[[[23.3928752,43.1843903],[23.393144,43.183739],[23.391069532,43.180643188],[23.3928752,43.1843903]]],[[[23.392831,43.184496],[23.392712,43.184829],[23.3927419,43.1850001],[23.3928752,43.1843903],[23.392831,43.184496]]],[[[23.392731,43.185011],[23.392852153,43.185133212],[23.3927419,43.1850001],[23.392731,43.185011]]],[[[23.393076914,43.185404576],[23.393074,43.185357],[23.392852153,43.185133212],[23.393076914,43.185404576]]],[[[23.393114,43.18601],[23.393185,43.186598],[23.394198736,43.186758994],[23.393076914,43.185404576],[23.393114,43.18601]]],[[[23.398561731,43.192026608],[23.398524,43.187499],[23.394198736,43.186758994],[23.398561731,43.192026608]]],[[[23.398555,43.19205],[23.398662,43.192363],[23.399170952,43.192762144],[23.398561731,43.192026608],[23.398555,43.19205]]],[[[23.399436379,43.193082604],[23.399246,43.192821],[23.399170952,43.192762144],[23.399436379,43.193082604]]],[[[23.399452,43.193384],[23.400668,43.196222],[23.4030733,43.1974736],[23.399436379,43.193082604],[23.399452,43.193384]]],[[[23.4064957,43.1990762],[23.404673,43.19763],[23.4030733,43.1974736],[23.4064957,43.1990762]]],[[[23.412537,43.257594],[23.430666,43.249076],[23.43756,43.249088],[23.442054,43.242654],[23.45059,43.239474],[23.448461,43.236612],[23.450517,43.234837],[23.472504,43.225907],[23.471975,43.222856],[23.460469,43.214237],[23.462138,43.21179],[23.454915,43.214734],[23.447035,43.205945],[23.412659,43.203206],[23.4064957,43.1990762],[23.412537,43.257594]]],[[[23.41255,43.257616],[23.412591057,43.257651459],[23.412537,43.257594],[23.41255,43.257616]]],[[[23.42038956,43.265940639],[23.420605,43.262567],[23.412591057,43.257651459],[23.42038956,43.265940639]]],[[[23.420244,43.26822],[23.422955,43.271413],[23.421763,43.285127],[23.435548,43.29374],[23.44156,43.293637],[23.437715,43.296598],[23.44449,43.298792],[23.437526,43.315711],[23.452299,43.325999],[23.458934,43.326857],[23.466698,43.321789],[23.474517,43.32851],[23.471639,43.332818],[23.483284,43.342312],[23.492776,43.345536],[23.492418,43.35032],[23.500003559,43.350563917],[23.42038956,43.265940639],[23.420244,43.26822]]],[[[23.572263551,43.427370477],[23.581055,43.420081],[23.585459,43.408031],[23.583721,43.401679],[23.588135,43.39964],[23.584855,43.3965],[23.596508,43.391482],[23.595564,43.379746],[23.600337,43.376253],[23.581597,43.372332],[23.573787,43.364128],[23.561607,43.361479],[23.545854,43.359212],[23.534546,43.366412],[23.526379,43.365457],[23.525744,43.36115],[23.516837,43.360583],[23.512986,43.355471],[23.508851,43.356215],[23.50681,43.351798],[23.500003559,43.350563917],[23.572263551,43.427370477]]],[[[23.572262,43.427372],[23.562537,43.435087],[23.570676,43.440148],[23.58831,43.46264],[23.594977,43.469194],[23.608193,43.473693],[23.606799,43.481336],[23.619804,43.486789],[23.618169,43.490627],[23.63196,43.490823],[23.572262,43.427372]]],[[[23.634810684,43.488162341],[23.632094,43.488095],[23.63196,43.490823],[23.634810684,43.488162341]]],[[[23.635227,43.48815],[23.635001454,43.487984287],[23.634810684,43.488162341],[23.635227,43.48815]]],[[[23.767468882,43.364347036],[23.760139,43.366973],[23.747948,43.360357],[23.740968,43.367181],[23.739344,43.379346],[23.733633,43.382819],[23.734186,43.387013],[23.70034,43.399978],[23.696695,43.404311],[23.686539,43.402704],[23.673578,43.411136],[23.670591,43.414894],[23.673745,43.415612],[23.675123,43.42087],[23.673146,43.428518],[23.642774,43.440245],[23.647243,43.447082],[23.635301,43.468973],[23.638204,43.473746],[23.633355,43.477474],[23.633953,43.487212],[23.767468882,43.364347036]]],[[[23.767567,43.364337],[23.767785,43.364254],[23.767822969,43.364016552],[23.767468882,43.364347036],[23.767567,43.364337]]],[[[23.76918515,43.362745172],[23.768065,43.362108],[23.767044,43.362146],[23.767822969,43.364016552],[23.76918515,43.362745172]]],[[[23.769857,43.362755],[23.769838421,43.362135448],[23.76918515,43.362745172],[23.769857,43.362755]]],[[[23.775361,43.356981],[23.769694,43.357195],[23.769838421,43.362135448],[23.775361,43.356981]]],[[[23.791673371,43.341430176],[23.788622,43.338157],[23.786706,43.34152],[23.777461,43.344182],[23.775361,43.356981],[23.791673371,43.341430176]]],[[[23.792267,43.341383],[23.796054,43.341466],[23.798770325,43.334664545],[23.791673371,43.341430176],[23.792267,43.341383]]],[[[23.800990992,43.33254755],[23.799884,43.333426],[23.798770325,43.334664545],[23.800990992,43.33254755]]],[[[23.801156,43.332425],[23.844355,43.300302],[23.867409,43.309952],[23.891137,43.306017],[23.882025,43.291192],[23.885471,43.286777],[23.88233,43.280026],[23.885845,43.278098],[23.877103,43.272446],[23.882532,43.266149],[23.875971,43.261068],[23.801156,43.332425]]],[[[23.847306,43.26038],[23.863618,43.263356],[23.875971,43.261068],[23.847306,43.26038]]],[[[23.844124895,43.259996885],[23.84551,43.261137],[23.847306,43.260404],[23.847306,43.26038],[23.844124895,43.259996885]]],[[[23.844072,43.259966],[23.84261,43.25961],[23.840728295,43.259587817],[23.844124895,43.259996885],[23.844072,43.259966]]],[[[23.775467351,43.251728149],[23.778239,43.257472],[23.781874,43.255851],[23.79132,43.260566],[23.792808,43.263268],[23.789686,43.268124],[23.797714,43.275038],[23.802731,43.270949],[23.803881,43.272949],[23.817327,43.269161],[23.821436,43.262494],[23.827287,43.261717],[23.834734,43.266068],[23.840728295,43.259587817],[23.775467351,43.251728149]]],[[[23.775483,43.25167],[23.778464,43.242567],[23.768815,43.242517],[23.761995,43.235934],[23.742201,43.242577],[23.729933,43.241251],[23.727895023,43.245998799],[23.775483,43.25167]]],[[[23.710771903,43.243936585],[23.724584,43.254498],[23.725588,43.263686],[23.72759,43.263308],[23.727895023,43.245998799],[23.710771903,43.243936585]]],[[[23.710633,43.243708],[23.709605,43.240911],[23.702384436,43.242926444],[23.710771903,43.243936585],[23.710633,43.243708]]],[[[23.664525347,43.238366904],[23.666117,43.246648],[23.671892,43.241518],[23.680565,43.240635],[23.680658,43.248061],[23.683941,43.249772],[23.681461,43.24634],[23.683196,43.243074],[23.690064,43.249723],[23.702462,43.243181],[23.664525347,43.238366904]]],[[[23.664288,43.237864],[23.662351,43.237078],[23.660863794,43.237925927],[23.664525347,43.238366904],[23.664288,43.237864]]],[[[23.660607,43.237895],[23.66078,43.237944],[23.660863794,43.237925927],[23.660607,43.237895]]],[[[23.660724,43.237707],[23.660735,43.237446],[23.66037171,43.236964615],[23.660607,43.237895],[23.660724,43.237707]]],[[[23.660209496,43.23632319],[23.660211,43.236557],[23.66037171,43.236964615],[23.660209496,43.23632319]]],[[[23.660209,43.236246],[23.660249,43.235143],[23.659758935,43.234541581],[23.660209496,43.23632319],[23.660209,43.236246]]],[[[23.637287,43.145683],[23.633394,43.151665],[23.623146,43.155972],[23.617276,43.163],[23.618476,43.167299],[23.611547,43.173438],[23.618067,43.181271],[23.623,43.182675],[23.622385,43.186501],[23.626366,43.186203],[23.621785,43.198298],[23.640143,43.207743],[23.645441,43.207083],[23.649129,43.216222],[23.647607,43.220028],[23.659758935,43.234541581],[23.637287,43.145683]]],[[[23.637111,43.145647],[23.629181,43.140901],[23.635916,43.134115],[23.633774,43.131546],[23.63855,43.127736],[23.637389,43.122158],[23.633495,43.123847],[23.617837,43.112079],[23.606253,43.116454],[23.601902,43.115813],[23.602775,43.111888],[23.599612,43.109877],[23.586434,43.110281],[23.577401,43.113806],[23.574319,43.130458],[23.565818,43.127957],[23.547331,43.135013],[23.555084,43.144446],[23.547746,43.145165],[23.550522,43.149526],[23.54823,43.152724],[23.532511,43.162047],[23.637111,43.145647]]],[[[23.532572,43.161912],[23.530626,43.1534],[23.525721,43.15326],[23.52499,43.149562],[23.512759003,43.150629361],[23.532572,43.161912]]],[[[23.502605472,43.144760114],[23.505089,43.150262],[23.512759003,43.150629361],[23.502605472,43.144760114]]],[[[23.502832,43.144612],[23.506148,43.142611],[23.507538,43.134177],[23.500929,43.1369],[23.486361,43.13537],[23.502832,43.144612]]],[[[23.440686876,43.151609689],[23.442612,43.157719],[23.455776,43.153008],[23.474275,43.154226],[23.478163,43.151133],[23.47784,43.144661],[23.486394,43.13544],[23.440686876,43.151609689]]]]}},{"type":"Feature","properties":{"slug":"lovech","name_bg":"Ловеч","name_en":"Lovech","source":"OpenStreetMap contributors, ODbL 1.0"},"geometry":{"type":"MultiPolygon","coordinates":[[[[24.59555,43.062927],[24.557156,43.087176],[24.550656,43.086919],[24.549376184,43.089832896],[24.523857,43.097974],[24.517297,43.10886],[24.520191,43.114826],[24.528031,43.118563],[24.520503,43.123104],[24.526539,43.129835],[24.535634149,43.131208734],[24.536602566,43.133842774],[24.53291,43.133915],[24.537348944,43.135872877],[24.538516,43.141907],[24.541209,43.146372],[24.535142,43.14542],[24.541981,43.149594],[24.536501,43.151606],[24.547394722,43.15608087],[24.542053,43.158963],[24.546068,43.15897],[24.545724,43.162277],[24.54879111,43.158272585],[24.552226745,43.163665024],[24.551356,43.173606],[24.556632,43.177302],[24.556575,43.188615],[24.567377,43.19767],[24.574635135,43.198836365],[24.57313,43.199964],[24.577853,43.203887],[24.640814,43.240882],[24.643518803,43.240884552],[24.64439,43.246965],[24.648542,43.245785],[24.656258,43.251534],[24.653172,43.279268],[24.666489,43.267044],[24.669502923,43.255524574],[24.68477782,43.264130786],[24.685915,43.274891],[24.696049,43.273615],[24.69397,43.275749],[24.715756,43.28228],[24.714912,43.28695],[24.727678674,43.288302066],[24.728184,43.294276],[24.740628,43.295598],[24.741656,43.302593],[24.741975,43.304667],[24.755187,43.308737],[24.754802,43.313114],[24.81161,43.317224],[24.869765764,43.303291318],[24.886214,43.302422],[24.885866827,43.299706843],[24.899499,43.296672],[24.93127,43.305729],[24.945424,43.305643],[24.945443764,43.302952549],[24.977169,43.296738],[25.006714,43.294916],[25.006031,43.288442],[25.013453,43.281827],[25.015969,43.269936],[25.013157718,43.266085839],[25.012587,43.238509],[25.012356,43.23602],[24.973059,43.191387],[24.969938298,43.158608555],[24.97299,43.153515],[24.970665,43.139818],[24.973229,43.140182],[24.967403944,43.13198884],[24.967579,43.122271],[24.922474,43.071618],[24.93645357,43.053166653],[24.940517,43.054167],[24.941942,43.051403],[24.938727014,43.05016598],[24.951592,43.035561],[24.951726,43.033673],[24.951698,43.033378],[24.951685,43.033063],[24.951626,43.032285],[24.951574,43.031707],[24.951545,43.03119],[24.945742,43.028063],[24.931837,43.023896],[24.921266938,43.02344712],[24.921429,43.019818],[24.910515139,43.021419291],[24.896451,43.01875],[24.889265,43.013944],[24.877826,43.015254],[24.868335,43.018971],[24.867725,43.019254],[24.857429,43.013994],[24.80789,43.011924],[24.797602,43.008552],[24.779269946,43.009682254],[24.775571,43.005869],[24.752177,43.007544],[24.750251,43.006888],[24.74177,43.0052753],[24.741154,42.995766],[24.737492,42.987932],[24.709746,42.983745],[24.678646,42.984754],[24.675352,42.988166],[24.650545,43.022009],[24.59555,43.062927]]]]}},{"type":"Feature","properties":{"slug":"pleven","name_bg":"Плевен","name_en":"Pleven","source":"OpenStreetMap contributors, ODbL 1.0"},"geometry":{"type":"MultiPolygon","coordinates":[[[[24.461529,43.217481],[24.43801,43.220369],[24.435221537,43.227671634],[24.428153,43.23084],[24.428194125,43.234443841],[24.407731707,43.254163157],[24.391562,43.255525],[24.389201,43.260944],[24.395289,43.266154],[24.468132415,43.412179379],[24.466673,43.4149],[24.470006096,43.41593545],[24.478529,43.434618],[24.479471,43.434618],[24.478951,43.446227],[24.499043269,43.442765498],[24.546724528,43.46607375],[24.546878,43.470215],[24.554293,43.470144],[24.549699,43.474435],[24.551955,43.477476],[24.555634,43.477135],[24.554986,43.472889],[24.55905,43.476784],[24.565169455,43.475090269],[24.680351,43.531395],[24.700239,43.539002],[24.70471,43.543919],[24.710208,43.543424],[24.715627,43.554813],[24.735241,43.558136],[24.7472085,43.555192544],[24.773972,43.566174],[24.779282,43.566601],[24.794981,43.563398],[24.801419736,43.564509798],[24.80146,43.569631],[24.818899,43.567528],[24.816983,43.563242],[24.828113995,43.553571389],[24.846598,43.547178],[24.851533,43.541395],[24.84629461,43.537776066],[24.876037,43.512104],[24.8764168,43.5116059],[24.906779,43.506839],[24.910288,43.505753],[24.912508,43.505305],[24.9138564,43.5049407],[24.914155,43.50486],[24.914347,43.504795],[24.920012,43.498775],[24.916786522,43.495397904],[24.918237,43.490674],[24.955254,43.480623],[24.956198,43.477918],[24.953332,43.4747],[24.949979207,43.476074299],[24.948539,43.469566],[24.923764,43.454582],[24.923445756,43.456622717],[24.884459,43.435445],[24.877813,43.433085],[24.843468,43.425732],[24.840315,43.417088],[24.833053,43.416006],[24.83331,43.413399],[24.803688,43.417781],[24.831077,43.374398],[24.838238,43.37396],[24.839081,43.372016],[24.842185,43.371832],[24.842658105,43.370266268],[24.848276,43.368262],[24.848394,43.367348],[24.839964543,43.359429104],[24.840129,43.355869],[24.827475,43.346156],[24.814845447,43.318370435],[24.81745,43.317923],[24.816547,43.314917],[24.7564377,43.3131907],[24.754485,43.305195],[24.7443533,43.3047641],[24.740628,43.295598],[24.729406,43.288485],[24.68477782,43.264130786],[24.687734,43.258105],[24.682642,43.250583],[24.669388,43.251227],[24.669502923,43.255524574],[24.643392,43.240023],[24.638728408,43.238185538],[24.641209,43.236687],[24.635101,43.235777],[24.629644,43.230592],[24.631248,43.225315],[24.638312,43.22274],[24.627506,43.223268],[24.620341,43.22044],[24.61924,43.217085],[24.601993,43.21455],[24.600231,43.210397],[24.580575,43.203057],[24.461529,43.217481]]]]}},{"type":"Feature","properties":{"slug":"haskovo","name_bg":"Хасково","name_en":"Haskovo","source":"OpenStreetMap contributors, ODbL 1.0"},"geometry":{"type":"MultiPolygon","coordinates":[[[[25.554022,41.757763],[25.546103,41.758777],[25.540882,41.75223],[25.534226,41.759889],[25.528172,41.756402],[25.519435,41.757922],[25.515892,41.765647],[25.554022,41.757763]]],[[[25.500587878,41.769193159],[25.504028,41.77037],[25.517711,41.767445],[25.516102609,41.765916774],[25.500587878,41.769193159]]],[[[25.500491,41.769084],[25.483927,41.762316],[25.464959425,41.776717139],[25.500587878,41.769193159],[25.500491,41.769084]]],[[[25.406763,41.789007],[25.414049,41.788003],[25.42008,41.794293],[25.434732,41.790613],[25.444087,41.793539],[25.452459,41.789216],[25.45336,41.781923],[25.458306,41.785077],[25.464959425,41.776717139],[25.406763,41.789007]]],[[[25.405016974,41.791304494],[25.405773,41.792313],[25.406763,41.789007],[25.405016974,41.791304494]]],[[[25.405016,41.791304],[25.403701,41.792006],[25.403976278,41.792673885],[25.405016974,41.791304494],[25.405016,41.791304]]],[[[25.403255418,41.793622424],[25.40389,41.793757],[25.403976278,41.792673885],[25.403255418,41.793622424]]],[[[25.403235,41.793621],[25.391968,41.799948],[25.392194,41.807332],[25.387762,41.808685],[25.38212,41.818651],[25.383813137,41.819205394],[25.403235,41.793621]]],[[[25.366724,41.841692],[25.375017,41.841501],[25.384523,41.830599],[25.384531,41.819464],[25.366724,41.841692]]],[[[25.365545,41.843122],[25.356457,41.852812],[25.361368,41.857461],[25.346565,41.871385],[25.373278153,41.863387183],[25.365545,41.843122]]],[[[25.405237299,41.969176531],[25.407945,41.966113],[25.406277,41.959131],[25.419562,41.954721],[25.423998,41.950357],[25.425115,41.941747],[25.431138,41.938878],[25.42795,41.934908],[25.42906,41.928786],[25.406471,41.915899],[25.415373,41.907911],[25.4055,41.907084],[25.398831,41.901653],[25.414107,41.881019],[25.393937,41.867097],[25.387326,41.868306],[25.373278153,41.863387183],[25.405237299,41.969176531]]],[[[25.404706,41.969511],[25.38826,41.970697],[25.395689,41.976652],[25.407666,41.979445],[25.410478,41.986524],[25.404706,41.969511]]],[[[25.426617035,41.986054963],[25.422659,41.98567],[25.41047247,41.986505696],[25.410478,41.986524],[25.426617035,41.986054963]]],[[[25.426851,41.986269],[25.430212,41.988977],[25.436513,41.986986],[25.456045,41.990392],[25.46628,41.994382],[25.466155,42.000809],[25.479711,41.998269],[25.481921,42.002545],[25.498133,41.999924],[25.507289,41.994888],[25.515608,41.998356],[25.525018,41.996737],[25.52998,41.986013],[25.552789816,41.982388092],[25.426851,41.986269]]],[[[25.554799738,41.982329679],[25.553545,41.981951],[25.552789816,41.982388092],[25.554799738,41.982329679]]],[[[25.555046,41.982497],[25.556981,41.983038],[25.558190843,41.982231126],[25.554799738,41.982329679],[25.555046,41.982497]]],[[[25.575399299,41.981731008],[25.573158,41.976196],[25.56087,41.978223],[25.558190843,41.982231126],[25.575399299,41.981731008]]],[[[25.576229,41.98378],[25.579193,41.983093],[25.600346,41.981006],[25.575399299,41.981731008],[25.576229,41.98378]]],[[[25.606645,41.982965],[25.643796,41.995497],[25.647203517,41.990312367],[25.600346,41.981006],[25.606645,41.982965]]],[[[25.677557696,41.996341008],[25.654578,41.989275],[25.6467,41.989135],[25.647203517,41.990312367],[25.677557696,41.996341008]]],[[[25.67775,41.996404],[25.685683,42.0006],[25.68721,42.007088],[25.695882,42.010839],[25.70599,42.026364],[25.712671,42.028803],[25.719391,42.037796],[25.72471,42.035756],[25.725291,42.024064],[25.729663,42.019794],[25.757458,42.01221],[25.67775,41.996404]]],[[[25.761198862,41.987740832],[25.751485,41.992126],[25.758341,41.999075],[25.755145,42.008472],[25.757458,42.01221],[25.761198862,41.987740832]]],[[[25.761446,41.987573],[25.763531,41.985729],[25.761752835,41.984117265],[25.761198862,41.987740832],[25.761446,41.987573]]],[[[25.766045,41.956042],[25.754316,41.958099],[25.750168,41.976478],[25.750432,41.97858],[25.75926,41.97674],[25.761752835,41.984117265],[25.766045,41.956042]]],[[[25.766114,41.956053],[25.780488,41.956603],[25.783386,41.94705],[25.801555,41.943168],[25.800234,41.939961],[25.821932,41.938321],[25.819435,41.927371],[25.808446,41.926577],[25.811285683,41.91078871],[25.766114,41.956053]]],[[[25.817362553,41.904710147],[25.812399,41.905869],[25.811285683,41.91078871],[25.817362553,41.904710147]]],[[[25.817419,41.90478],[25.820405,41.904729],[25.822354,41.901526],[25.821404253,41.900667321],[25.817419,41.90478]]],[[[25.844001743,41.878063534],[25.832794,41.882307],[25.81156,41.880553],[25.813282,41.885982],[25.802963,41.88796],[25.79994,41.894974],[25.817066,41.896306],[25.821404253,41.900667321],[25.844001743,41.878063534]]],[[[25.844157,41.878028],[25.845945,41.877498],[25.848585,41.873479],[25.844001743,41.878063534],[25.844157,41.878028]]],[[[25.848666,41.873351],[25.854875,41.866149],[25.854744,41.862134],[25.840171,41.859582],[25.84136,41.855329],[25.837613,41.85438],[25.836136,41.849662],[25.835856,41.844904],[25.84429,41.835947],[25.837612,41.831523],[25.837068,41.826895],[25.840266,41.824822],[25.823237,41.820794],[25.81544,41.823515],[25.802721,41.818973],[25.791311,41.827627],[25.787922,41.826492],[25.775788425,41.833051195],[25.848666,41.873351]]],[[[25.725087,41.804894],[25.730657,41.814998],[25.739243,41.820551],[25.742132,41.830631],[25.748774,41.8346],[25.76065,41.837453],[25.775788425,41.833051195],[25.725087,41.804894]]],[[[25.557564,41.757161],[25.559674,41.762154],[25.555166,41.769077],[25.560723,41.768693],[25.560793,41.774447],[25.568504,41.782069],[25.575808,41.77941],[25.585745,41.792325],[25.580288,41.796189],[25.583868,41.804435],[25.589829,41.806631],[25.609922,41.801805],[25.613188,41.805547],[25.61141,41.808552],[25.617232,41.810474],[25.619914,41.817197],[25.623692,41.816943],[25.62454,41.826727],[25.620652,41.834478],[25.637406,41.836231],[25.636505,41.842236],[25.645951,41.839588],[25.655454,41.843696],[25.659499,41.838273],[25.656738,41.833082],[25.663859,41.827115],[25.666653,41.81835],[25.671262,41.816595],[25.673275,41.811639],[25.669778,41.81142],[25.673096,41.802095],[25.694639,41.802857],[25.697345,41.799878],[25.705241,41.806136],[25.725087,41.804894],[25.557564,41.757161]]],[[[25.556350905,41.75741718],[25.556747,41.757362],[25.557564,41.757161],[25.556350905,41.75741718]]],[[[25.556227,41.757429],[25.555667,41.757477],[25.555191875,41.757661943],[25.556350905,41.75741718],[25.556227,41.757429]]],[[[25.55448009,41.757812257],[25.554744,41.757826],[25.555191875,41.757661943],[25.55448009,41.757812257]]]]}},{"type":"Feature","properties":{"slug":"sliven","name_bg":"Сливен","name_en":"Sliven","source":"OpenStreetMap contributors, ODbL 1.0"},"geometry":{"type":"MultiPolygon","coordinates":[[[[26.210201,42.454966],[26.194455,42.452941],[26.193367,42.444829],[26.184874,42.44355],[26.181828,42.444433],[26.182477,42.450168],[26.177141,42.449207],[26.179824,42.451473],[26.170188,42.452988],[26.180001,42.47173],[26.177578,42.47633],[26.172318,42.477634],[26.171165,42.49237],[26.168021,42.494104],[26.18188,42.491517],[26.183439168,42.498551637],[26.083805,42.598016],[26.08438,42.602051],[26.080713,42.605033],[26.083816,42.605857],[26.068089,42.619957],[26.074168,42.627939],[26.071723,42.63852],[26.073982,42.642181],[26.070577,42.644113],[26.074121,42.647562],[26.072374,42.653322],[26.091807,42.658851],[26.093479,42.661722],[26.088923,42.674092],[26.10062,42.683695],[26.103148,42.689595],[26.098111,42.692565],[26.095866,42.703844],[26.11994,42.708384],[26.133049,42.696537],[26.138832,42.695536],[26.146397,42.703598],[26.039709,42.818125],[26.039182,42.866817],[26.036362,42.868708],[26.04552331,42.869144857],[26.072951,42.87923],[26.084331,42.879009],[26.107955,42.895035],[26.116171,42.897626],[26.166384,42.952385],[26.178588,42.951609],[26.190617,42.945064],[26.190263153,42.942316521],[26.211461,42.927545],[26.216924,42.921573],[26.213732,42.918731],[26.207064,42.873723],[26.221142,42.860085],[26.235246,42.851622],[26.230586,42.850803],[26.228401,42.846064],[26.2269723,42.8336242],[26.2862849,42.8341401],[26.299532826,42.821858462],[26.309342,42.822721],[26.324144,42.814399],[26.324594,42.810668],[26.335636,42.800239],[26.33441,42.795751],[26.319306567,42.780495583],[26.322119,42.778274],[26.313467,42.773996],[26.314343,42.771899],[26.314306,42.771062],[26.319222,42.771569],[26.3480897,42.7688177],[26.367269,42.776316],[26.364728,42.778043],[26.379777,42.789382],[26.375531,42.791459],[26.376448,42.792997],[26.378778,42.79439],[26.382129,42.794942],[26.390742,42.794488],[26.4018082,42.7858131],[26.403583,42.786093],[26.404043985,42.786109465],[26.4067805,42.7865048],[26.412954713,42.787257506],[26.41678,42.79143],[26.440099,42.798903],[26.447366,42.794285],[26.500633,42.7939211],[26.513605,42.768542],[26.516749,42.756619],[26.516749,42.75005],[26.5010952,42.7431355],[26.511617,42.716654],[26.5136227,42.7096788],[26.518618,42.710217],[26.5439325,42.700697],[26.558767,42.70017],[26.565728,42.694272],[26.567525,42.686998],[26.613512,42.689344],[26.634961,42.689893],[26.63331,42.694494],[26.635454,42.695444],[26.640588,42.693433],[26.637178,42.690125],[26.651774761,42.676793936],[26.668726,42.676802],[26.670098,42.674027],[26.671849,42.6663],[26.668469,42.655833],[26.672494,42.637425],[26.664736,42.637442],[26.664251,42.632329],[26.656922,42.631818],[26.659963,42.617363],[26.644869,42.617754],[26.64498,42.611183],[26.618376,42.613638],[26.626179,42.623003],[26.634541,42.62203],[26.632677,42.625921],[26.62715023,42.625930685],[26.612378587,42.613549499],[26.611025,42.603172],[26.600566,42.597075],[26.591943719,42.596421552],[26.578125151,42.584839207],[26.583771,42.583024],[26.552043,42.56821],[26.543338891,42.570222731],[26.496619,42.557449],[26.461696,42.550266],[26.461531,42.550292],[26.454691034,42.55494059],[26.440126,42.56124],[26.426244,42.57423],[26.423368,42.562841],[26.408342031,42.510595868],[26.410085,42.508004],[26.404646,42.497458],[26.361376,42.462292],[26.33501794,42.461238158],[26.33379,42.458685],[26.340706,42.454142],[26.32542,42.449486],[26.321834,42.453962],[26.314501,42.450814],[26.315669,42.448755],[26.302619,42.448659],[26.300808,42.457654],[26.288325613,42.459371315],[26.285818052,42.459271058],[26.287197,42.45175],[26.271854,42.45232],[26.272311899,42.458731058],[26.210201,42.454966]],[[26.640534,42.693422],[26.640486,42.693387],[26.640440932,42.693340478],[26.640588,42.693433],[26.640534,42.693422]],[[26.640386556,42.69330627],[26.640424,42.693323],[26.640440932,42.693340478],[26.640386556,42.69330627]],[[26.64033,42.693281],[26.638756,42.692594],[26.638305097,42.691996804],[26.640386556,42.69330627],[26.64033,42.693281]]]]}},{"type":"Feature","properties":{"slug":"stara-zagora","name_bg":"Стара Загора","name_en":"Stara Zagora","source":"OpenStreetMap contributors, ODbL 1.0"},"geometry":{"type":"MultiPolygon","coordinates":[[[[25.356574,42.368421],[25.355812866,42.36858362],[25.357547,42.368313],[25.357152,42.368284],[25.356574,42.368421]]],[[[25.347134,42.369938],[25.350029,42.370187],[25.355812866,42.36858362],[25.347134,42.369938]]],[[[25.346404,42.370351],[25.34351,42.372229],[25.343419,42.374749],[25.348231867,42.373633413],[25.346404,42.370351]]],[[[25.350172294,42.380164882],[25.350751,42.374593],[25.352439,42.372662],[25.348231867,42.373633413],[25.350172294,42.380164882]]],[[[25.350119,42.380198],[25.349749,42.380672],[25.350400024,42.380931419],[25.350172294,42.380164882],[25.350119,42.380198]]],[[[25.350820005,42.382345074],[25.350788,42.381049],[25.350400024,42.380931419],[25.350820005,42.382345074]]],[[[25.3508,42.382489],[25.351119,42.3839],[25.3513745,42.3842115],[25.350820005,42.382345074],[25.3508,42.382489]]],[[[25.363118,42.406596],[25.369117,42.395125],[25.378569,42.387366],[25.36402,42.381852],[25.355727,42.38211],[25.3513745,42.3842115],[25.363118,42.406596]]],[[[25.353325186,42.4114772],[25.36014,42.409353],[25.362623,42.411527],[25.363118,42.406596],[25.353325186,42.4114772]]],[[[25.352902,42.41145],[25.350618,42.410643],[25.349755,42.410906],[25.350788046,42.41274183],[25.352902,42.41145]]],[[[25.302987324,42.436567963],[25.315908,42.436844],[25.31513,42.434832],[25.32184,42.431517],[25.332566,42.432046],[25.339391,42.428743],[25.34141,42.423468],[25.353726,42.421304],[25.349439,42.418168],[25.353136,42.41715],[25.350788046,42.41274183],[25.302987324,42.436567963]]],[[[25.302939,42.436563],[25.302573,42.436631],[25.302263,42.436929],[25.302987324,42.436567963],[25.302939,42.436563]]],[[[25.301368219,42.438454145],[25.302202,42.437638],[25.302263,42.436929],[25.301368219,42.438454145]]],[[[25.301367,42.438455],[25.285714,42.451261],[25.2848575,42.4665965],[25.301368219,42.438454145],[25.301367,42.438455]]],[[[25.282611406,42.471889433],[25.287039,42.470087],[25.289208,42.467878],[25.2848575,42.4665965],[25.282611406,42.471889433]]],[[[25.282471,42.471918],[25.278664,42.477499],[25.279535,42.479139],[25.282611406,42.471889433],[25.282471,42.471918]]],[[[25.279791,42.479185],[25.286546,42.483991],[25.306211976,42.480342341],[25.279535,42.479139],[25.279791,42.479185]]],[[[25.347560441,42.48220748],[25.333659,42.473115],[25.31043,42.473336],[25.306211976,42.480342341],[25.347560441,42.48220748]]],[[[25.347559,42.482282],[25.347772,42.482385],[25.349307356,42.48228628],[25.347560441,42.48220748],[25.347559,42.482282]]],[[[25.350140153,42.482323846],[25.350012,42.482271],[25.349307356,42.48228628],[25.350140153,42.482323846]]],[[[25.35019,42.482355],[25.359566,42.484155],[25.366194,42.483048],[25.350140153,42.482323846],[25.35019,42.482355]]],[[[25.366717322,42.483586203],[25.366597,42.483249],[25.366194,42.483048],[25.366717322,42.483586203]]],[[[25.366715,42.484039],[25.366384,42.484792],[25.367712,42.484664],[25.366717322,42.483586203],[25.366715,42.484039]]],[[[25.387583465,42.50504567],[25.387509,42.500526],[25.377763,42.491916],[25.378915,42.489151],[25.367738,42.484237],[25.387583465,42.50504567]]],[[[25.387612,42.505282],[25.390698,42.516351],[25.4015732,42.5194332],[25.387583465,42.50504567],[25.387612,42.505282]]],[[[25.401672968,42.519427423],[25.401636,42.519403],[25.4015732,42.5194332],[25.401672968,42.519427423]]],[[[25.401913,42.519586],[25.404615,42.520155],[25.406036228,42.519174759],[25.401672968,42.519427423],[25.401913,42.519586]]],[[[25.413981,42.5187147],[25.408674,42.516641],[25.406036228,42.519174759],[25.413981,42.5187147]]],[[[25.414095,42.518822],[25.420108,42.521785],[25.42539319,42.515650094],[25.413981,42.5187147],[25.414095,42.518822]]],[[[25.43947852,42.511867649],[25.43219,42.511573],[25.42539319,42.515650094],[25.43947852,42.511867649]]],[[[25.439549,42.511869],[25.439876,42.511784],[25.44034892,42.511633914],[25.43947852,42.511867649],[25.439549,42.511869]]],[[[25.440505,42.511592],[25.440408,42.51161],[25.44034892,42.511633914],[25.440505,42.511592]]],[[[25.440652,42.511638],[25.44322,42.513346],[25.447241632,42.511369886],[25.440505,42.511592],[25.440652,42.511638]]],[[[25.4676591,42.5106967],[25.457547,42.507286],[25.447241632,42.511369886],[25.4676591,42.5106967]]],[[[25.467993,42.510439],[25.469627,42.509865],[25.469934008,42.508553463],[25.4676591,42.5106967],[25.467993,42.510439]]],[[[25.472630846,42.506012717],[25.470964,42.506611],[25.469934008,42.508553463],[25.472630846,42.506012717]]],[[[25.472916,42.505975],[25.474185,42.505727],[25.474142468,42.504588587],[25.472630846,42.506012717],[25.472916,42.505975]]],[[[25.484897046,42.494456479],[25.479037,42.495984],[25.473556,42.501448],[25.474142468,42.504588587],[25.484897046,42.494456479]]],[[[25.485078,42.494387],[25.489095,42.491076],[25.489666994,42.489962613],[25.484897046,42.494456479],[25.485078,42.494387]]],[[[25.4919872,42.4877767],[25.490189,42.488887],[25.489666994,42.489962613],[25.4919872,42.4877767]]],[[[25.522418222,42.495943305],[25.514082,42.490469],[25.4919872,42.4877767],[25.522418222,42.495943305]]],[[[25.522439,42.495955],[25.522927,42.496134],[25.523412,42.49621],[25.522418222,42.495943305],[25.522439,42.495955]]],[[[25.535997,42.508489],[25.540074,42.503789],[25.531398,42.499729],[25.528985,42.493982],[25.523412,42.49621],[25.535997,42.508489]]],[[[25.540099728,42.509839924],[25.53926,42.508395],[25.535997,42.508489],[25.540099728,42.509839924]]],[[[25.540027,42.509958],[25.540091,42.510275],[25.541422076,42.51027534],[25.540099728,42.509839924],[25.540027,42.509958]]],[[[25.542703466,42.51069727],[25.542119,42.510233],[25.541422076,42.51027534],[25.542703466,42.51069727]]],[[[25.542711,42.510714],[25.542711,42.510889],[25.543004,42.510801],[25.542703466,42.51069727],[25.542711,42.510714]]],[[[25.556159405,42.51512797],[25.553352,42.511178],[25.543055,42.510503],[25.543004848,42.510796507],[25.556159405,42.51512797]]],[[[25.556388,42.515675],[25.563657,42.521528],[25.577801,42.522254],[25.556159405,42.51512797],[25.556388,42.515675]]],[[[25.577626,42.522625],[25.578096,42.530553],[25.601068052,42.524577954],[25.577801,42.522254],[25.577626,42.522625]]],[[[25.6101082,42.5254809],[25.607062,42.523571],[25.601068052,42.524577954],[25.6101082,42.5254809]]],[[[25.610469,42.525615],[25.611535,42.525876],[25.611820434,42.525864856],[25.6101082,42.5254809],[25.610469,42.525615]]],[[[25.617738939,42.527192038],[25.615833,42.524726],[25.611820434,42.525864856],[25.617738939,42.527192038]]],[[[25.617998,42.527434],[25.617797,42.528543],[25.619044,42.52889],[25.6191484,42.5275081],[25.617998,42.527434]]],[[[25.619487,42.527483],[25.619504207,42.527465107],[25.6191484,42.5275081],[25.619487,42.527483]]],[[[25.655440759,42.52312284],[25.638404,42.520596],[25.636051,42.524315],[25.627945,42.522176],[25.619504207,42.527465107],[25.655440759,42.52312284]]],[[[25.655633,42.523388],[25.65591,42.523183],[25.656176,42.523034],[25.655440759,42.52312284],[25.655633,42.523388]]],[[[25.656312682,42.523145845],[25.656291,42.523108],[25.656176,42.523034],[25.656312682,42.523145845]]],[[[25.656346,42.523204],[25.657907,42.529249],[25.661453,42.530746],[25.657633,42.533527],[25.671835672,42.535848085],[25.656346,42.523204]]],[[[25.688242938,42.549273914],[25.682801,42.537203],[25.67571,42.534284],[25.671835672,42.535848085],[25.688242938,42.549273914]]],[[[25.68824,42.549365],[25.68929,42.550633],[25.6900704,42.5507693],[25.688242938,42.549273914],[25.68824,42.549365]]],[[[25.69019,42.550794],[25.697335,42.55229],[25.703994657,42.546807567],[25.6900704,42.5507693],[25.69019,42.550794]]],[[[25.704559,42.546647],[25.704117,42.546722],[25.703994657,42.546807567],[25.704559,42.546647]]],[[[25.718045321,42.548102527],[25.710539,42.545438],[25.704559,42.546647],[25.718045321,42.548102527]]],[[[25.718126,42.548219],[25.727789,42.55234],[25.731371844,42.549540809],[25.718045321,42.548102527],[25.718126,42.548219]]],[[[25.788794474,42.555738215],[25.780465,42.553228],[25.777166,42.548119],[25.738008,42.537518],[25.731371844,42.549540809],[25.788794474,42.555738215]]],[[[25.788884,42.555795],[25.791429,42.557519],[25.796381,42.556557],[25.788794474,42.555738215],[25.788884,42.555795]]],[[[25.828959,42.561261],[25.806839,42.551828],[25.796381,42.556557],[25.828959,42.561261]]],[[[25.832913657,42.560164969],[25.831452,42.560384],[25.828959,42.561261],[25.832913657,42.560164969]]],[[[25.833285,42.560114],[25.833665,42.56003],[25.834242655,42.559796637],[25.832913657,42.560164969],[25.833285,42.560114]]],[[[25.839318184,42.558389957],[25.837,42.558557],[25.834242655,42.559796637],[25.839318184,42.558389957]]],[[[25.839437,42.558442],[25.840734,42.558642],[25.844393424,42.556983356],[25.839318184,42.558389957],[25.839437,42.558442]]],[[[25.844627877,42.556918378],[25.844492,42.556943],[25.844393424,42.556983356],[25.844627877,42.556918378]]],[[[25.844641,42.556916],[25.844788,42.556874],[25.844627877,42.556918378],[25.844641,42.556916]]],[[[25.844842,42.556828],[25.845784,42.555309],[25.845809502,42.553841479],[25.844788,42.556874],[25.844842,42.556828]]],[[[25.84594362,42.553443325],[25.845806,42.55368],[25.845809502,42.553841479],[25.84594362,42.553443325]]],[[[25.846053,42.55327],[25.847669,42.551221],[25.847639725,42.548408118],[25.84594362,42.553443325],[25.846053,42.55327]]],[[[25.847784518,42.547978275],[25.847734,42.548032],[25.847639725,42.548408118],[25.847784518,42.547978275]]],[[[25.84786,42.547898],[25.863512,42.536668],[25.876493,42.521314],[25.877138,42.510499],[25.882474,42.512929],[25.894727,42.496951],[25.899092,42.495413],[25.914373,42.472557],[25.907073,42.470654],[25.911117,42.464832],[25.879423,42.456996],[25.882713,42.447245],[25.84786,42.547898]]],[[[25.890917132,42.419931016],[25.883494,42.420699],[25.873702,42.445755],[25.8817686,42.447090151],[25.890917132,42.419931016]]],[[[25.893904,42.419622],[25.898326,42.420009],[25.901642,42.411471],[25.904829,42.387669],[25.90226666,42.386237813],[25.890917132,42.419931016],[25.893904,42.419622]]],[[[25.907071564,42.371973555],[25.90068,42.385404],[25.90226666,42.386237813],[25.907071564,42.371973555]]],[[[25.907213,42.371862],[25.908428,42.370638],[25.909726,42.366398],[25.908916,42.366498],[25.907213,42.371862]]],[[[25.888828603,42.354761773],[25.887525,42.356892],[25.890014,42.355841],[25.897474,42.366667],[25.908916,42.366498],[25.888828603,42.354761773]]],[[[25.888893,42.354699],[25.890845,42.353643],[25.890985,42.352252],[25.887026042,42.353708612],[25.888893,42.354699]]],[[[25.75286,42.275321],[25.765204,42.283318],[25.759307,42.299902],[25.736856,42.308609],[25.732916,42.303646],[25.721864,42.300748],[25.708139,42.305143],[25.706497,42.312221],[25.697205,42.310519],[25.691769,42.318029],[25.693207,42.320038],[25.683504,42.332746],[25.686791,42.335344],[25.684254,42.338538],[25.690144,42.342057],[25.687844,42.344478],[25.7037,42.3499],[25.701246,42.358455],[25.724921,42.359826],[25.737465,42.364772],[25.735483,42.373259],[25.748267,42.374816],[25.751605,42.372245],[25.764511,42.377764],[25.781261,42.371658],[25.786906,42.379069],[25.793197,42.373969],[25.798348,42.377042],[25.800319,42.384354],[25.797804,42.387464],[25.804167,42.390703],[25.805527,42.394997],[25.834419,42.396283],[25.846349,42.388615],[25.860367,42.371588],[25.869634,42.366824],[25.874112,42.358896],[25.887026042,42.353708612],[25.75286,42.275321]]],[[[25.609238,42.200957],[25.613534,42.210245],[25.603152,42.210216],[25.61439,42.215297],[25.614439,42.225523],[25.618214,42.221029],[25.617049,42.217859],[25.62265,42.21804],[25.619029,42.228329],[25.630098,42.232895],[25.629757,42.236501],[25.639705,42.239458],[25.634819,42.247297],[25.638219,42.249052],[25.628138,42.266431],[25.637469,42.270332],[25.652609,42.285177],[25.658483,42.282746],[25.659132,42.298084],[25.669906,42.299009],[25.669386,42.296985],[25.687276,42.290748],[25.709991,42.287496],[25.718935,42.278939],[25.734817,42.272013],[25.75286,42.275321],[25.609238,42.200957]]],[[[25.597606469,42.196953013],[25.601391,42.199641],[25.609238,42.200957],[25.597606469,42.196953013]]],[[[25.597598,42.196656],[25.596086,42.190031],[25.593589,42.190014],[25.593814729,42.195647761],[25.597598,42.196656]]],[[[25.590832,42.194621],[25.590047,42.199255],[25.590605,42.201186],[25.593814729,42.195647761],[25.590832,42.194621]]],[[[25.528674344,42.182674773],[25.53008,42.190607],[25.540293,42.192842],[25.539838,42.19864],[25.553793,42.207143],[25.582011,42.195367],[25.590832,42.194621],[25.528674344,42.182674773]]],[[[25.528158,42.179761],[25.52213,42.181417],[25.528674344,42.182674773],[25.528158,42.179761]]],[[[25.491285,42.204446],[25.495923,42.203],[25.500299,42.205671],[25.523725,42.194215],[25.52213,42.181417],[25.491285,42.204446]]],[[[25.490464,42.204946],[25.481287,42.210458],[25.482412277,42.213839269],[25.491285,42.204446],[25.490464,42.204946]]],[[[25.4616829,42.2357848],[25.485376,42.224024],[25.482412277,42.213839269],[25.4616829,42.2357848]]],[[[25.461754,42.235906],[25.462327348,42.236260996],[25.4616829,42.2357848],[25.461754,42.235906]]],[[[25.500145269,42.264205419],[25.497947,42.248644],[25.490914,42.249917],[25.475044,42.243282],[25.469591,42.237168],[25.466616,42.238984],[25.462327348,42.236260996],[25.500145269,42.264205419]]],[[[25.500153,42.264235],[25.500226,42.264365],[25.5003454,42.2643533],[25.500145269,42.264205419],[25.500153,42.264235]]],[[[25.490715444,42.31298188],[25.498594,42.311102],[25.512352,42.299004],[25.516899,42.28332],[25.51455,42.277576],[25.510373,42.277188],[25.511988,42.269975],[25.506052,42.266265],[25.506819,42.263288],[25.500349,42.264159],[25.5003454,42.2643533],[25.490715444,42.31298188]]],[[[25.490501,42.312996],[25.489968,42.313816],[25.4901261,42.3159579],[25.490715444,42.31298188],[25.490501,42.312996]]],[[[25.4900777,42.3158605],[25.4891826,42.3142086],[25.488252743,42.314426478],[25.4901261,42.3159579],[25.4900777,42.3158605]]],[[[25.486292981,42.312824421],[25.4873584,42.3145313],[25.488252743,42.314426478],[25.486292981,42.312824421]]],[[[25.4861941,42.3127103],[25.4902208,42.305136],[25.4783931,42.3020715],[25.477020527,42.305244424],[25.4861941,42.3127103]]],[[[25.475050125,42.30363367],[25.47594,42.3080093],[25.477186,42.3080216],[25.477020527,42.305244424],[25.475050125,42.30363367]]],[[[25.4750619,42.3035931],[25.4768173,42.2996522],[25.470541445,42.299947938],[25.475050125,42.30363367],[25.4750619,42.3035931]]],[[[25.4643965,42.2949246],[25.4654053,42.2966612],[25.470541445,42.299947938],[25.4643965,42.2949246]]],[[[25.4616905,42.2965236],[25.461451506,42.297177719],[25.4643965,42.2949246],[25.4616905,42.2965236]]],[[[25.451581975,42.304728573],[25.4553056,42.3047599],[25.4627036,42.2986735],[25.461451506,42.297177719],[25.451581975,42.304728573]]],[[[25.4496687,42.3046359],[25.4348607,42.3081929],[25.432652382,42.319210985],[25.451581975,42.304728573],[25.4496687,42.3046359]]],[[[25.426055266,42.324258222],[25.4331773,42.3221697],[25.4335047,42.3198588],[25.432652382,42.319210985],[25.426055266,42.324258222]]],[[[25.4259451,42.324284],[25.4209845,42.3265843],[25.4209164,42.3281898],[25.426055266,42.324258222],[25.4259451,42.324284]]],[[[25.4209283,42.3282153],[25.42094126,42.328214019],[25.4209164,42.3281898],[25.4209283,42.3282153]]],[[[25.423552665,42.330758037],[25.4214975,42.3285277],[25.42094126,42.328214019],[25.423552665,42.330758037]]],[[[25.4236551,42.3313413],[25.4384354,42.3554704],[25.450619882,42.35712679],[25.423552665,42.330758037],[25.4236551,42.3313413]]],[[[25.450708416,42.35721304],[25.450733,42.3571733],[25.450619882,42.35712679],[25.450708416,42.35721304]]],[[[25.4502725,42.3579177],[25.4527302,42.3596465],[25.4535564,42.3627531],[25.454934445,42.361330017],[25.450708416,42.35721304],[25.4502725,42.3579177]]],[[[25.456527576,42.362882038],[25.4566638,42.3621547],[25.4552209,42.3610342],[25.454934445,42.361330017],[25.456527576,42.362882038]]],[[[25.4565234,42.3628956],[25.4566334,42.3631694],[25.4568671,42.3632128],[25.456527576,42.362882038],[25.4565234,42.3628956]]],[[[25.452447516,42.364149096],[25.455117,42.364922],[25.4568671,42.3632128],[25.452447516,42.364149096]]],[[[25.452415,42.36413],[25.434149,42.361765],[25.421022,42.366542],[25.410746,42.365583],[25.406863,42.37053],[25.395398,42.373034],[25.391646,42.37703],[25.452415,42.36413]]],[[[25.386308841,42.375665619],[25.387486,42.378602],[25.391646,42.37703],[25.386308841,42.375665619]]],[[[25.386368,42.375601],[25.388286,42.373569],[25.385969,42.371379],[25.37747,42.368605],[25.357547,42.368313],[25.386368,42.375601]]]]}},{"type":"Feature","properties":{"slug":"kardzhali","name_bg":"Кърджали","name_en":"Kardzhali","source":"OpenStreetMap contributors, ODbL 1.0"},"geometry":{"type":"MultiPolygon","coordinates":[[[[25.167263,41.717564],[25.163493,41.717999],[25.160566879,41.719185999],[25.170903,41.71853],[25.167263,41.717564]]],[[[25.159653,41.719244],[25.160109,41.719327],[25.160566879,41.719185999],[25.159653,41.719244]]],[[[25.159158,41.719115],[25.144484,41.71972],[25.140252,41.725453],[25.13184,41.725978],[25.130527244,41.730222447],[25.159158,41.719115]]],[[[25.127757878,41.731266312],[25.130077,41.732592],[25.130527244,41.730222447],[25.127757878,41.731266312]]],[[[25.12735,41.730925],[25.125854,41.731472],[25.123890851,41.73272392],[25.127757878,41.731266312],[25.12735,41.730925]]],[[[25.120134,41.73414],[25.122445,41.733386],[25.123890851,41.73272392],[25.120134,41.73414]]],[[[25.120138,41.734301],[25.132254,41.747255],[25.147397,41.749772],[25.120134,41.73414],[25.120138,41.734301]]],[[[25.148653037,41.749721383],[25.147893,41.749731],[25.147397,41.749772],[25.148653037,41.749721383]]],[[[25.148901,41.74972],[25.157108,41.751644],[25.162236,41.749174],[25.148653037,41.749721383],[25.148901,41.74972]]],[[[25.162652,41.749289],[25.164508,41.749535],[25.165127,41.749384],[25.164948589,41.748676317],[25.162652,41.749289]]],[[[25.16537,41.748599],[25.16513,41.748607],[25.164948589,41.748676317],[25.16537,41.748599]]],[[[25.167475428,41.748739589],[25.167247,41.748014],[25.16537,41.748599],[25.167475428,41.748739589]]],[[[25.167476,41.748746],[25.169542,41.750874],[25.176178879,41.749320758],[25.167475428,41.748739589],[25.167476,41.748746]]],[[[25.190430984,41.750272435],[25.1795,41.747898],[25.176178879,41.749320758],[25.190430984,41.750272435]]],[[[25.190466,41.750315],[25.196955,41.753474],[25.206784,41.7513644],[25.190430984,41.750272435],[25.190466,41.750315]]],[[[25.206866,41.751357],[25.211626,41.750914],[25.213342,41.74917],[25.206784,41.7513644],[25.206866,41.751357]]],[[[25.406763,41.789007],[25.405907,41.78478],[25.412123,41.780068],[25.41062,41.77674],[25.414285,41.774927],[25.415401,41.766829],[25.404941,41.766241],[25.388585,41.75376],[25.400933,41.744808],[25.394979,41.73873],[25.396623,41.735312],[25.386106,41.727857],[25.387959,41.716309],[25.372966,41.70265],[25.363447,41.71176],[25.358592,41.703048],[25.349628,41.701712],[25.345894,41.704504],[25.343154,41.700765],[25.338319,41.70132],[25.333108,41.706469],[25.331871,41.716904],[25.320601,41.717387],[25.316471,41.713511],[25.305096,41.716021],[25.307323,41.720622],[25.30464,41.72346],[25.305421,41.731138],[25.296346,41.72558],[25.294899,41.729455],[25.289324,41.72924],[25.287115,41.734657],[25.268488,41.725859],[25.267178,41.734995],[25.256963,41.738744],[25.248743,41.735439],[25.245484,41.723548],[25.227598,41.724401],[25.224654,41.72574],[25.22473,41.72868],[25.216545,41.735191],[25.213317,41.745957],[25.213342,41.74917],[25.406763,41.789007]]],[[[25.409074,41.789223],[25.414049,41.788003],[25.42008,41.794293],[25.434732,41.790613],[25.444087,41.793539],[25.452459,41.789216],[25.45336,41.781923],[25.458306,41.785077],[25.464959425,41.776717139],[25.406763,41.789007],[25.409074,41.789223]]],[[[25.500587878,41.769193159],[25.483927,41.762316],[25.464959425,41.776717139],[25.500587878,41.769193159]]],[[[25.500633,41.769244],[25.504028,41.77037],[25.517711,41.767445],[25.516102609,41.765916774],[25.500633,41.769244]]],[[[25.55448009,41.757812257],[25.546103,41.758777],[25.540882,41.75223],[25.534226,41.759889],[25.528172,41.756402],[25.519435,41.757922],[25.515892,41.765647],[25.55448009,41.757812257]]],[[[25.55458,41.757823],[25.554853,41.757801],[25.555191875,41.757661943],[25.55448009,41.757812257],[25.55458,41.757823]]],[[[25.556350905,41.75741718],[25.555667,41.757477],[25.555191875,41.757661943],[25.556350905,41.75741718]]],[[[25.556531,41.7574],[25.557082,41.75729],[25.557564,41.757161],[25.556350905,41.75741718],[25.556531,41.7574]]],[[[25.558048,41.757062],[25.5912,41.761739],[25.587758,41.752277],[25.589698,41.749019],[25.598619,41.744878],[25.602697,41.746578],[25.606517,41.740447],[25.632016,41.731362],[25.631977,41.715781],[25.635744,41.710926],[25.632148,41.706896],[25.638019,41.697658],[25.645575,41.693456],[25.646228,41.686973],[25.632995,41.662379],[25.602065,41.641794],[25.558048,41.757062]]],[[[25.587168,41.640706],[25.595498,41.641945],[25.602065,41.641794],[25.587168,41.640706]]],[[[25.524749743,41.620260264],[25.516913,41.634876],[25.546522,41.640617],[25.55433,41.646178],[25.573583,41.640572],[25.587168,41.640706],[25.524749743,41.620260264]]],[[[25.524868,41.619946],[25.527576,41.615702],[25.504947,41.60883],[25.498403,41.599154],[25.483203,41.590515],[25.470939,41.596154],[25.455023,41.592746],[25.446633,41.59436],[25.524868,41.619946]]],[[[25.331952619,41.557107603],[25.337176,41.562372],[25.346176,41.564517],[25.347511,41.568287],[25.365073,41.5697],[25.395593,41.578519],[25.398192,41.581258],[25.395082,41.58787],[25.405178,41.588885],[25.40959,41.600297],[25.437628,41.599649],[25.441247,41.603436],[25.448618,41.599813],[25.44656268,41.594649296],[25.331952619,41.557107603]]],[[[25.33178,41.556958],[25.331603,41.556838],[25.331151703,41.556845255],[25.331952619,41.557107603],[25.33178,41.556958]]],[[[25.330289413,41.556562803],[25.330546,41.55674],[25.331151703,41.556845255],[25.330289413,41.556562803]]],[[[25.330266,41.556539],[25.330162,41.556499],[25.330116,41.556506],[25.330289413,41.556562803],[25.330266,41.556539]]],[[[25.324990798,41.557131769],[25.328132,41.557984],[25.330116,41.556506],[25.324990798,41.557131769]]],[[[25.324823,41.55694],[25.324021,41.556679],[25.323022,41.557156],[25.324990798,41.557131769],[25.324823,41.55694]]],[[[25.315069195,41.558343161],[25.321397,41.558718],[25.323342,41.557563],[25.32316035,41.55735526],[25.315069195,41.558343161]]],[[[25.314852,41.558266],[25.286494,41.554048],[25.267836,41.560408],[25.264452,41.558575],[25.25244556,41.565989285],[25.314852,41.558266]]],[[[25.250343,41.566246],[25.2512933,41.5664161],[25.25244556,41.565989285],[25.250343,41.566246]]],[[[25.250221,41.566245],[25.235987,41.569303],[25.247132,41.580283],[25.223058,41.586876],[25.223342,41.590338],[25.231063,41.591978],[25.220753,41.594843],[25.214759,41.603538],[25.215151,41.610716],[25.221591,41.615602],[25.221219,41.620176],[25.234542,41.623233],[25.238643,41.636779],[25.244130464,41.638856458],[25.250221,41.566245]]],[[[25.244015943,41.640194941],[25.244718,41.639311],[25.244130464,41.638856458],[25.244015943,41.640194941]]],[[[25.243981,41.640236],[25.243918,41.640493],[25.243977957,41.640638916],[25.244015943,41.640194941],[25.243981,41.640236]]],[[[25.240374,41.682761],[25.246823,41.683695],[25.247317,41.676626],[25.254034,41.670236],[25.26988,41.67282],[25.270457,41.670007],[25.263735,41.663694],[25.267767,41.658451],[25.274373,41.663058],[25.275641,41.657496],[25.254178,41.650233],[25.25054,41.65193],[25.250275,41.645382],[25.243977957,41.640638916],[25.240374,41.682761]]],[[[25.239747,41.682998],[25.233402,41.691675],[25.232193366,41.699826291],[25.240374,41.682761],[25.239747,41.682998]]],[[[25.23038422,41.703600278],[25.234289,41.702494],[25.232193366,41.699826291],[25.23038422,41.703600278]]],[[[25.230343,41.70362],[25.230159,41.703755],[25.230170519,41.70404607],[25.23038422,41.703600278],[25.230343,41.70362]]],[[[25.229429502,41.705591877],[25.230275,41.704901],[25.230170519,41.70404607],[25.229429502,41.705591877]]],[[[25.228957,41.705868],[25.228324,41.706567],[25.228505284,41.707519851],[25.229429502,41.705591877],[25.228957,41.705868]]],[[[25.226000248,41.712745505],[25.2285,41.71081],[25.228505284,41.707519851],[25.226000248,41.712745505]]],[[[25.225931,41.712792],[25.225827,41.712984],[25.225733,41.713303],[25.226000248,41.712745505],[25.225931,41.712792]]],[[[25.225602,41.713496],[25.221086,41.721942],[25.223564179,41.725154102],[25.225733,41.713303],[25.225602,41.713496]]],[[[25.223035,41.7280457],[25.224494,41.727968],[25.223564179,41.725154102],[25.223035,41.7280457]]],[[[25.221981,41.72712],[25.222383,41.727877],[25.223035,41.7280457],[25.221981,41.72712]]],[[[25.221625,41.72694],[25.218397,41.725811],[25.213893351,41.726091463],[25.221981,41.72712],[25.221625,41.72694]]],[[[25.211726302,41.725815871],[25.213231,41.726253],[25.213893351,41.726091463],[25.211726302,41.725815871]]],[[[25.211565,41.725709],[25.206967,41.720369],[25.175462,41.721204],[25.211726302,41.725815871],[25.211565,41.725709]]],[[[25.175471,41.72064],[25.174397,41.719566],[25.170903,41.71853],[25.175462,41.721204],[25.175471,41.72064]]]]}},{"type":"Feature","properties":{"slug":"plovdiv","name_bg":"Пловдив","name_en":"Plovdiv","source":"OpenStreetMap contributors, ODbL 1.0"},"geometry":{"type":"MultiPolygon","coordinates":[[[[24.731458,42.097463],[24.725175,42.099355],[24.72302,42.095498],[24.704686,42.091837],[24.69995,42.09377],[24.697305,42.090009],[24.685135,42.093477],[24.736445823,42.101574398],[24.731458,42.097463]]],[[[24.684869,42.093625],[24.68194,42.097456],[24.666822,42.098622],[24.669326,42.106127],[24.663641,42.106023],[24.668371,42.110334],[24.665075,42.118582],[24.66649,42.133188],[24.65772,42.133913],[24.659094,42.139753],[24.679472176,42.141137007],[24.684869,42.093625]]],[[[24.679273971,42.142805158],[24.680315,42.141618],[24.679472176,42.141137007],[24.679273971,42.142805158]]],[[[24.679071,42.142931],[24.678442,42.143595],[24.678806826,42.146736783],[24.679273971,42.142805158],[24.679071,42.142931]]],[[[24.6782966,42.151031],[24.679704,42.148176],[24.678806826,42.146736783],[24.6782966,42.151031]]],[[[24.687356709,42.155479632],[24.6900686,42.152756],[24.6782966,42.151031],[24.687356709,42.155479632]]],[[[24.6863266,42.166679],[24.6765916,42.168637],[24.6765626,42.174281],[24.6829146,42.175933],[24.6850606,42.170374],[24.6946646,42.175059],[24.7064306,42.172588],[24.710171,42.1758162],[24.7052846,42.179413],[24.7125136,42.176483],[24.7119346,42.196122],[24.7360266,42.195201],[24.7559206,42.198231],[24.7634206,42.192828],[24.687356709,42.155479632],[24.6863266,42.166679]]],[[[24.805574,42.176901],[24.778345,42.175901],[24.777494,42.186128],[24.768194,42.185861],[24.7634206,42.192828],[24.805574,42.176901]]],[[[24.816301,42.167756],[24.806894,42.165968],[24.809588,42.171617],[24.805574,42.176901],[24.816301,42.167756]]],[[[24.808,42.152502],[24.809694,42.15743],[24.816301,42.167756],[24.808,42.152502]]],[[[24.808141,42.152494],[24.816263,42.153101],[24.824029,42.150819],[24.808,42.152502],[24.808141,42.152494]]],[[[24.824003,42.150538],[24.823767,42.142931],[24.805762602,42.130643852],[24.824029,42.150819],[24.824003,42.150538]]],[[[24.797757207,42.121801932],[24.799561,42.1278949],[24.805762602,42.130643852],[24.797757207,42.121801932]]],[[[24.795252,42.114538],[24.791746,42.111902],[24.787942824,42.110961994],[24.797757207,42.121801932],[24.795252,42.114538]]],[[[24.786611,42.109491],[24.78747,42.110945],[24.787942824,42.110961994],[24.786611,42.109491]]],[[[24.782869,42.107889],[24.781261089,42.108646727],[24.786611,42.109491],[24.782869,42.107889]]],[[[24.762248768,42.105646379],[24.760214,42.108309],[24.767439,42.109278],[24.767614,42.114039],[24.768575,42.111452],[24.773821,42.113691],[24.776216,42.108557],[24.781261089,42.108646727],[24.762248768,42.105646379]]],[[[24.762377,42.104872],[24.760603,42.102934],[24.755411,42.102709],[24.755115724,42.104520708],[24.762377,42.104872]]],[[[24.736445823,42.101574398],[24.743811,42.111784],[24.759798,42.10795],[24.755115724,42.104520708],[24.736445823,42.101574398]]]]}},{"type":"Feature","properties":{"slug":"pazardzhik","name_bg":"Пазарджик","name_en":"Pazardzik","source":"OpenStreetMap contributors, ODbL 1.0"},"geometry":{"type":"MultiPolygon","coordinates":[[[[24.211926,42.050879],[24.185964,42.060007],[24.172144,42.077895],[24.173931,42.083027],[24.157303,42.089577],[24.152203698,42.103028097],[24.213874,42.050151],[24.211926,42.050879]]],[[[24.152135,42.103087],[24.152151,42.103086],[24.152203698,42.103028097],[24.152135,42.103087]]],[[[24.152519,42.104796],[24.152281,42.106299],[24.153170396,42.106569384],[24.152135,42.103087],[24.152519,42.104796]]],[[[24.153846862,42.108844567],[24.154077,42.106845],[24.153170396,42.106569384],[24.153846862,42.108844567]]],[[[24.152161,42.111611],[24.150909,42.123612],[24.154901,42.128844],[24.160095292,42.129860134],[24.153846862,42.108844567],[24.152161,42.111611]]],[[[24.164534,42.144789],[24.163752,42.130776],[24.160095292,42.129860134],[24.164534,42.144789]]],[[[24.199416886,42.2641056],[24.197985,42.257241],[24.205603,42.254275],[24.209716,42.245773],[24.21413,42.246502],[24.213648,42.241838],[24.21949,42.240513],[24.218036,42.235115],[24.22375,42.229276],[24.216181,42.220714],[24.213962,42.221624],[24.215683,42.216568],[24.221818,42.21778],[24.221881,42.213913],[24.237367,42.215029],[24.242517,42.212627],[24.227943,42.189402],[24.212463,42.188729],[24.216455,42.184686],[24.190952,42.172231],[24.19554,42.157546],[24.186566,42.157979],[24.187761,42.147844],[24.174021,42.148535],[24.164534,42.144789],[24.199416886,42.2641056]]],[[[24.197144,42.265052],[24.197207,42.265387],[24.200335,42.267246],[24.199416886,42.2641056],[24.197144,42.265052]]],[[[24.242956,42.334273],[24.254328,42.324772],[24.270642,42.320347],[24.263935,42.309727],[24.279087,42.298781],[24.284873,42.29784],[24.292464,42.287278],[24.286864,42.290217],[24.281995,42.276083],[24.268359,42.277676],[24.265227,42.270189],[24.261534,42.271516],[24.255589,42.264502],[24.243803,42.271032],[24.246446,42.26777],[24.241624,42.265191],[24.238158,42.270154],[24.200335,42.267246],[24.242956,42.334273]]],[[[24.242941,42.334295],[24.240479,42.34062],[24.245622,42.341149],[24.242776,42.34228],[24.248692,42.347432],[24.246447,42.351501],[24.255756,42.354004],[24.256984,42.349551],[24.259943,42.351093],[24.261717,42.349819],[24.257524,42.348904],[24.262699,42.34717],[24.261249,42.353782],[24.26452,42.356761],[24.277044,42.353389],[24.277938351,42.35110574],[24.242941,42.334295]]],[[[24.300339356,42.361884612],[24.298795,42.354164],[24.280518,42.348085],[24.275421254,42.349894568],[24.278076,42.350113],[24.300339356,42.361884612]]],[[[24.300137,42.362528],[24.299409,42.366527],[24.305508,42.366092],[24.303975,42.36788],[24.309146,42.374111],[24.317323,42.374084],[24.318499558,42.370622902],[24.300137,42.362528]]],[[[24.324005,42.373272],[24.325767,42.369028],[24.31893,42.368841],[24.318499558,42.370622902],[24.324005,42.373272]]],[[[24.324079,42.373286],[24.324287895,42.373245938],[24.324005,42.373272],[24.324079,42.373286]]],[[[24.328100385,42.372894707],[24.328226,42.370472],[24.324287895,42.373245938],[24.328100385,42.372894707]]],[[[24.328212,42.372951],[24.329078,42.372846],[24.329152916,42.372797741],[24.328100385,42.372894707],[24.328212,42.372951]]],[[[24.330725482,42.372652866],[24.329549,42.372311],[24.329152916,42.372797741],[24.330725482,42.372652866]]],[[[24.33077,42.372659],[24.343195,42.375823],[24.345451092,42.371296249],[24.330725482,42.372652866],[24.33077,42.372659]]],[[[24.354922339,42.370423698],[24.347888,42.369263],[24.345451092,42.371296249],[24.354922339,42.370423698]]],[[[24.355249,42.370478],[24.368097,42.372244],[24.365684,42.377632],[24.375802,42.372262],[24.379191,42.375601],[24.388483518,42.367331828],[24.355249,42.370478]]],[[[24.43685,42.362876],[24.434661,42.359826],[24.436656,42.357485],[24.432803,42.353823],[24.4238,42.351791],[24.410658,42.358506],[24.403258,42.35761],[24.400996,42.362856],[24.388483518,42.367331828],[24.43685,42.362876]]],[[[24.437104,42.362544],[24.468222,42.342656],[24.470433,42.337742],[24.466229,42.33712],[24.484764,42.323198],[24.483129,42.314767],[24.475221,42.309829],[24.480959,42.306609],[24.469978,42.29855],[24.463871656,42.301542486],[24.437104,42.362544]]],[[[24.479676106,42.265669685],[24.473101,42.266266],[24.475039,42.275647],[24.470975,42.281186],[24.452168,42.292988],[24.461073,42.302914],[24.463871656,42.301542486],[24.479676106,42.265669685]]],[[[24.481669,42.26547],[24.489151,42.264185],[24.492945729,42.235550415],[24.479676106,42.265669685],[24.481669,42.26547]]],[[[24.496637,42.227172],[24.495027,42.227113],[24.492945729,42.235550415],[24.496637,42.227172]]],[[[24.529964918,42.162205225],[24.518607,42.163785],[24.517929,42.180947],[24.499136,42.18072],[24.498795,42.191901],[24.491528,42.189764],[24.496637,42.227172],[24.529964918,42.162205225]]],[[[24.53094,42.162056],[24.535752,42.161368],[24.535824,42.150784],[24.529964918,42.162205225],[24.53094,42.162056]]],[[[24.535775,42.150756],[24.533198,42.149688],[24.532842339,42.149642349],[24.535824,42.150784],[24.535775,42.150756]]],[[[24.500752299,42.137355358],[24.502734,42.14171],[24.512272,42.146229],[24.532842339,42.149642349],[24.500752299,42.137355358]]],[[[24.50073,42.137305],[24.499431,42.134341],[24.495957,42.135481],[24.500752299,42.137355358],[24.50073,42.137305]]],[[[24.437723,42.113222],[24.432779,42.117544],[24.431441,42.124264],[24.443022,42.12465],[24.449254,42.133341],[24.439085,42.135279],[24.454522,42.13379],[24.443158,42.136317],[24.462732,42.139856],[24.472788,42.146578],[24.491887,42.145169],[24.49119,42.13831],[24.495944421,42.135514464],[24.437723,42.113222]]],[[[24.437734,42.113168],[24.431611,42.111116],[24.420713683,42.111229198],[24.437723,42.113222],[24.437734,42.113168]]],[[[24.412794384,42.110301377],[24.418615,42.111604],[24.420713683,42.111229198],[24.412794384,42.110301377]]],[[[24.410654,42.109758],[24.405618,42.108408],[24.403661022,42.109231317],[24.412794384,42.110301377],[24.410654,42.109758]]],[[[24.384522,42.106989],[24.395338,42.110609],[24.403661022,42.109231317],[24.384522,42.106989]]],[[[24.384127148,42.106995074],[24.384285,42.107045],[24.384522,42.106989],[24.384127148,42.106995074]]],[[[24.38412,42.106992],[24.375356,42.106002],[24.373554965,42.107157714],[24.384127148,42.106995074],[24.38412,42.106992]]],[[[24.370230917,42.10720885],[24.371949,42.10786],[24.373554965,42.107157714],[24.370230917,42.10720885]]],[[[24.369894,42.107105],[24.366309,42.10662],[24.365661068,42.107279151],[24.370230917,42.10720885],[24.369894,42.107105]]],[[[24.282726,42.108555],[24.281739,42.115785],[24.29693,42.114923],[24.32658,42.135864],[24.328542,42.133978],[24.332511,42.13994],[24.343987,42.13564],[24.365661068,42.107279151],[24.282726,42.108555]]],[[[24.278669598,42.096577392],[24.277447,42.101368],[24.282726,42.108555],[24.278669598,42.096577392]]],[[[24.278948,42.095998],[24.278715,42.09562],[24.27828,42.095427],[24.278669598,42.096577392],[24.278948,42.095998]]],[[[24.276039468,42.093851955],[24.276023,42.094412],[24.27828,42.095427],[24.276039468,42.093851955]]],[[[24.276061,42.093836],[24.273686,42.08211],[24.259879,42.06872],[24.218253316,42.053229563],[24.276061,42.093836]]],[[[24.213874,42.050151],[24.215169,42.051823],[24.218253316,42.053229563],[24.213874,42.050151]]]]}},{"type":"Feature","properties":{"slug":"smolyan","name_bg":"Смолян","name_en":"Smolian","source":"OpenStreetMap contributors, ODbL 1.0"},"geometry":{"type":"MultiPolygon","coordinates":[[[[24.5588407,41.5017315],[24.5592863,41.5216473],[24.5555928,41.5246749],[24.556028068,41.530761178],[24.5461792,41.5392639],[24.550259645,41.546896522],[24.5473656,41.5549917],[24.5388988,41.5581864],[24.5353816,41.5551141],[24.5330084,41.55769],[24.5349669,41.562616187],[24.5269532,41.5673421],[24.5249931,41.5687495],[24.5094768,41.5585307],[24.4990387,41.5586617],[24.464338,41.590487],[24.467476696,41.596423455],[24.4669379,41.6124382],[24.463945938,41.615518159],[24.440869,41.612318],[24.430899,41.613648],[24.426928,41.61598],[24.432814,41.621241],[24.435803,41.631722],[24.442615314,41.635163027],[24.434639,41.642198],[24.436832,41.643665],[24.433041,41.645402],[24.439387,41.65424],[24.461365857,41.647285304],[24.46913,41.652053],[24.471766,41.661585],[24.47914,41.657854],[24.486643,41.663],[24.48824,41.658036],[24.493394,41.659863],[24.492692,41.655674],[24.4978041,41.6573375],[24.4992838,41.654774],[24.524289,41.69182],[24.515306,41.698456],[24.5034656,41.7015769],[24.526845463,41.695582857],[24.56887,41.757806],[24.590062,41.746653],[24.589864462,41.739838103],[24.611677,41.724083],[24.62134673,41.712894322],[24.626351,41.713204],[24.630713,41.705391],[24.637491,41.706908],[24.643362,41.702947],[24.648196,41.693709],[24.655095,41.691548],[24.656801,41.68641],[24.662974,41.685567],[24.662664677,41.677532775],[24.668377177,41.672643789],[24.670521,41.677218],[24.67428,41.672592],[24.678658,41.675856],[24.685258,41.673366],[24.687628,41.66967],[24.684712,41.666554],[24.686184,41.657404],[24.709391,41.649633],[24.713513457,41.656926991],[24.714714,41.669529],[24.72071,41.670377],[24.733511,41.680082],[24.744276,41.68291],[24.739139,41.690821],[24.747622,41.690352],[24.753308,41.704306],[24.750824,41.713436],[24.75942,41.712322],[24.772628,41.72677],[24.787852,41.731593],[24.796189598,41.7181658],[24.79949,41.718846],[24.800391,41.711403],[24.805908,41.712077],[24.807691,41.709071],[24.830475,41.702151],[24.8324,41.703672],[24.87157,41.707413],[24.905703087,41.666666342],[24.914258,41.664805],[24.920431,41.659547],[24.920061,41.657377],[24.912658728,41.658362988],[24.955256,41.610508],[24.954689,41.608189],[24.911066901,41.571976509],[24.907952,41.558486],[24.910814,41.554513],[24.899809,41.553547],[24.894559,41.548055],[24.893059,41.537491],[24.882267,41.539265],[24.862177,41.531391],[24.765977,41.457564],[24.763372,41.455799],[24.761723,41.455214],[24.75971,41.453368],[24.755695,41.454261],[24.749809,41.439894],[24.742991,41.434354],[24.74465,41.43042],[24.740223,41.430647],[24.735139,41.42752],[24.732894,41.427305],[24.729269,41.422837],[24.7231265,41.417536],[24.7228015,41.41675],[24.7224528,41.416173],[24.6933833,41.4182086],[24.676165496,41.421980868],[24.6738612,41.4179841],[24.6613072,41.4187513],[24.6600705,41.4158374],[24.6577744,41.4177219],[24.658941,41.4241421],[24.6144601,41.4238513],[24.6120026,41.4247626],[24.5976332,41.4408039],[24.5957562,41.4478827],[24.5982313,41.4590926],[24.5958946,41.4628695],[24.5948676,41.4672157],[24.586955,41.4677951],[24.5860182,41.4681622],[24.5849456,41.4686232],[24.5844747,41.4690701],[24.582336482,41.473061363],[24.5798595,41.4743067],[24.5723999,41.4750688],[24.568558953,41.49001803],[24.5588407,41.5017315]]]]}},{"type":"Feature","properties":{"slug":"blagoevgrad","name_bg":"Благоевград","name_en":"Blagoevgrad","source":"OpenStreetMap contributors, ODbL 1.0"},"geometry":{"type":"MultiPolygon","coordinates":[[[[22.900563191,41.883263628],[22.900649742,41.882798997],[22.900527,41.883031],[22.900563191,41.883263628]]],[[[22.900226584,41.885070648],[22.900762,41.884662],[22.900563191,41.883263628],[22.900226584,41.885070648]]],[[[22.900082,41.885181],[22.899057,41.887588],[22.899486007,41.889046316],[22.900226584,41.885070648],[22.900082,41.885181]]],[[[22.898635136,41.893614079],[22.901725,41.89127],[22.899486007,41.889046316],[22.898635136,41.893614079]]],[[[22.898476,41.893679],[22.89695,41.897553],[22.897522451,41.899587351],[22.898635136,41.893614079],[22.898476,41.893679]]],[[[22.8962204,41.9065772],[22.899335,41.90391],[22.897522451,41.899587351],[22.8962204,41.9065772]]],[[[22.882827736,41.921692574],[22.891297,41.919139],[22.8962204,41.9065772],[22.882827736,41.921692574]]],[[[22.882506,41.921996],[22.8823808,41.922197],[22.882827736,41.921692574],[22.882506,41.921996]]],[[[22.882098,41.922651],[22.873801,41.935989],[22.878064,41.942482],[22.875098,41.944657],[22.873711,41.954674],[22.878502154,41.975640174],[22.882098,41.922651]]],[[[22.87846,41.976221],[22.87855,41.975716],[22.878502154,41.975640174],[22.87846,41.976221]]],[[[22.877554,41.976926],[22.874247,41.978275],[22.874830274,41.982432889],[22.87846,41.976221],[22.877554,41.976926]]],[[[22.86377229,42.001357447],[22.875661,41.996796],[22.874830274,41.982432889],[22.86377229,42.001357447]]],[[[22.863762,42.001361],[22.8636284,42.0016037],[22.86377229,42.001357447],[22.863762,42.001361]]],[[[22.86349,42.001855],[22.863502,42.00272],[22.863856818,42.003565383],[22.8636284,42.0016037],[22.86349,42.001855]]],[[[22.866042,42.022332],[22.87007,42.010551],[22.863856818,42.003565383],[22.866042,42.022332]]],[[[22.900369,42.065221],[22.901244,42.060232],[22.912465,42.048268],[22.903111,42.046119],[22.893085,42.026712],[22.887429,42.026049],[22.883671,42.032527],[22.879189,42.032866],[22.866042,42.022332],[22.900369,42.065221]]],[[[22.900484,42.065424],[22.918158,42.079134],[22.927542,42.079706],[22.940523,42.0968],[22.956514,42.09268],[22.960679,42.072473],[22.967483433,42.071352551],[22.900484,42.065424]]],[[[23.180022,42.09077],[23.17801,42.083218],[23.149535,42.07602],[23.133365,42.062634],[23.114697,42.058886],[23.093166,42.060554],[23.087331,42.050919],[23.068453,42.050026],[23.062117,42.045987],[23.057333,42.046678],[23.056091,42.041797],[23.034851,42.047037],[23.032693,42.05415],[23.025641,42.056549],[23.027677,42.066913],[23.016752,42.067997],[22.997878,42.063821],[22.975398,42.06577],[22.967483433,42.071352551],[23.180022,42.09077]]],[[[23.180135,42.090887],[23.19925,42.098765],[23.202821,42.094443],[23.214914,42.094554],[23.220767,42.090051],[23.234079,42.093969],[23.247179,42.090158],[23.262808,42.090783],[23.269288,42.087615],[23.270262,42.083556],[23.288171,42.080121],[23.296774,42.08248],[23.30889,42.079805],[23.312149436,42.075994446],[23.180135,42.090887]]],[[[23.443176,42.061342],[23.415305,42.05226],[23.389543,42.060677],[23.319956,42.066957],[23.312149436,42.075994446],[23.443176,42.061342]]],[[[23.44302,42.057941],[23.442985774,42.057649417],[23.443176,42.061342],[23.44302,42.057941]]],[[[23.442823992,42.054508976],[23.442694,42.055789],[23.442985774,42.057649417],[23.442823992,42.054508976]]],[[[23.442842,42.054395],[23.442796428,42.053973913],[23.442823992,42.054508976],[23.442842,42.054395]]],[[[23.442793508,42.053917237],[23.442792,42.053933],[23.442796428,42.053973913],[23.442793508,42.053917237]]],[[[23.442834,42.053494],[23.442848,42.053207],[23.442749973,42.053072156],[23.442793508,42.053917237],[23.442834,42.053494]]],[[[23.442051,42.039504],[23.439713,42.047086],[23.442749973,42.053072156],[23.442051,42.039504]]],[[[23.424201665,42.02498169],[23.425157,42.035806],[23.442051,42.039504],[23.424201665,42.02498169]]],[[[23.424912,42.024174],[23.427022,42.023604],[23.425323,42.021256],[23.404032228,42.008571734],[23.424912,42.024174]]],[[[23.400212439,42.005463934],[23.400031,42.008964],[23.404032228,42.008571734],[23.400212439,42.005463934]]],[[[23.399858,42.005008],[23.395997,42.000349],[23.391369926,41.998269621],[23.400212439,42.005463934],[23.399858,42.005008]]],[[[23.365756,41.97743],[23.377776,42.000674],[23.391369926,41.998269621],[23.365756,41.97743]]],[[[23.191605737,41.963142325],[23.204501,41.976626],[23.208825,41.988629],[23.219654,41.990086],[23.225992,41.996019],[23.2441,42.003297],[23.251617,42.001934],[23.252763,42.007312],[23.266003,42.018056],[23.289581,42.01012],[23.296639,41.99555],[23.311593,41.995255],[23.331147,41.983525],[23.365756,41.97743],[23.191605737,41.963142325]]],[[[23.1916,41.963123],[23.172943,41.956651],[23.153672,41.955915],[23.141845,41.940319],[23.116092,41.932733],[23.111925,41.933859],[23.111652,41.939166],[23.105011,41.940603],[23.102803,41.944196],[23.097877,41.94361],[23.094678,41.947492],[23.1036166,41.9559235],[23.1916,41.963123]]],[[[23.057561439,41.95836864],[23.063077,41.963181],[23.0723,41.959032],[23.094685,41.960547],[23.1036166,41.9559235],[23.057561439,41.95836864]]],[[[23.057526,41.958321],[23.053594,41.953551],[23.050734,41.958656],[23.050765185,41.958729463],[23.057526,41.958321]]],[[[23.0455,41.959009],[23.049094,41.959845],[23.051207,41.961289],[23.050765185,41.958729463],[23.0455,41.959009]]],[[[23.035479538,41.930959654],[23.034673,41.937708],[23.037897,41.941507],[23.03392,41.947034],[23.034694,41.952977],[23.0455,41.959009],[23.035479538,41.930959654]]],[[[23.035535,41.930924],[23.037756,41.928152],[23.034131,41.922865],[23.039453,41.915829],[23.036663,41.909388],[23.026380659,41.90549001],[23.035535,41.930924]]],[[[23.023735029,41.898084344],[23.022308,41.90263],[23.026380659,41.90549001],[23.023735029,41.898084344]]],[[[23.023761,41.898034],[23.02367,41.897617],[23.023381795,41.897095567],[23.023735029,41.898084344],[23.023761,41.898034]]],[[[23.023047425,41.896159597],[23.022778,41.896781],[23.023381795,41.897095567],[23.023047425,41.896159597]]],[[[23.023134,41.896055],[23.023141,41.89578],[23.022805,41.895481],[23.023047425,41.896159597],[23.023134,41.896055]]],[[[23.022536101,41.895329272],[23.022673,41.895431],[23.022805,41.895481],[23.022536101,41.895329272]]],[[[23.022469,41.895243],[23.025241,41.889331],[23.01704,41.878899],[23.011275,41.86165],[22.982863,41.857085],[22.976911,41.850807],[22.977577,41.845574],[22.968643,41.845636],[22.964401,41.842409],[22.945244681,41.851717203],[23.022469,41.895243]]],[[[22.937014,41.847073],[22.942197,41.850985],[22.945244681,41.851717203],[22.937014,41.847073]]],[[[22.936569,41.847171],[22.93374,41.847934],[22.930659228,41.852376618],[22.937014,41.847073],[22.936569,41.847171]]],[[[22.902615,41.875782],[22.9162824,41.8767879],[22.927846,41.862193],[22.930659228,41.852376618],[22.902615,41.875782]]],[[[22.902232,41.876325],[22.9016111,41.8776381],[22.902615,41.875782],[22.902232,41.876325]]],[[[22.901379,41.878129],[22.90112,41.87934],[22.90119696,41.879861343],[22.9016111,41.8776381],[22.901379,41.878129]]],[[[22.900649742,41.882798997],[22.901849,41.88161],[22.90119696,41.879861343],[22.900649742,41.882798997]]]]}},{"type":"Feature","properties":{"slug":"pernik","name_bg":"Перник","name_en":"Pernik","source":"OpenStreetMap contributors, ODbL 1.0"},"geometry":{"type":"MultiPolygon","coordinates":[[[[22.879514,42.586926],[22.879327192,42.587516465],[22.88017,42.586203],[22.879812,42.586418],[22.879514,42.586926]]],[[[22.878790604,42.588352705],[22.879248,42.587878],[22.879327192,42.587516465],[22.878790604,42.588352705]]],[[[22.878769,42.588366],[22.87871978,42.58846308],[22.878790604,42.588352705],[22.878769,42.588366]]],[[[22.877574486,42.590247952],[22.878271,42.589612],[22.87871978,42.58846308],[22.877574486,42.590247952]]],[[[22.877233,42.590471],[22.865296,42.598453],[22.854905,42.599475],[22.862291754,42.614065165],[22.877233,42.590471]]],[[[22.854511,42.626191],[22.857829,42.626841],[22.864117,42.621567],[22.862291754,42.614065165],[22.854511,42.626191]]],[[[22.854831,42.626487],[22.856868,42.62837],[22.858166996,42.627960006],[22.854511,42.626191],[22.854831,42.626487]]],[[[22.867691758,42.632568698],[22.861982,42.62638],[22.858166996,42.627960006],[22.867691758,42.632568698]]],[[[22.867833,42.632789],[22.873335,42.638912],[22.874339,42.647964],[22.886847,42.652127],[22.904219,42.665741],[22.916077,42.665902],[22.927114,42.661321],[22.867833,42.632789]]],[[[22.955645551,42.705848009],[22.962163,42.68728],[22.969374,42.689776],[22.974204,42.680436],[22.977348,42.680266],[22.974668,42.667944],[22.961983,42.656871],[22.957808,42.659045],[22.943562,42.652914],[22.945021,42.650442],[22.929212,42.645267],[22.924535,42.64916],[22.922814214,42.659240487],[22.927114,42.661321],[22.955645551,42.705848009]]],[[[22.955636,42.705865],[22.954965,42.724584],[22.965793,42.737682],[22.972128112,42.731571081],[22.955636,42.705865]]],[[[22.986909713,42.754639595],[22.988926,42.752753],[22.984778,42.751261],[22.984953,42.747907],[22.994855,42.741127],[22.989721,42.733916],[22.980572,42.735899],[22.972128112,42.731571081],[22.986909713,42.754639595]]],[[[22.986827,42.754735],[22.986104,42.755343],[22.987932,42.756235],[22.986909713,42.754639595],[22.986827,42.754735]]],[[[23.00070333,42.755659087],[22.989896,42.755316],[22.987932,42.756235],[23.00070333,42.755659087]]],[[[23.000753,42.75566],[23.002776,42.755732],[23.00458036,42.755484255],[23.00070333,42.755659087],[23.000753,42.75566]]],[[[23.015302271,42.755000759],[23.011774,42.752064],[23.00458036,42.755484255],[23.015302271,42.755000759]]],[[[23.015425,42.755102],[23.01886,42.755305],[23.021419987,42.754724886],[23.015302271,42.755000759],[23.015425,42.755102]]],[[[23.0224708,42.7546775],[23.021473,42.75472],[23.021419987,42.754724886],[23.0224708,42.7546775]]],[[[23.022848,42.754663],[23.03065,42.756266],[23.04091,42.754313],[23.0342856,42.7497733],[23.022848,42.754663]]],[[[23.05645,42.712732],[23.046518,42.715205],[23.046534,42.71755],[23.044102,42.715419],[23.037386,42.717373],[23.040846,42.723363],[23.032035,42.733432],[23.034258,42.736997],[23.03187,42.747465],[23.0342856,42.7497733],[23.05645,42.712732]]],[[[23.10582,42.6949076],[23.101822,42.693085],[23.09763,42.695721],[23.08585,42.691858],[23.079482,42.695094],[23.068667,42.693855],[23.066343,42.698535],[23.059231,42.697189],[23.051083,42.702075],[23.05645,42.712732],[23.10582,42.6949076]]],[[[23.1423084,42.6668853],[23.124004,42.670012],[23.118341,42.667234],[23.115134,42.672611],[23.109502,42.674395],[23.109842,42.684171],[23.103011,42.689464],[23.104108,42.692592],[23.10582,42.6949076],[23.1423084,42.6668853]]],[[[23.142775,42.666955],[23.143511,42.667125],[23.144551139,42.666079578],[23.1423084,42.6668853],[23.142775,42.666955]]],[[[23.163597861,42.659236895],[23.146709,42.662289],[23.144551139,42.666079578],[23.163597861,42.659236895]]],[[[23.164017,42.659355],[23.167622,42.658503],[23.168388,42.657516],[23.163597861,42.659236895],[23.164017,42.659355]]],[[[23.170093512,42.654462877],[23.168006,42.656004],[23.168388,42.657516],[23.170093512,42.654462877]]],[[[23.170716,42.654097],[23.172619,42.653284],[23.171760608,42.651478525],[23.170093512,42.654462877],[23.170716,42.654097]]],[[[23.1730337,42.6491995],[23.171928,42.650301],[23.171760608,42.651478525],[23.1730337,42.6491995]]],[[[23.172894562,42.626536269],[23.162697,42.641582],[23.1730337,42.6491995],[23.172894562,42.626536269]]],[[[23.173166,42.626405],[23.175252,42.623508],[23.172862327,42.621285793],[23.172894562,42.626536269],[23.173166,42.626405]]],[[[23.172830841,42.61615712],[23.170387,42.617801],[23.172862327,42.621285793],[23.172830841,42.61615712]]],[[[23.172831,42.616157],[23.1728308,42.6161505],[23.172830841,42.61615712],[23.172831,42.616157]]],[[[23.172822,42.616082],[23.171841,42.613645],[23.164828332,42.610262478],[23.1728308,42.6161505],[23.172822,42.616082]]],[[[23.140979262,42.592714909],[23.152989,42.605476],[23.164828332,42.610262478],[23.140979262,42.592714909]]],[[[23.141066,42.592459],[23.140405,42.592033],[23.13943,42.591575],[23.140979262,42.592714909],[23.141066,42.592459]]],[[[23.153409621,42.590433629],[23.146383,42.586655],[23.139313,42.59156],[23.13943,42.591575],[23.153409621,42.590433629]]],[[[23.153664,42.590498],[23.186454,42.592342],[23.207887578,42.585985756],[23.153409621,42.590433629],[23.153664,42.590498]]],[[[23.2116864,42.5856756],[23.209201,42.584941],[23.207887578,42.585985756],[23.2116864,42.5856756]]],[[[23.21217,42.585592],[23.224221,42.583009],[23.229420732,42.57667945],[23.2116864,42.5856756],[23.21217,42.585592]]],[[[23.232645654,42.575043533],[23.230463,42.574971],[23.229420732,42.57667945],[23.232645654,42.575043533]]],[[[23.232752,42.575086],[23.233175,42.57506],[23.233396053,42.574662876],[23.232645654,42.575043533],[23.232752,42.575086]]],[[[23.23405138,42.574330446],[23.233424,42.574529],[23.233396053,42.574662876],[23.23405138,42.574330446]]],[[[23.234625,42.574197],[23.2366,42.573522],[23.237543392,42.572559043],[23.23405138,42.574330446],[23.234625,42.574197]]],[[[23.240601,42.571008],[23.238119,42.570669],[23.237272,42.5724],[23.237543392,42.572559043],[23.240601,42.571008]]],[[[23.240481,42.571203],[23.248009,42.571714],[23.250793656,42.568888453],[23.240601,42.571008],[23.240481,42.571203]]],[[[23.275602436,42.563729505],[23.258543,42.563684],[23.250793656,42.568888453],[23.275602436,42.563729505]]],[[[23.276311,42.563817],[23.282705,42.563486],[23.2853669,42.561699],[23.275602436,42.563729505],[23.276311,42.563817]]],[[[23.285858,42.561247],[23.286065482,42.560882619],[23.2853669,42.561699],[23.285858,42.561247]]],[[[23.2998368,42.5447891],[23.287932,42.554187],[23.286065482,42.560882619],[23.2998368,42.5447891]]],[[[23.299926,42.544611],[23.296947,42.536078],[23.290175,42.532721],[23.2998368,42.5447891],[23.299926,42.544611]]],[[[23.257138742,42.508388209],[23.268384,42.52559],[23.279517,42.533458],[23.290175,42.532721],[23.257138742,42.508388209]]],[[[23.256631,42.507677],[23.254359,42.496715],[23.237596519,42.493994423],[23.257138742,42.508388209],[23.256631,42.507677]]],[[[23.236447873,42.49314839],[23.237543,42.49405],[23.237596519,42.493994423],[23.236447873,42.49314839]]],[[[23.236064,42.492733],[23.234902,42.491737],[23.234124189,42.491436885],[23.236447873,42.49314839],[23.236064,42.492733]]],[[[23.233975,42.491327],[23.233968,42.491362],[23.234124189,42.491436885],[23.233975,42.491327]]],[[[23.233825403,42.491042096],[23.233828,42.491197],[23.233975,42.491327],[23.233825403,42.491042096]]],[[[23.233805,42.490865],[23.232977,42.482806],[23.225897038,42.475942723],[23.233825403,42.491042096],[23.233805,42.490865]]],[[[23.220701,42.466047],[23.221066,42.472803],[23.225897038,42.475942723],[23.220701,42.466047]]],[[[23.219556681,42.46628],[23.219923,42.46628],[23.220701,42.466047],[23.219556681,42.46628]]],[[[23.219408,42.46628],[23.219333482,42.466325447],[23.219556681,42.46628],[23.219408,42.46628]]],[[[23.204085074,42.469430246],[23.211435,42.46932],[23.219333482,42.466325447],[23.204085074,42.469430246]]],[[[23.203832,42.469393],[23.195902,42.467003],[23.187932,42.459019],[23.178643,42.459566],[23.164727,42.463304],[23.154423989,42.479541969],[23.203832,42.469393]]],[[[23.14606,42.481245],[23.151986,42.48046],[23.154423989,42.479541969],[23.14606,42.481245]]],[[[23.14544,42.481396],[23.140042,42.482416],[23.129742194,42.487686326],[23.14606,42.481245],[23.14544,42.481396]]],[[[23.127727241,42.488481713],[23.128961,42.488267],[23.129742194,42.487686326],[23.127727241,42.488481713]]],[[[23.126722,42.487977],[23.126485,42.488176],[23.124619117,42.489708621],[23.127727241,42.488481713],[23.126722,42.487977]]],[[[22.88017,42.586203],[22.883511,42.590128],[22.914541,42.582244],[22.934737,42.587789],[22.939193,42.581384],[22.946493,42.582593],[22.944045,42.57678],[22.971104,42.579367],[22.976098,42.574171],[22.995304,42.571656],[23.004362,42.567328],[23.011162,42.570045],[23.025631,42.567765],[23.029793,42.571228],[23.034618,42.557795],[23.049408,42.555797],[23.050771,42.551262],[23.067013,42.53994],[23.068019,42.533211],[23.079953,42.530154],[23.080583,42.524938],[23.089758,42.524057],[23.101609,42.515782],[23.124619117,42.489708621],[22.88017,42.586203]]]]}},{"type":"Feature","properties":{"slug":"yambol","name_bg":"Ямбол","name_en":"Yambol","source":"OpenStreetMap contributors, ODbL 1.0"},"geometry":{"type":"MultiPolygon","coordinates":[[[[26.431432,42.442474],[26.42538,42.446455],[26.430606812,42.450096037],[26.431885,42.439461],[26.431432,42.442474]]],[[[26.425650898,42.491331235],[26.437657,42.474233],[26.441289,42.459093],[26.434632,42.458901],[26.435911,42.453269],[26.431152,42.453619],[26.430606812,42.450096037],[26.425650898,42.491331235]]],[[[26.425632,42.491348],[26.424788,42.492446],[26.425131,42.495657],[26.425650898,42.491331235],[26.425632,42.491348]]],[[[26.443093,42.509512],[26.442862,42.504297],[26.436741,42.504347],[26.436548,42.498505],[26.432734,42.498693],[26.434365,42.495889],[26.425131,42.495657],[26.443093,42.509512]]],[[[26.443634,42.509798],[26.447901,42.51368],[26.459381123,42.508446779],[26.443093,42.509512],[26.443634,42.509798]]],[[[26.4801473,42.5070887],[26.466296,42.507206],[26.459381123,42.508446779],[26.4801473,42.5070887]]],[[[26.497823138,42.547625816],[26.49648,42.534908],[26.50793,42.529409],[26.510218,42.531235],[26.512291,42.527699],[26.502521,42.523238],[26.503773,42.51326],[26.4857586,42.5163273],[26.4801473,42.5070887],[26.497823138,42.547625816]]],[[[26.497721,42.551417],[26.4999654,42.5525388],[26.497823138,42.547625816],[26.497721,42.551417]]],[[[26.501146,42.553068],[26.501923219,42.552288211],[26.4999654,42.5525388],[26.501146,42.553068]]],[[[26.508469786,42.55145029],[26.504622,42.547635],[26.501923219,42.552288211],[26.508469786,42.55145029]]],[[[26.508475,42.551492],[26.518328,42.553648],[26.523124,42.549662],[26.527235,42.551192],[26.5325396,42.5483695],[26.508475,42.551492]]],[[[26.553842,42.515536],[26.527709,42.508687],[26.522534,42.509876],[26.524778,42.513323],[26.531304,42.514016],[26.53301,42.518086],[26.527303,42.521752],[26.53352,42.525075],[26.537526,42.535614],[26.533492,42.538278],[26.536156,42.541769],[26.531033,42.545466],[26.5325396,42.5483695],[26.553842,42.515536]]],[[[26.553926,42.515437],[26.561646,42.506498],[26.567776,42.484538],[26.553842,42.515536],[26.553926,42.515437]]],[[[26.549988106,42.464816423],[26.565273,42.483388],[26.567776,42.484538],[26.549988106,42.464816423]]],[[[26.54996,42.464784],[26.54993,42.464752],[26.549988106,42.464816423],[26.54996,42.464784]]],[[[26.516635,42.426452],[26.511666,42.43014],[26.507232,42.450459],[26.51304,42.458733],[26.528372,42.455294],[26.535202,42.457174],[26.533776,42.460406],[26.540851,42.468037],[26.54993,42.464752],[26.516635,42.426452]]],[[[26.516171,42.426147],[26.511964,42.424349],[26.510929481,42.425405614],[26.516635,42.426452],[26.516171,42.426147]]],[[[26.4675862,42.4174565],[26.476632,42.427221],[26.476168,42.430773],[26.500288,42.433742],[26.511926,42.428415],[26.510929481,42.425405614],[26.4675862,42.4174565]]],[[[26.467204,42.417355],[26.466212615,42.418303112],[26.4675862,42.4174565],[26.467204,42.417355]]],[[[26.431885,42.439461],[26.4417079,42.4399306],[26.466212615,42.418303112],[26.431885,42.439461]]]]}}]}