{"type":"FeatureCollection","features":[{"type":"Feature","properties":{"slug":"stara-zagora","name_bg":"Стара Загора","name_en":"Stara Zagora","source":"OpenStreetMap contributors, ODbL 1.0"},"geometry":{"type":"MultiPolygon","coordinates":[[[[25.084753,42.228273],[25.084154,42.23313],[25.0842123,42.2332482],[25.083067,42.254921],[25.083016,42.256018],[25.099,42.262574],[25.134535924,42.264190027],[25.173744,42.271251],[25.16753,42.277962],[25.166345336,42.279584781],[25.15578,42.280527],[25.15324,42.290705],[25.155218,42.2921185],[25.126073,42.28614],[25.11275,42.343667],[25.120614481,42.360412056],[25.118253,42.363904],[25.1226924,42.3661774],[25.119511,42.367732],[25.113374,42.391287],[25.115332,42.395194],[25.112294,42.396383],[25.117399,42.397069],[25.121746,42.416488],[25.129355929,42.421067268],[25.130504,42.423495],[25.1306007,42.4236598],[25.132069,42.42391],[25.132942,42.42364],[25.153176328,42.41048456],[25.165498,42.40886],[25.167741,42.405072],[25.179892,42.39993],[25.178826,42.394947],[25.181986,42.39216],[25.199608,42.422147],[25.191259,42.427662],[25.185036615,42.432700916],[25.164616,42.439354],[25.154603,42.446754],[25.153706,42.45439],[25.153956,42.456431],[25.161645,42.464865],[25.177113667,42.477921305],[25.178254,42.482866],[25.191291,42.491788],[25.177193,42.491956],[25.175479017,42.497733577],[25.162056,42.501113],[25.1543504,42.5056783],[25.138947,42.498973],[25.119553,42.499332],[25.085019,42.494165],[25.076932,42.494153],[25.074415284,42.499654405],[25.058482654,42.511591606],[25.038387,42.518793],[25.039028164,42.526167489],[25.016935,42.540382],[25.016799,42.541257],[25.015533876,42.573972015],[25.014391,42.577741],[25.000561,42.588312],[25.014059,42.597686],[25.00434,42.607903],[25.013847,42.616868],[25.013527,42.618739],[25.0169421,42.6353438],[25.015241,42.678989],[25.015328,42.71153],[25.005428,42.735332],[25.0071053,42.7421588],[24.9990283,42.7467563],[24.9850242,42.7444939],[24.9851794,42.7476426],[24.9825314,42.7473172],[24.9809532,42.749213],[24.9934203,42.7506478],[24.9877152,42.7511498],[24.9903725,42.7532855],[24.9953096,42.751834],[24.9967646,42.7476702],[25.0141439,42.7467518],[25.014627,42.748626],[25.025169,42.751448],[25.031061,42.761707],[25.038675,42.76022],[25.0425,42.75207],[25.049618,42.748513],[25.069497,42.746442],[25.070066,42.746754],[25.101032472,42.754340407],[25.1042,42.759633],[25.1159146,42.7580678],[25.179003,42.789409],[25.210254,42.780951],[25.211649,42.774735],[25.221385,42.768368],[25.225715128,42.758560749],[25.2498282,42.7426928],[25.267367,42.764841],[25.275139,42.763942],[25.280859,42.758061],[25.282496,42.750148],[25.291153,42.754523],[25.317589,42.757336],[25.371915,42.741491],[25.384431,42.74103],[25.393900461,42.740004798],[25.403362,42.743442],[25.4109376,42.7388531],[25.4346032,42.7611909],[25.442992,42.763821],[25.452125,42.761553],[25.468454,42.764564],[25.475111,42.754873],[25.4845244,42.7577116],[25.486411,42.759163],[25.49042,42.76075],[25.49867,42.762544],[25.503679,42.766025],[25.512186,42.766221],[25.527948,42.762535],[25.544387,42.753141],[25.553521,42.762151],[25.563053,42.761235],[25.569869,42.770253],[25.586671,42.754943],[25.597378413,42.749506328],[25.612262711,42.748485416],[25.609289,42.750944],[25.618284,42.757501],[25.62568,42.759886],[25.633829,42.757493],[25.627980058,42.766578166],[25.60986,42.768717],[25.603364,42.772562],[25.608495,42.784804],[25.681047,42.808123],[25.698942,42.808626],[25.715322,42.804243],[25.766299,42.7820743],[25.812146,42.782907],[25.816917,42.779004],[25.836301,42.778141],[25.844876,42.773119],[25.846099,42.769344],[25.819659231,42.761839721],[25.8113672,42.7546861],[25.815221,42.747539],[25.822069,42.747201],[25.817864,42.740837],[25.819975,42.73566],[25.836129,42.726582],[25.834923,42.720988],[25.84287,42.699255],[25.842012,42.691644],[25.845916,42.690529],[25.857093,42.675122],[25.860841,42.660652],[25.867755,42.656767],[25.866015,42.648971],[25.8561734,42.6427245],[25.885152,42.596917],[25.885694,42.591733],[25.884703,42.587396],[25.899708,42.59247],[25.90682,42.589364],[25.911745,42.582457],[25.902914,42.582967],[25.895368,42.576987],[25.899049,42.571913],[25.885641,42.560053],[25.878931,42.557736],[25.866991,42.559309],[25.859647,42.555182],[25.844788,42.556874],[25.847669,42.551221],[25.847784518,42.547978275],[25.860474,42.536726],[25.862248,42.537961],[25.875333,42.523072],[25.877138,42.510499],[25.882474,42.512929],[25.894727,42.496951],[25.899092,42.495413],[25.914373,42.472557],[25.907073,42.470654],[25.911117,42.464832],[25.879423,42.456996],[25.890917132,42.419931016],[25.898326,42.420009],[25.901642,42.411471],[25.904829,42.387669],[25.90226666,42.386237813],[25.908916,42.366498],[25.91248,42.366659],[26.175719,42.261456],[26.192595,42.209673],[26.192721,42.208125],[26.165878167,42.182039833],[26.168491,42.174437],[26.166747,42.17073],[26.146512081,42.163220376],[26.143783336,42.160568652],[26.146374,42.156903],[26.13763,42.154589],[26.143545833,42.093069567],[26.156865,42.078512],[26.151369,42.07159],[26.155989,42.059816],[26.152825,42.03929],[26.149067,42.036949],[26.093062135,42.038088635],[26.087594,42.031887],[26.057755,42.017654],[26.026187,42.030216],[26.028565,42.034897],[26.022997,42.039321],[26.020439,42.039536],[25.811111526,42.082272066],[25.810347,42.081389],[25.805959,42.083324],[25.803238,42.076469],[25.795382221,42.074142194],[25.779713516,42.060540038],[25.780497,42.057201],[25.775487,42.055671],[25.772052,42.053889],[25.770469,42.053413],[25.763594,42.052387],[25.757729,42.057081],[25.761792737,42.063156074],[25.756889032,42.067585534],[25.740565,42.067874],[25.729308,42.079197],[25.740521,42.08066],[25.72669,42.089393],[25.72185135,42.099234665],[25.670633549,42.145499112],[25.664634,42.144407],[25.663946,42.139433],[25.646679,42.13598],[25.637332,42.127393],[25.636035,42.122493],[25.61728,42.13443],[25.622671,42.136395],[25.617279,42.140669],[25.622728,42.146788],[25.618812,42.153246],[25.621137,42.17257],[25.625511,42.172199],[25.630138299,42.182078002],[25.609238,42.200957],[25.597606469,42.196953013],[25.596086,42.190031],[25.593589,42.190014],[25.593814729,42.195647761],[25.590832,42.194621],[25.5877249,42.1840905],[25.5794116,42.1736507],[25.5816854,42.1685712],[25.5684188,42.1673497],[25.5688211,42.165073],[25.5640915,42.1643529],[25.5585685,42.1607419],[25.557625775,42.160571555],[25.5571304,42.1600636],[25.5501093,42.157079],[25.5238621,42.1658514],[25.527497,42.1679617],[25.5187103,42.1765405],[25.5134777,42.1736646],[25.5059031,42.1741123],[25.4832206,42.1619367],[25.478285559,42.16286631],[25.4579422,42.1545824],[25.4580228,42.1502539],[25.45791368,42.148603795],[25.4616932,42.148418],[25.4614667,42.1410511],[25.4665408,42.1397314],[25.4657421,42.12361],[25.4577419,42.112594],[25.4572583,42.1124055],[25.4509409,42.1113577],[25.4473339,42.1009871],[25.438020777,42.099063326],[25.4277848,42.0893231],[25.4276058,42.0893244],[25.4244255,42.089874],[25.4184281,42.0917062],[25.4059231,42.0977821],[25.4006034,42.1039979],[25.3795902,42.1047246],[25.3782847,42.1049243],[25.347991146,42.114347907],[25.3324415,42.1135161],[25.3291687,42.1181317],[25.3156026,42.1483303],[25.2942799,42.1470827],[25.2761835,42.1529608],[25.2754088,42.1553344],[25.2805301,42.1540219],[25.2764171,42.1559777],[25.259815413,42.184396479],[25.22381,42.1642202],[25.2167854,42.1640641],[25.2160797,42.1594401],[25.2078667,42.1595466],[25.2093939,42.1638476],[25.1972743,42.1659151],[25.195947802,42.174086931],[25.175083,42.1695279],[25.1754603,42.1801173],[25.16661355,42.18021549],[25.1699802,42.1697221],[25.164839598,42.170090874],[25.163132891,42.159710791],[25.1671516,42.1521396],[25.161831607,42.151796465],[25.160436672,42.143312559],[25.1660638,42.1423365],[25.1594685,42.1383738],[25.1559494,42.1397493],[25.145788,42.158528],[25.124735,42.159254],[25.11551,42.169072],[25.081823,42.182352],[25.084753,42.228273]],[[25.612299,42.748472],[25.612463,42.748442],[25.612690438,42.748456078],[25.612262711,42.748485416],[25.612299,42.748472]],[[25.614772172,42.748313292],[25.614106,42.749688],[25.61268,42.748724],[25.612690438,42.748456078],[25.614772172,42.748313292]],[[25.615049,42.748239],[25.615198,42.747812],[25.616924705,42.748165651],[25.614772172,42.748313292],[25.615049,42.748239]],[[25.619194,42.74801],[25.618086,42.74843],[25.616924705,42.748165651],[25.619194,42.74801]],[[25.259835,42.184407],[25.2598128,42.1843998],[25.259815413,42.184396479],[25.259835,42.184407]],[[25.166613,42.1802172],[25.1665851,42.1802168],[25.1665045,42.1802167],[25.16661355,42.18021549],[25.166613,42.1802172]],[[25.1603807,42.143325],[25.1602695,42.1431971],[25.160362784,42.142863173],[25.160436672,42.143312559],[25.1603807,42.143325]],[[25.160203158,42.14189234],[25.1608843,42.1420665],[25.1611135,42.1425062],[25.160362784,42.142863173],[25.160203158,42.14189234]]],[[[25.013506,42.7541276],[25.0124142,42.7522095],[25.0049045,42.7556108],[25.0016816,42.752702],[24.9978773,42.7540296],[25.0011787,42.7593618],[25.0095424,42.759037],[25.009437,42.7619648],[25.015417,42.767002],[25.0155493,42.754716],[25.013506,42.7541276]]]]}},{"type":"Feature","properties":{"slug":"varna","name_bg":"Варна","name_en":"Varna","source":"OpenStreetMap contributors, ODbL 1.0"},"geometry":{"type":"MultiPolygon","coordinates":[[[[27.093657,42.95558],[27.088056582,42.968115377],[27.071856,42.971879],[27.065738,42.984252],[27.070739,42.989655],[27.067627,43.001156],[27.070746,43.006185],[27.068992,43.010412],[27.074054,43.015788],[27.113956,43.032415],[27.124018,43.031508],[27.1290433,43.0330322],[27.130346,43.033155],[27.151071,43.032945],[27.153702,43.030767],[27.1827141,43.0456861],[27.21629,43.042831],[27.2329783,43.0401158],[27.212667,43.048646],[27.218788128,43.054015484],[27.208246,43.063725],[27.208185,43.0637985],[27.208175,43.063937],[27.206677,43.065843],[27.206551,43.066348],[27.213922,43.074194],[27.187116,43.07562],[27.183382,43.071582],[27.174168,43.074134],[27.166051,43.076796],[27.16544,43.077049],[27.175515,43.097367],[27.163046,43.102832],[27.161408,43.106046],[27.1720033,43.112201518],[27.165614,43.118469],[27.170157,43.121894],[27.180702,43.122657],[27.182009,43.137611],[27.187768,43.136787],[27.187666,43.13982],[27.195801,43.137992],[27.196342,43.151595],[27.2118244,43.1538552],[27.201232469,43.163562992],[27.180368,43.16601],[27.183703,43.168434],[27.185116,43.174984],[27.1858075,43.175075],[27.2666216,43.1839056],[27.266635537,43.181859682],[27.2942862,43.1813511],[27.2954152,43.1797351],[27.2939804,43.1897383],[27.2940361,43.1898341],[27.2827519,43.1964971],[27.281691,43.2080108],[27.2730649,43.2243758],[27.2773446,43.2351764],[27.2752422,43.2460197],[27.2714231,43.2468822],[27.271302984,43.248279909],[27.2644538,43.2454551],[27.2588306,43.247084],[27.257907823,43.255965665],[27.241029,43.2654961],[27.2403314,43.2780028],[27.2438849,43.2860762],[27.249399643,43.284759709],[27.252798,43.2926267],[27.2668265,43.2978175],[27.2992929,43.3074435],[27.2938699,43.3076167],[27.295256397,43.327974486],[27.289785269,43.350484587],[27.2807902,43.35821],[27.2817521,43.3731402],[27.269157,43.3757265],[27.2712087,43.3807388],[27.2715396,43.3812533],[27.274299972,43.383845445],[27.2743216,43.3855653],[27.281935474,43.391015611],[27.283398,43.398539],[27.291098074,43.399619809],[27.301313,43.4092122],[27.3092149,43.4135298],[27.324417,43.4141775],[27.324448792,43.421796917],[27.3155156,43.4203916],[27.3140584,43.4234679],[27.324463713,43.425373021],[27.3243467,43.4344628],[27.3451252,43.4400892],[27.336426,43.4552748],[27.3267477,43.4760044],[27.3278119,43.4786506],[27.3353904,43.4829934],[27.314421739,43.504599834],[27.3074463,43.5056013],[27.3090786,43.508418],[27.3044574,43.5154249],[27.3333769,43.5418492],[27.3713011,43.5482982],[27.3832185,43.5550745],[27.4180361,43.5856189],[27.4245054,43.5884236],[27.4197989,43.5954106],[27.4294595,43.6002574],[27.4741628,43.5697657],[27.4796666,43.5601449],[27.4841756,43.5520113],[27.4866358,43.5470477],[27.4930353,43.5418509],[27.4898485,43.5316573],[27.4930097,43.5220244],[27.4893041,43.520023],[27.4893683,43.5200229],[27.5076935,43.4971036],[27.5385103,43.4940801],[27.5472472,43.4886931],[27.5404407,43.4951522],[27.553146,43.4992079],[27.5602684,43.4966279],[27.5601418,43.5012618],[27.5674781,43.5003859],[27.5756828,43.5064394],[27.577618,43.5037537],[27.5805579,43.5124227],[27.581196223,43.512338912],[27.5897098,43.5295589],[27.5923519,43.5333746],[27.6160468,43.5266447],[27.6363676,43.5151739],[27.6347605,43.5105544],[27.6437991,43.5032543],[27.6440949,43.4983137],[27.6359663,43.4933495],[27.6461394,43.484122],[27.6681274,43.4781097],[27.6752609,43.4757899],[27.6923603,43.4808825],[27.700767434,43.479727076],[27.7012729,43.4798051],[27.7012869,43.479803],[27.7208733,43.4718495],[27.722342177,43.466245023],[27.7239078,43.4652833],[27.7403879,43.4530918],[27.76830541,43.43222261],[27.7742745,43.4282063],[27.7745306,43.4275868],[27.822842255,43.405940568],[27.8271674,43.4064361],[27.8395959,43.3794155],[27.8404438,43.3792986],[27.8630014,43.3596486],[27.9002377,43.3740384],[27.9002363,43.3740418],[27.9002707,43.3743961],[27.9003207,43.3747609],[27.900412,43.3751578],[27.9016366,43.3769711],[27.9016602,43.3778755],[27.9127489,43.387439],[27.9363617,43.400938],[27.9370658,43.4007527],[27.9398154,43.3971629],[27.9402519,43.395959],[27.9581939,43.3953869],[27.9889429,43.388662],[27.9901581,43.3855021],[27.9971469,43.3853364],[27.9991096,43.37809],[28.0079127,43.376085],[28.01593494,43.359646166],[28.0220935,43.3537093],[28.0220344,43.3476303],[28.0205622,43.3413398],[28.0675717,43.3354313],[28.0679295,43.3233932],[28.054157966,43.306259128],[28.0536975,43.299986],[28.0534561,43.3026778],[28.05079,43.3009327],[28.0440938,43.2749576],[28.030175317,43.253526038],[28.0289216,43.2500394],[28.0309382,43.2491562],[28.0302083,43.2474858],[28.025338768,43.245724083],[28.0258599,43.2443795],[28.014047852,43.227510431],[28.0160043,43.2281351],[28.0154471,43.2259836],[28.0137852,43.2243644],[28.0139872,43.2264483],[28.0107992,43.2222257],[27.9969186,43.2155085],[27.9813271,43.219321],[27.9812648,43.2176167],[27.9800642,43.216952],[27.934965622,43.207204013],[27.9330925,43.2039719],[27.9275589,43.2052682],[27.9219328,43.1871368],[27.9219647,43.1734229],[27.9460323,43.1717152],[27.9465889,43.1649122],[27.9399607,43.1355049],[27.9377462,43.1315709],[27.936621,43.1304195],[27.9309154,43.1278347],[27.9257209,43.1133154],[27.9234395,43.1003671],[27.9130517,43.0623182],[27.8909249,43.0437385],[27.8895074,43.0237021],[27.8891977,43.0227475],[27.893348,42.980937],[27.9064661,42.9294586],[27.9012307,42.9215942],[27.897795891,42.921069934],[27.8966721,42.9135061],[27.9022147,42.8870454],[27.897859,42.872356],[27.9028059,42.8540442],[27.8895788,42.8531821],[27.884501,42.8478547],[27.8822987,42.8386641],[27.881795,42.838449],[27.865488,42.837575],[27.828471,42.826389],[27.790523,42.828978],[27.719043,42.854744],[27.700637,42.868594],[27.703349,42.875916],[27.662283,42.884138],[27.6296026,42.8950623],[27.612358,42.896196],[27.6092112,42.8970711],[27.607681,42.896613],[27.597135073,42.894366516],[27.599345,42.885862],[27.584545,42.883555],[27.576096599,42.889654715],[27.567811,42.885793],[27.55159564,42.884167451],[27.552262,42.881742],[27.554257,42.884086],[27.555442,42.880784],[27.556001,42.880703],[27.558349,42.881182],[27.559717,42.881207],[27.557021,42.879632],[27.548378754,42.883446994],[27.544345062,42.882543603],[27.550662,42.880176],[27.545291,42.875279],[27.552574,42.875602],[27.546363,42.874079],[27.549773,42.871166],[27.545555,42.872924],[27.544609,42.870384],[27.543276,42.874094],[27.537437,42.872545],[27.523364865,42.877844854],[27.512953,42.875513],[27.4962583,42.8852466],[27.453962,42.881284],[27.434786,42.881784],[27.423812088,42.890177544],[27.422098,42.886923],[27.411074,42.892206],[27.404092,42.904375],[27.37723,42.908562],[27.3726073,42.9108672],[27.363431,42.909764],[27.362074,42.910345],[27.3458884,42.9271696],[27.316950482,42.937008936],[27.312532,42.935787],[27.311606,42.938255],[27.311654,42.938534],[27.311765,42.938943],[27.311895,42.939316],[27.311965,42.93977],[27.312121,42.940224],[27.31313,42.94194],[27.31358,42.944172],[27.325984,42.954551],[27.323353,42.961291],[27.306582,42.965753],[27.2874724,42.9642781],[27.270968,42.975695],[27.27076,42.979497],[27.256518,42.979628],[27.2214361,42.9840478],[27.1983136,42.9812117],[27.1557547,42.9678375],[27.14491,42.957728],[27.130658,42.956629],[27.126634,42.95349],[27.1049521,42.956290946],[27.094428,42.953899],[27.093657,42.95558]],[[27.9368057,43.4006812],[27.936810001,43.400592721],[27.9370658,43.4007527],[27.9368057,43.4006812]]]]}},{"type":"Feature","properties":{"slug":"blagoevgrad","name_bg":"Благоевград","name_en":"Blagoevgrad","source":"OpenStreetMap contributors, ODbL 1.0"},"geometry":{"type":"MultiPolygon","coordinates":[[[[22.9768797,41.3335438],[22.9596877,41.3340168],[22.9350736,41.3399583],[22.9275511,41.3384543],[22.9272313,41.3386219],[22.9282524,41.3413087],[22.9382646,41.3418161],[22.9650942,41.363211],[22.9621967,41.3786524],[22.9664863,41.3928996],[22.9551526,41.4120917],[22.9534549,41.4159175],[22.9520216,41.4174975],[22.95544146,41.421545141],[22.958069,41.494357],[22.9684235,41.5197893],[22.962764,41.524861],[22.958563,41.535277],[22.960614,41.541986],[22.969876393,41.542685733],[22.9701141,41.5464318],[22.960080561,41.585451016],[22.953843,41.585677],[22.951396,41.589986],[22.950754,41.606521],[22.953232936,41.612080599],[22.948122,41.631523],[22.9481651,41.6317888],[22.948283,41.632515],[22.950952,41.635962],[22.951804,41.642344],[22.958285,41.643941],[22.959236,41.647635],[22.966607419,41.648176869],[22.994154,41.673351],[23.00895,41.685803],[23.01346,41.6918369],[23.0190236,41.697144],[23.022461,41.702561],[23.0341082,41.7094374],[23.0129957,41.7595377],[22.997996521,41.768597687],[22.9953275,41.7664545],[22.988767,41.771241],[22.983021,41.769153],[22.973371,41.772066],[22.970381,41.769693],[22.963653,41.7742],[22.964945,41.788036],[22.955647,41.793933],[22.940918,41.816319],[22.943144506,41.827263556],[22.93589,41.841797],[22.937014,41.847073],[22.93374,41.847934],[22.930659228,41.852376618],[22.902615,41.875782],[22.902232,41.876325],[22.9016111,41.8776381],[22.901379,41.878129],[22.900226584,41.885070648],[22.899057,41.887588],[22.898635136,41.893614079],[22.897463,41.894507],[22.8962204,41.9065772],[22.879355,41.925443],[22.873801,41.935989],[22.878064,41.942482],[22.875098,41.944657],[22.873711,41.954674],[22.87846,41.976221],[22.874247,41.978275],[22.874830274,41.982432889],[22.863762,42.001361],[22.86349,42.001855],[22.866042,42.022332],[22.900801,42.066107],[22.918158,42.079134],[22.927542,42.079706],[22.939722,42.09664],[22.956514,42.09268],[22.960679,42.072473],[22.967483433,42.071352551],[23.180022,42.09077],[23.19925,42.098765],[23.202821,42.094443],[23.214914,42.094554],[23.220767,42.090051],[23.234079,42.093969],[23.247179,42.090158],[23.262808,42.090783],[23.269288,42.087615],[23.270262,42.083556],[23.288171,42.080121],[23.296774,42.08248],[23.30889,42.079805],[23.312149436,42.075994446],[23.443176,42.061342],[23.462569,42.072031],[23.471103,42.076471],[23.48239,42.094151],[23.489201,42.096628],[23.4959043,42.097624],[23.499797,42.09756],[23.572409,42.086257],[23.575322,42.096093],[23.571721,42.101599],[23.577953,42.104156],[23.580877255,42.113387029],[23.577723,42.118669],[23.584089,42.125309],[23.593341,42.154186],[23.603176,42.156924],[23.604288,42.161742],[23.616923448,42.160701206],[23.6544795,42.1752738],[23.730344,42.165968],[23.743853,42.183606],[23.772246,42.1811946],[23.782986817,42.147436734],[23.791256,42.139462],[23.81196,42.132796],[23.811537,42.124348],[23.794416,42.121793],[23.793788523,42.113487498],[23.795357,42.111681],[23.798329,42.099217],[23.797850651,42.097626593],[23.803872,42.08931],[23.792565673,42.080055189],[23.795459,42.07652],[23.796442,42.063386],[23.792908,42.056361],[23.795656,42.052405],[23.822527,42.04316],[23.825489,42.035017],[23.81744,42.029396],[23.808041,42.028374],[23.796659,42.017818],[23.787592,42.015092],[23.781619,42.003064],[23.765561,41.997846],[23.758862,41.984854],[23.762994,41.981182],[23.759662,41.976612],[23.76949,41.962239],[23.769676,41.95961],[23.758719,41.934227],[23.7893448,41.8914045],[23.789534,41.890976],[23.779984,41.874846],[23.783108,41.861637],[23.783164,41.861298],[23.788751,41.860941],[23.793263,41.854783],[23.791242,41.843317],[23.834082,41.815013],[23.840752,41.814507],[23.874038565,41.79567887],[23.894878,41.797159],[23.924576809,41.771224492],[23.939181,41.764737],[23.94711,41.759915],[23.973657066,41.740610504],[23.98761,41.736332],[23.990865,41.728855],[24.002948,41.720234],[24.011321,41.722408],[24.008563773,41.716504285],[24.03130413,41.701401279],[24.034785,41.704843],[24.047633,41.699212],[24.048066951,41.690268254],[24.074468,41.672734],[24.096856,41.665138],[24.109589,41.652162],[24.096254,41.627702],[24.094137,41.627174],[24.093467,41.626574],[24.08445,41.623144],[24.085377,41.613698],[24.0854255,41.6000406],[24.090871,41.597367],[24.092496,41.594527],[24.111181,41.597791],[24.114878,41.595788],[24.115053,41.589844],[24.10331,41.585312],[24.09013,41.585907],[24.088001,41.583852],[24.083523036,41.582002701],[24.083821,41.578928],[24.073746,41.57281],[24.072869,41.557212],[24.067672507,41.549890212],[24.06496,41.53396],[24.0602367,41.5218294],[24.0671442,41.5005993],[24.063963988,41.484463762],[24.0710979,41.4785722],[24.0733725,41.467101],[24.0612471,41.4622873],[24.04662,41.4506625],[24.0384509,41.450762],[24.0362288,41.4562717],[24.0238769,41.4554863],[24.0204925,41.4591579],[24.0213634,41.4647794],[24.017583,41.4675337],[24.0085543,41.4568168],[24.0022583,41.453654],[23.9970547,41.4558076],[23.9951727,41.449781],[23.9847092,41.4462554],[23.9818464,41.440676],[23.971895,41.4382198],[23.9526072,41.4493505],[23.9434429,41.4502742],[23.9332947,41.4642567],[23.9324856,41.4664437],[23.9081286,41.4627098],[23.9060698,41.4571476],[23.8902173,41.4500927],[23.8825209,41.4542371],[23.8688858,41.4486082],[23.8564983,41.4498466],[23.8512389,41.4399086],[23.8441613,41.4417772],[23.831963,41.4371197],[23.8263715,41.4373137],[23.7897381,41.4244413],[23.7894295,41.4182777],[23.7808171,41.4134345],[23.7675884,41.3960416],[23.7588126,41.4026678],[23.7426289,41.4057659],[23.6905495,41.404638],[23.6478682,41.393908],[23.6480908,41.3932754],[23.648581,41.3894998],[23.6476011,41.3819757],[23.6364106,41.375509],[23.6308738,41.377548],[23.6244497,41.3756612],[23.615451,41.3753699],[23.605475843,41.379788622],[23.5978257,41.3775693],[23.5868166,41.3873031],[23.551538,41.3863899],[23.4025877,41.401273],[23.395568,41.3927404],[23.384102563,41.388901875],[23.3796757,41.3829868],[23.3767669,41.3814866],[23.3675627,41.3807402],[23.3654196,41.3795913],[23.3635853,41.3790021],[23.3623755,41.3789196],[23.3531099,41.3683212],[23.3407326,41.3636145],[23.2801733,41.3974642],[23.2277815,41.3614636],[23.2313239,41.3497881],[23.220403,41.3328068],[23.1995019,41.3225985],[23.1888855,41.3226882],[23.1803836,41.3186903],[23.166857158,41.321530469],[23.1205954,41.3205848],[23.0997352,41.3170016],[23.054946755,41.326277821],[23.0045415,41.3295178],[22.9768797,41.3335438]]]]}},{"type":"Feature","properties":{"slug":"burgas","name_bg":"Бургас","name_en":"Burgas","source":"OpenStreetMap contributors, ODbL 1.0"},"geometry":{"type":"MultiPolygon","coordinates":[[[[27.0729518,42.0893694],[27.0659351,42.092785],[27.0644224,42.0908264],[27.0596437,42.088287],[27.058639,42.088562],[27.049225,42.093177],[27.046007,42.100143],[27.03023,42.098752],[27.00554,42.105138],[26.999943,42.104185],[26.997183,42.0997],[26.984151,42.100603],[26.979414,42.107121],[26.976434,42.125105],[26.97481,42.127432],[26.969793,42.126238],[26.973627,42.134667],[26.959172,42.135767],[26.955354,42.144794],[26.943143,42.144265],[26.937445,42.152815],[26.939672,42.163574],[26.935026,42.168167],[26.934152,42.180457],[26.941997,42.183474],[26.940142,42.188341],[26.971412,42.198524],[26.975198,42.2078],[26.980166383,42.207095233],[26.974914065,42.214946765],[26.958851,42.214448],[26.958163,42.218295],[26.954031,42.218618],[26.953921,42.222025],[26.949788,42.222193],[26.945154,42.227633],[26.94123,42.237698],[26.935817,42.240776],[26.947559452,42.255838347],[26.92281,42.292782],[26.921825,42.294308],[26.920354,42.298243],[26.909648,42.307093],[26.920162,42.319783],[26.919064,42.32774],[26.911906,42.336307],[26.917061,42.341514],[26.899966,42.347618],[26.879881,42.367064],[26.861316,42.367601],[26.867932,42.376106],[26.862788,42.379577],[26.862342,42.387674],[26.868808,42.388369],[26.868418,42.394628],[26.904436,42.406637],[26.939585,42.40607],[26.95723,42.410179],[26.963935372,42.414551272],[26.969733,42.431106],[26.94716,42.437699],[26.947113,42.453181],[26.896019,42.450647],[26.897694,42.444367],[26.880629,42.451472],[26.880254,42.458605],[26.876867,42.458756],[26.884018,42.477557],[26.869603,42.479957],[26.873954,42.487824],[26.880053,42.490799],[26.881006,42.495892],[26.866326,42.492559],[26.854308,42.502944],[26.838676,42.507364],[26.84541,42.515972],[26.843751,42.522138],[26.835475,42.52303],[26.820251,42.532197],[26.817493,42.538953],[26.806834,42.545012],[26.809659,42.556408],[26.805474,42.561923],[26.811547,42.568348],[26.785914,42.582653],[26.79058,42.587316],[26.783841,42.588954],[26.781524,42.601324],[26.790639,42.605043],[26.782718,42.624105],[26.776309,42.622979],[26.770862939,42.636459083],[26.757136,42.637005],[26.756281,42.648969],[26.747822,42.648544],[26.747033,42.652723],[26.740615,42.652864],[26.744452,42.663731],[26.71843,42.674777],[26.721868914,42.679173764],[26.714001,42.684554],[26.668143,42.744516],[26.669164,42.756085],[26.661621049,42.758317729],[26.653082,42.756364],[26.649165,42.761895],[26.605458,42.774943],[26.597828,42.779316],[26.597973,42.783066],[26.603877656,42.781646224],[26.5973656,42.7991675],[26.578649,42.814867],[26.578709,42.81503],[26.5968243,42.8527702],[26.595335,42.853204],[26.588559,42.860669],[26.59065,42.866655],[26.584055,42.869427],[26.583668,42.874784],[26.588469,42.885668],[26.592816993,42.887505311],[26.589976,42.920176],[26.596133,42.927039],[26.613375,42.926919],[26.627561,42.931636],[26.633704,42.923549],[26.648672,42.927562],[26.650621,42.93079],[26.663043,42.932009],[26.667072,42.929253],[26.670249,42.917506],[26.666951,42.915103],[26.66867,42.919759],[26.665415,42.924346],[26.656722188,42.911078531],[26.701862,42.904926],[26.785645,42.935026],[26.786317,42.934865],[26.787835361,42.935270279],[26.79092,42.941121],[26.796135,42.940726],[26.796106,42.949503],[26.8188166,42.9462051],[26.884676,42.946026],[26.895809,42.949289],[26.901457788,42.945792321],[26.990942,42.946691],[26.994821,42.945184],[26.993484016,42.941348774],[26.99843,42.938696],[27.013266,42.926974],[27.038774,42.935177],[27.0606051,42.9371061],[27.0910126,42.947623],[27.091753,42.953694],[27.1557547,42.9678375],[27.174726,42.976924],[27.207984,42.984697],[27.229012,42.984105],[27.270479,42.979666],[27.27076,42.979497],[27.277080309,42.973741504],[27.28785,42.968788],[27.2874724,42.9642781],[27.295393,42.967016],[27.301723,42.966732],[27.323411,42.963393],[27.323353,42.961291],[27.325562,42.957103],[27.326052,42.955986],[27.326022,42.954606],[27.324934,42.952929],[27.311727,42.938785],[27.33043,42.938054],[27.332269,42.934558],[27.339109,42.934185],[27.360057,42.91888],[27.3620306,42.9103973],[27.372472,42.910902],[27.403632,42.904722],[27.423812088,42.890177544],[27.428128,42.890104],[27.428484,42.88825],[27.430242,42.888395],[27.434786,42.881784],[27.440829,42.883508],[27.455241769,42.882936229],[27.469709,42.892525],[27.48332,42.88986],[27.487385867,42.884746835],[27.511253,42.887111],[27.5088,42.881236],[27.512953,42.875513],[27.520475,42.878036],[27.544345062,42.882543603],[27.545655,42.886769],[27.54528,42.8839],[27.548378754,42.883446994],[27.558136,42.886141],[27.557045,42.888203],[27.56267309,42.88664837],[27.568328,42.889901],[27.597135073,42.894366516],[27.599427,42.897171],[27.610914,42.897634],[27.62219141,42.895792392],[27.623642,42.898814],[27.627756,42.895258],[27.629876,42.895105],[27.632484,42.894357],[27.634747,42.894361],[27.636694,42.893338],[27.639352,42.893704],[27.667318246,42.884504152],[27.68613,42.884136],[27.694486,42.878499],[27.701153,42.877088],[27.703368,42.875917],[27.704251,42.874242],[27.705761,42.873995],[27.707321,42.871186],[27.702191741,42.87279157],[27.703516,42.868567],[27.700637,42.868594],[27.717558,42.860289],[27.719551,42.855788],[27.729523,42.853867],[27.783535,42.832058],[27.816466,42.82891],[27.828471,42.826389],[27.82818,42.829534],[27.849059,42.836576],[27.871319713,42.837952814],[27.874105,42.841532],[27.8822987,42.8386641],[27.9007508,42.7720447],[27.9004979,42.7666498],[27.894144,42.7624802],[27.8895174,42.749486],[27.9009064,42.7193863],[27.9019113,42.7124795],[27.899667344,42.705842261],[27.9006955,42.7018208],[27.9007088,42.7013893],[27.9002897,42.700843],[27.893773,42.697736],[27.8798068,42.7007761],[27.863536,42.7003536],[27.8618465,42.7004394],[27.854489361,42.701232936],[27.8411525,42.7005137],[27.8217387,42.7047654],[27.8080044,42.7009278],[27.804603335,42.703559905],[27.7931755,42.7019857],[27.7410153,42.7074944],[27.7252135,42.705664],[27.7265429,42.6596522],[27.7375939,42.6618137],[27.741148,42.6598157],[27.7396389,42.6581214],[27.7293463,42.6543959],[27.732255,42.6571845],[27.7292637,42.6588903],[27.718635,42.65739],[27.7102603,42.6454967],[27.6997988,42.6519217],[27.6912687,42.6509465],[27.6767397,42.6356699],[27.6667511,42.6387862],[27.6353811,42.625332],[27.638093818,42.569469065],[27.6471588,42.5581774],[27.6525856,42.5560089],[27.6500263,42.5523867],[27.63899,42.551014],[27.569642201,42.55655249],[27.5576934,42.5504942],[27.5399972,42.5589201],[27.4889063,42.5242648],[27.4919989,42.4459351],[27.5341008,42.4457485],[27.5395031,42.4498823],[27.5326659,42.4547991],[27.5396686,42.4573238],[27.562347,42.446516],[27.577413,42.4458231],[27.5828517,42.4486485],[27.57979,42.4540345],[27.5747254,42.4526018],[27.580099,42.454898],[27.582986,42.4619673],[27.5857535,42.4635696],[27.586547,42.458844],[27.6011487,42.4477548],[27.6188998,42.4440186],[27.625943,42.446829],[27.6265351,42.4574613],[27.629365,42.459643],[27.6283082,42.4572957],[27.6363698,42.4483302],[27.6517773,42.4506551],[27.6491472,42.4446501],[27.6523129,42.4435318],[27.6469701,42.4389118],[27.647856,42.437595],[27.649515,42.4379178],[27.6495461,42.4372839],[27.6511573,42.4372488],[27.65387,42.4358082],[27.652576401,42.432382074],[27.6560532,42.4311588],[27.653261534,42.429669376],[27.6575665,42.4126244],[27.6762808,42.4094147],[27.6774533,42.412549],[27.686196,42.4145214],[27.6867002,42.4162144],[27.6895058,42.4180461],[27.6874244,42.4198836],[27.6876336,42.4201776],[27.687688,42.4202098],[27.6895796,42.4190213],[27.6912895,42.4194391],[27.6912922,42.4224537],[27.6936337,42.4259661],[27.6897982,42.423011],[27.6893301,42.4232041],[27.6890257,42.4225982],[27.687934,42.422524],[27.6850815,42.4211429],[27.6849085,42.4212498],[27.6881017,42.4260007],[27.6920485,42.4269758],[27.6943687,42.4259888],[27.6989391,42.4267026],[27.7014939,42.4258017],[27.6947536,42.4224071],[27.6973919,42.4188384],[27.7032226,42.4196371],[27.7018279,42.4170728],[27.7001891,42.4165728],[27.706659,42.40896],[27.729071,42.410284],[27.726358,42.407839],[27.729143,42.40476],[27.725702,42.403952],[27.724195,42.399992],[27.711607,42.40103],[27.710995,42.3828002],[27.712446,42.383463],[27.724108,42.378698],[27.717639332,42.376538764],[27.72048,42.351427],[27.72048,42.351351],[27.730337,42.344763],[27.72962,42.337629],[27.7326375,42.3370563],[27.7405263,42.3278801],[27.7547698,42.3277522],[27.7539269,42.3287284],[27.7534439,42.3299197],[27.7555334,42.3281004],[27.7549327,42.3323854],[27.7583391,42.3343541],[27.7641687,42.3328706],[27.7716289,42.3369916],[27.7739232,42.333023],[27.7766691,42.3359621],[27.7845566,42.335968],[27.7812137,42.3299543],[27.7834079,42.3290013],[27.7785315,42.3256685],[27.7826102,42.3247607],[27.7715934,42.3205716],[27.781867,42.318819],[27.780296725,42.315282835],[27.7931254,42.3092421],[27.7943236,42.3067591],[27.7882547,42.3067926],[27.7645079,42.289501],[27.7565751,42.2873789],[27.7574209,42.2722206],[27.7668825,42.2658196],[27.755704766,42.265125746],[27.7549975,42.247042],[27.7677644,42.2413913],[27.7719575,42.2420822],[27.7712159,42.2451814],[27.7776723,42.2434871],[27.7779623,42.2382659],[27.7842026,42.2383082],[27.785498,42.235375],[27.7786512,42.2261557],[27.8056811,42.2169321],[27.8294957,42.199005],[27.832651074,42.193733073],[27.8411901,42.1944069],[27.836493882,42.189360265],[27.8463131,42.1864776],[27.842718856,42.182276745],[27.8456452,42.1789468],[27.8520346,42.1786734],[27.850159561,42.175302697],[27.853531417,42.172580852],[27.8591674,42.1737704],[27.8593899,42.1696677],[27.855729726,42.170806323],[27.8622508,42.1657931],[27.870287086,42.15796333],[27.8721186,42.1603993],[27.8743247,42.1609653],[27.872639,42.1567865],[27.8776923,42.1555637],[27.877279535,42.151366262],[27.8850576,42.144028],[27.8955767,42.1435435],[27.899713,42.138061],[27.8978765,42.1351072],[27.9024982,42.135266],[27.903647073,42.12950564],[27.9105413,42.1277834],[27.912911321,42.122268278],[27.936164165,42.104102827],[27.9434472,42.101719],[27.9462515,42.1043864],[27.9487719,42.1005477],[27.9441006,42.0983165],[27.9497235,42.0979318],[27.955453508,42.089033718],[27.9915252,42.0632094],[27.9902757,42.0605851],[27.993257,42.0595289],[27.990534388,42.058496246],[28.0000281,42.0445013],[27.999555,42.043124],[28.0038863,42.0413788],[28.005615683,42.033755245],[28.015149,42.0274713],[28.011354325,42.024884308],[28.0174539,42.0203222],[28.021888143,42.003309118],[28.0325603,41.9946501],[28.0357544,41.9837213],[28.0098276,41.9787799],[28.0002203,41.9810237],[27.9615662,41.9787622],[27.9562794,41.9760808],[27.956396386,41.979423047],[27.948727399,41.980403358],[27.94378,41.9772299],[27.932311369,41.982501786],[27.9312997,41.9786318],[27.9257104,41.9761507],[27.9216534,41.9827238],[27.9166034,41.9730005],[27.9118216,41.9727468],[27.9008704,41.9806751],[27.90017669,41.986609497],[27.8543409,41.9907586],[27.849273937,41.993618339],[27.842326,41.9906477],[27.828377,41.997792],[27.8278532,41.9938738],[27.817974206,41.981008861],[27.8193876,41.9750733],[27.8260779,41.9742506],[27.8201409,41.96341],[27.8260627,41.9591678],[27.8336345,41.9615757],[27.8372675,41.9547778],[27.8360475,41.9480284],[27.8262561,41.9479411],[27.8141158,41.9540991],[27.8176084,41.9451484],[27.815841,41.9426114],[27.8015173,41.9532504],[27.8005146,41.950804],[27.7930076,41.9477028],[27.790537,41.9540817],[27.7784866,41.9537295],[27.784709956,41.95949166],[27.7775706,41.96612],[27.7733001,41.9602216],[27.7731248,41.9601029],[27.7719858,41.9598549],[27.7716511,41.9597643],[27.77146,41.9597212],[27.6712536,41.9561751],[27.6193102,41.9431543],[27.6144989,41.939433],[27.572055262,41.910946519],[27.5716298,41.904405],[27.560005,41.9051269],[27.5545716,41.908853938],[27.5502811,41.9109744],[27.550211618,41.911109417],[27.5408767,41.9159385],[27.5405164,41.916179],[27.5312764,41.9280258],[27.4754297,41.957711],[27.4677216,41.9584506],[27.4601815,41.9683464],[27.4475301,41.9667746],[27.445808958,41.974221442],[27.4403628,41.97445],[27.43786997,41.97897171],[27.3945783,42.0051897],[27.3936994,42.0058785],[27.3930681,42.0070956],[27.392456341,42.013663166],[27.3907909,42.0156685],[27.3916766,42.0185463],[27.3838873,42.0215038],[27.380950821,42.033614483],[27.3755614,42.0380926],[27.3633451,42.058348],[27.3360775,42.0598428],[27.335582803,42.065763713],[27.3308489,42.0697278],[27.3295026,42.0716729],[27.3291141,42.0716729],[27.3275428,42.0719389],[27.3263852,42.072312],[27.300656936,42.087209115],[27.2999687,42.0865527],[27.2985698,42.0883572],[27.2720924,42.0978394],[27.2718507,42.0991473],[27.273018,42.101823],[27.2718665,42.1033815],[27.2014514,42.0823226],[27.2069945,42.0608679],[27.200863,42.0593794],[27.171062,42.0652813],[27.1354935,42.0659038],[27.0729518,42.0893694]],[[27.6389815,42.5512353],[27.6423031,42.5534104],[27.638690348,42.557184732],[27.63899,42.551014],[27.6389815,42.5512353]],[[27.687016407,42.422325308],[27.6854369,42.4217656],[27.685247237,42.421244181],[27.687016407,42.422325308]],[[27.781788162,42.233632775],[27.781504,42.2333124],[27.7815824,42.2331832],[27.7819925,42.2335305],[27.781788162,42.233632775]],[[27.782113,42.233999],[27.7820388,42.2346247],[27.780036675,42.234509427],[27.781788162,42.233632775],[27.782113,42.233999]]],[[[27.6851687,42.4211736],[27.6850815,42.4211429],[27.685207795,42.421204048],[27.6851687,42.4211736]]],[[[27.553419,42.467868],[27.553484,42.467211],[27.552387,42.467012],[27.552883,42.468486],[27.553419,42.467868]]],[[[27.699347,42.438093],[27.698159,42.437889],[27.697371,42.438106],[27.698353,42.438902],[27.699347,42.438093]]],[[[27.692698,42.43643],[27.689073,42.436019],[27.686379,42.43714],[27.690992,42.440815],[27.696909,42.438835],[27.692698,42.43643]]],[[[27.7662583,42.2902081],[27.7655279,42.289637],[27.7652501,42.2895702],[27.7659134,42.2901815],[27.7662583,42.2902081]]],[[[27.73519,42.341672],[27.734133,42.341097],[27.732845,42.341222],[27.733529,42.341935],[27.73519,42.341672]]],[[[27.729221,42.404413],[27.728615,42.404096],[27.728378,42.404227],[27.728946,42.404542],[27.729221,42.404413]]],[[[27.729709,42.404372],[27.729607,42.404142],[27.729326,42.404266],[27.729529,42.40448],[27.729709,42.404372]]],[[[27.7296,42.404938],[27.729414,42.404709],[27.729128,42.404982],[27.729677,42.405126],[27.7296,42.404938]]],[[[27.949106,42.100416],[27.949143,42.100197],[27.94897,42.100186],[27.948904,42.100357],[27.949106,42.100416]]]]}},{"type":"Feature","properties":{"slug":"veliko-tarnovo","name_bg":"Велико Търново","name_en":"Veliko Tarnovo","source":"OpenStreetMap contributors, ODbL 1.0"},"geometry":{"type":"MultiPolygon","coordinates":[[[[25.195916,43.105992],[25.184132,43.108533],[25.182828,43.111482],[25.189558,43.116167],[25.174879,43.122742],[25.171243,43.134314],[25.173566559,43.144705567],[25.163654,43.141794],[25.161226,43.141487],[25.15982,43.134954],[25.155575,43.136395],[25.154105,43.132734],[25.135069,43.132938],[25.13442,43.133212],[25.120984606,43.143567704],[25.094619,43.145922],[25.094322,43.153744],[25.086378,43.154293],[25.086402,43.158559],[25.078761,43.160111],[25.07891,43.171314],[25.074049,43.17433],[25.07506,43.176459],[25.075925,43.177432],[25.076491,43.177666],[25.076561,43.17777],[25.076635,43.1778],[25.110685,43.187875],[25.114916957,43.199109329],[25.109014,43.208257],[25.119228,43.210608],[25.11211,43.213548],[25.119049,43.214659],[25.112074,43.219217],[25.119191,43.219812],[25.118913,43.224049],[25.12512649,43.226211976],[25.125185,43.232901],[25.127255371,43.231863394],[25.138012,43.265745],[25.139638895,43.26473721],[25.140399,43.266823],[25.140428,43.266832],[25.142282109,43.266647047],[25.143137,43.266645],[25.143666,43.266509],[25.1460423,43.2754636],[25.153906,43.2769494],[25.1604317,43.2869543],[25.1807502,43.2981917],[25.1816026,43.3040758],[25.197294193,43.308119461],[25.2329865,43.3337608],[25.2348705,43.3383703],[25.2384816,43.3416378],[25.2551315,43.3454668],[25.246871605,43.358333179],[25.2380042,43.3597453],[25.2381008,43.3719954],[25.1912616,43.3716747],[25.1913024,43.3731235],[25.196836585,43.381508692],[25.1936596,43.3863857],[25.2020164,43.3906891],[25.2012515,43.4121225],[25.2126418,43.4123005],[25.2119717,43.4271423],[25.2119546,43.4276453],[25.2116336,43.4276442],[25.1843896,43.4369335],[25.176635989,43.434991691],[25.1770707,43.4327247],[25.1493252,43.4272044],[25.1475192,43.426933],[25.1399899,43.4269791],[25.1347203,43.428541],[25.1336735,43.4251626],[25.1281339,43.4306801],[25.1300591,43.4376361],[25.1260509,43.452002],[25.1288867,43.4574823],[25.1373969,43.4567288],[25.137947762,43.45441046],[25.148171965,43.456480298],[25.1479819,43.4588735],[25.1631968,43.459522],[25.1621975,43.4694451],[25.178894181,43.47268337],[25.1810016,43.4791755],[25.186744412,43.479265346],[25.191840746,43.483538335],[25.1919507,43.4983749],[25.2094364,43.4982913],[25.2096381,43.5156599],[25.2097977,43.5238688],[25.2273004,43.5384475],[25.2208019,43.543027],[25.219441642,43.545053465],[25.2128045,43.5432599],[25.1978782,43.5593098],[25.199849598,43.561522268],[25.1993279,43.5619608],[25.1742779,43.6009156],[25.1733639,43.6052413],[25.189824261,43.605680057],[25.209700705,43.611771545],[25.2139943,43.6160812],[25.218930687,43.614600237],[25.2200129,43.6149319],[25.2140107,43.6362663],[25.208021,43.6345659],[25.2042061,43.6376348],[25.223546,43.643858],[25.2340376,43.6511589],[25.2919855,43.6528443],[25.3136091,43.6471174],[25.4071633,43.6198874],[25.44448,43.627852],[25.4648239,43.6341333],[25.4726922,43.6400972],[25.5056201,43.648973],[25.5086255,43.6462673],[25.5436366,43.6412426],[25.5427357,43.6365869],[25.5469728,43.6307639],[25.5528019,43.6291463],[25.5533549,43.6109457],[25.5378355,43.6116582],[25.5389399,43.6090227],[25.5279593,43.5983785],[25.5012672,43.5895473],[25.496665262,43.58831339],[25.4936052,43.5824726],[25.4868842,43.5840892],[25.4856904,43.5801803],[25.464164,43.57786],[25.466172006,43.566007957],[25.4758621,43.5571093],[25.4685418,43.5520205],[25.4820375,43.547421],[25.4841822,43.5394871],[25.5016508,43.5359725],[25.5044468,43.5295191],[25.5176001,43.5226301],[25.509936644,43.516065143],[25.5191297,43.5080801],[25.547706,43.5168793],[25.5707281,43.5045606],[25.5652389,43.4574611],[25.5410564,43.4456654],[25.5540019,43.441489],[25.6032163,43.4202588],[25.6165722,43.4078974],[25.618118769,43.404170292],[25.6210647,43.4044508],[25.6213374,43.4006955],[25.6486352,43.3985495],[25.6700348,43.3946432],[25.6707743,43.4000575],[25.6794121,43.4072104],[25.6767221,43.418332],[25.7056275,43.4178756],[25.7170741,43.409367],[25.7424138,43.3831174],[25.7568741,43.3878814],[25.756149729,43.383850324],[25.7714043,43.3828466],[25.827186844,43.368217561],[25.8443844,43.3686039],[25.8466972,43.3642057],[25.8618969,43.3592684],[25.8639258,43.3643956],[25.872329,43.3662],[25.8739044,43.369377],[25.879128447,43.366520561],[25.8872454,43.3700372],[25.897441253,43.371860814],[25.9015586,43.3780489],[25.9139249,43.3776924],[25.9182296,43.3809203],[25.920279699,43.378738085],[25.9440209,43.3858872],[25.9486698,43.3858952],[25.948906272,43.380836707],[25.9516948,43.3810278],[25.9603315,43.370297],[25.9486836,43.3309113],[25.9717062,43.3216931],[25.9720851,43.3206639],[26.013098,43.3204458],[26.026183,43.3142377],[26.0329345,43.3175927],[26.0482543,43.3154864],[26.048528,43.3127759],[26.0676193,43.309044],[26.077206,43.3038401],[26.090417957,43.292081006],[26.096042,43.2909116],[26.0975541,43.2868899],[26.0975386,43.286783],[26.097503902,43.286749897],[26.0972226,43.2853607],[26.0970535,43.2848549],[26.0964232,43.283886],[26.096451,43.2832772],[26.0948886,43.2814145],[26.081949,43.2702745],[26.054667,43.2540865],[26.0702152,43.2486766],[26.076662634,43.243823039],[26.0823374,43.2442825],[26.0816585,43.2414919],[26.0864776,43.2378567],[26.0864578,43.2373413],[26.086313,43.2370333],[26.0862467,43.2368991],[26.0845032,43.233999],[26.0945497,43.226787],[26.0981155,43.2197551],[26.1051713,43.2179282],[26.105824896,43.214285634],[26.1151021,43.2096311],[26.1168778,43.2003157],[26.1165172,43.1944436],[26.1155279,43.1938826],[26.1159281,43.1933129],[26.1200363,43.1801478],[26.0927341,43.1648045],[26.0720762,43.1642753],[26.0760517,43.1570088],[26.0711068,43.1522512],[26.0730441,43.1376326],[26.062567,43.135072],[26.074683,43.1110412],[26.0746952,43.1067738],[26.0640105,43.1039796],[26.0589393,43.0947399],[26.0535633,43.0928488],[26.0763371,43.0738582],[26.0826063,43.0649043],[26.0806539,43.0625047],[26.0811474,43.0616683],[26.0833092,43.0438805],[26.0941252,43.0421123],[26.09417111,43.039679174],[26.1195292,43.0298711],[26.1204916,43.0279548],[26.1231602,43.0328967],[26.1288594,43.0304931],[26.1270213,43.0227313],[26.123369219,43.021188189],[26.1250442,43.0174988],[26.1250079,43.0171747],[26.11838324,43.012438677],[26.1198372,43.0108701],[26.0760699,42.9792541],[26.1140851,42.970789],[26.1229466,42.9710759],[26.1276257,42.9763481],[26.1357501,42.9727199],[26.1364771,42.9653792],[26.1424587,42.963616],[26.146681637,42.961015785],[26.1617907,42.9604454],[26.1673756,42.9560741],[26.1681755,42.9532894],[26.164569,42.947479],[26.17196,42.938824],[26.167976,42.931156],[26.174173,42.930969],[26.164301,42.915315],[26.161116,42.9164],[26.15471,42.904253],[26.147726,42.899824],[26.140345,42.900647],[26.133076,42.896499],[26.116171,42.897626],[26.090818,42.880624],[26.087773,42.880701],[26.086118743,42.880054302],[26.08446,42.879054],[26.084088,42.878896],[26.081713,42.878618],[26.072021,42.878872],[26.062616,42.870712],[26.049476,42.868958],[26.05035,42.866528],[26.04552331,42.869144857],[26.039182,42.866817],[26.058365,42.857177],[26.065669,42.848767],[26.056678,42.836088],[26.058097,42.825762],[26.013564,42.802933],[26.00793,42.801499],[26.00509,42.796916],[25.991570054,42.794331958],[25.971312,42.785008],[25.967583,42.784501],[25.96452,42.782061],[25.95982793,42.787023177],[25.948583,42.788916],[25.936103,42.786742],[25.927494,42.792697],[25.916273,42.790194],[25.878764946,42.786544164],[25.878553,42.78231],[25.868399,42.78032],[25.85563,42.783623],[25.848693,42.780225],[25.837501,42.777232],[25.778195134,42.781265269],[25.774794,42.779157],[25.738839,42.790197],[25.723313,42.789286],[25.719552,42.792447],[25.719365,42.800691],[25.713824,42.803876],[25.708521,42.80335],[25.681047,42.808123],[25.676576,42.797101],[25.659387,42.797438],[25.655238,42.791754],[25.635793,42.788802],[25.632806,42.782301],[25.613346,42.786742],[25.592026,42.821473],[25.598547,42.829161],[25.613439,42.837506],[25.605593,42.87475],[25.607663,42.879765],[25.59271,42.883774],[25.603025,42.891755],[25.606065,42.898772],[25.620463,42.901166],[25.617569,42.90227],[25.598455,42.912099],[25.595421,42.909253],[25.589789994,42.911837137],[25.569668,42.910888],[25.562718,42.911019],[25.558327,42.928657],[25.553509,42.933169],[25.557705356,42.938838608],[25.552576,42.971492],[25.562491929,42.975121287],[25.567228,42.987721],[25.567387,42.987822],[25.567737,42.987963],[25.570856,42.989002],[25.571476,42.990139],[25.577804,42.990771],[25.579546,42.995347],[25.576827,42.997205],[25.581292,42.997644],[25.582225,43.003195],[25.585265453,43.003104684],[25.592804,43.017052],[25.594812,43.018885],[25.55418,43.025185],[25.554583,43.029358],[25.551625,43.029783],[25.538382,43.039814],[25.50947,43.035714],[25.489782,43.038898],[25.487922,43.041768],[25.479108,43.040985],[25.470065,43.054629],[25.472,43.056774],[25.462936,43.054268],[25.4500416,43.0521825],[25.443566,43.048463],[25.440655321,43.047914053],[25.440756,43.047246],[25.438874,43.047432],[25.435891,43.044565],[25.416096,43.040902],[25.406764,43.041619],[25.390421,43.045152],[25.385508,43.054638],[25.36455,43.051103],[25.304618,43.056767],[25.299465,43.106786],[25.30127,43.11021],[25.288015,43.108645],[25.280615,43.110308],[25.276183839,43.10923109],[25.275549,43.104791],[25.264612,43.101602],[25.248349427,43.102466463],[25.235323,43.099261],[25.242906,43.098521],[25.223038,43.096315],[25.196005,43.105444],[25.195916,43.105992]],[[25.175608,43.145238],[25.174081,43.144944],[25.173566559,43.144705567],[25.175608,43.145238]]]]}},{"type":"Feature","properties":{"slug":"vidin","name_bg":"Видин","name_en":"Vidin","source":"OpenStreetMap contributors, ODbL 1.0"},"geometry":{"type":"MultiPolygon","coordinates":[[[[22.4626158,43.6590668],[22.4459302,43.6664137],[22.4395084,43.6738259],[22.4367738,43.6735998],[22.4245364,43.6785029],[22.4078346,43.6959789],[22.4021778,43.7235112],[22.3942442,43.7303626],[22.3999365,43.7382195],[22.3992061,43.7545098],[22.3774072,43.7751902],[22.3571459,43.8095297],[22.3572488,43.8131097],[22.3606083,43.823238],[22.3700353,43.830998],[22.3792632,43.8469414],[22.3883598,43.9267242],[22.4084485,43.9411649],[22.4062688,43.9478873],[22.408803172,43.951825346],[22.4086763,43.9870936],[22.415668027,43.993653739],[22.4091256,43.9972593],[22.4120093,43.9998455],[22.4094658,44.0042054],[22.4320942,44.00912],[22.441690458,44.012469493],[22.4421584,44.0165622],[22.4539744,44.0167571],[22.5362772,44.0454518],[22.5305802,44.0482944],[22.5348783,44.0522185],[22.559708,44.0575567],[22.581619,44.0593064],[22.5818534,44.0621001],[22.6218177,44.0709056],[22.6154908,44.0791419],[22.6198265,44.0826482],[22.6197536,44.0977961],[22.6102943,44.1066577],[22.6203725,44.1506817],[22.618232347,44.161581915],[22.6129712,44.1653155],[22.6163366,44.1662233],[22.6164442,44.1705506],[22.6165955,44.1710089],[22.6168078,44.1714687],[22.6170711,44.1718341],[22.618071,44.1726469],[22.6361576,44.1780368],[22.6288762,44.1833621],[22.63654714,44.181710694],[22.6370376,44.1913773],[22.642369907,44.193882217],[22.6472859,44.202758],[22.6446272,44.2089232],[22.6546436,44.2048984],[22.6636659,44.2131856],[22.665850256,44.211183408],[22.669361,44.2135648],[22.6759871,44.2162232],[22.6935245,44.2037111],[22.7084407,44.2034557],[22.7295327,44.2009357],[22.7610081,44.1883975],[22.7623756,44.1875659],[22.7647011,44.1860637],[22.7947809,44.1615091],[22.8709388,44.1330731],[22.9222673,44.1007557],[22.9973352,44.0958995],[23.0252023,44.0871606],[23.0454111,44.0734809],[23.0484795,44.0640762],[23.0458323,44.0572042],[23.038267,44.045994],[23.0172133,44.0176059],[23.0145863,44.0149851],[22.999600082,44.009712256],[22.8414337,43.8774033],[22.8805351,43.8331236],[22.9974841,43.8063807],[22.997159,43.798083],[23.004133,43.792529],[23.021577,43.792149],[23.034999,43.785689],[23.045864,43.78616],[23.041987,43.785192],[23.051288,43.777964],[23.047595,43.774199],[23.023169,43.777719],[23.017315,43.769861],[22.996904,43.780164],[22.990174,43.775972],[22.986562,43.778771],[22.97835396,43.776976572],[22.964669,43.755942],[22.976140408,43.752973552],[22.97949,43.755968],[22.987791,43.750276],[22.994322,43.750345],[22.992188082,43.748820908],[23.039572,43.737523],[23.039563,43.736983],[23.041419,43.736117],[23.042061,43.735224],[23.054664,43.708812],[23.058416,43.694208],[23.051132,43.69519],[23.033921,43.687154],[23.025221,43.689196],[23.024873,43.692121],[23.013446667,43.691209743],[22.943311,43.577765],[22.942875872,43.577848576],[22.942154,43.576689],[22.862837,43.513537],[22.861313,43.513323],[22.859564,43.510351],[22.848222,43.509528],[22.833858,43.515954],[22.824197,43.496193],[22.820755643,43.496346046],[22.806419108,43.47489112],[22.812669,43.471245],[22.81093,43.458971],[22.798418,43.443803],[22.787835,43.439932],[22.787443,43.434891],[22.775513,43.41802],[22.766065,43.413888],[22.767588,43.406804],[22.7474373,43.3866236],[22.7387885,43.3875794],[22.708466355,43.394423394],[22.6782854,43.3947264],[22.6669232,43.402738],[22.659907,43.422568],[22.6611194,43.4260152],[22.637634004,43.432536854],[22.6229746,43.4283418],[22.5976857,43.4356598],[22.5908472,43.4409101],[22.5758563,43.4638842],[22.5539356,43.4616271],[22.5335546,43.4711817],[22.5243021,43.4863789],[22.5246812,43.4913976],[22.5066087,43.5163518],[22.5014881,43.5292416],[22.4998012,43.5439946],[22.489972,43.5561365],[22.4876864,43.5686746],[22.4870646,43.5917673],[22.489337652,43.614404895],[22.4817336,43.6243883],[22.491254845,43.633498457],[22.4918274,43.6392006],[22.4626158,43.6590668]]]]}},{"type":"Feature","properties":{"slug":"vratsa","name_bg":"Враца","name_en":"Vratsa","source":"OpenStreetMap contributors, ODbL 1.0"},"geometry":{"type":"MultiPolygon","coordinates":[[[[23.400633,43.166335],[23.392937,43.170087],[23.389194,43.177809],[23.390895,43.180281],[23.400633,43.166335]]],[[[23.390921,43.180443],[23.391069532,43.180643188],[23.390895,43.180281],[23.390921,43.180443]]],[[[23.3928752,43.1843903],[23.393144,43.183739],[23.391069532,43.180643188],[23.3928752,43.1843903]]],[[[23.392831,43.184496],[23.392712,43.184829],[23.3927419,43.1850001],[23.3928752,43.1843903],[23.392831,43.184496]]],[[[23.392731,43.185011],[23.392852153,43.185133212],[23.3927419,43.1850001],[23.392731,43.185011]]],[[[23.393076914,43.185404576],[23.393074,43.185357],[23.392852153,43.185133212],[23.393076914,43.185404576]]],[[[23.393114,43.18601],[23.393185,43.186598],[23.394198736,43.186758994],[23.393076914,43.185404576],[23.393114,43.18601]]],[[[23.398561731,43.192026608],[23.398524,43.187499],[23.394198736,43.186758994],[23.398561731,43.192026608]]],[[[23.398555,43.19205],[23.398662,43.192363],[23.399170952,43.192762144],[23.398561731,43.192026608],[23.398555,43.19205]]],[[[23.399436379,43.193082604],[23.399246,43.192821],[23.399170952,43.192762144],[23.399436379,43.193082604]]],[[[23.399452,43.193384],[23.400668,43.196222],[23.4030733,43.1974736],[23.399436379,43.193082604],[23.399452,43.193384]]],[[[23.4064957,43.1990762],[23.404673,43.19763],[23.4030733,43.1974736],[23.4064957,43.1990762]]],[[[23.412537,43.257594],[23.430666,43.249076],[23.43756,43.249088],[23.442054,43.242654],[23.45059,43.239474],[23.448461,43.236612],[23.450517,43.234837],[23.472504,43.225907],[23.471975,43.222856],[23.460469,43.214237],[23.462138,43.21179],[23.454915,43.214734],[23.447035,43.205945],[23.412659,43.203206],[23.4064957,43.1990762],[23.412537,43.257594]]],[[[23.409428718,43.257642759],[23.411665,43.25813],[23.412537,43.257594],[23.409428718,43.257642759]]],[[[23.409392,43.257619],[23.409673,43.256807],[23.405338803,43.257706916],[23.409428718,43.257642759],[23.409392,43.257619]]],[[[23.400823902,43.257777741],[23.404595,43.257922],[23.405338803,43.257706916],[23.400823902,43.257777741]]],[[[23.400777,43.257775],[23.399747,43.257604],[23.3987738,43.2578099],[23.400823902,43.257777741],[23.400777,43.257775]]],[[[23.397336,43.25784],[23.367247,43.256303],[23.3460649,43.2641672],[23.3987738,43.2578099],[23.397336,43.25784]]],[[[23.3308677,43.270686055],[23.333842,43.274873],[23.338334,43.272987],[23.3460649,43.2641672],[23.3308677,43.270686055]]],[[[23.330864,43.270678],[23.32963,43.269414],[23.321841615,43.274557804],[23.3308677,43.270686055],[23.330864,43.270678]]],[[[23.3216437,43.2746427],[23.321634,43.274757],[23.321841615,43.274557804],[23.3216437,43.2746427]]],[[[23.321424,43.274605],[23.318816,43.273983],[23.318528,43.277685],[23.3216437,43.2746427],[23.321424,43.274605]]],[[[23.318668336,43.278142596],[23.318745,43.277847],[23.318528,43.277685],[23.318668336,43.278142596]]],[[[23.318647,43.278181],[23.31861,43.278316],[23.318748583,43.27840426],[23.318668336,43.278142596],[23.318647,43.278181]]],[[[23.318806713,43.278593805],[23.31882,43.278441],[23.318748583,43.27840426],[23.318806713,43.278593805]]],[[[23.318771,43.278811],[23.317429,43.291549],[23.324312,43.296545],[23.318806713,43.278593805],[23.318771,43.278811]]],[[[23.330937562,43.303212625],[23.333043,43.29913],[23.328456,43.299118],[23.326847,43.294705],[23.324312,43.296545],[23.330937562,43.303212625]]],[[[23.330941,43.303237],[23.331791,43.3044],[23.332093483,43.304375884],[23.330937562,43.303212625],[23.330941,43.303237]]],[[[23.3765135,43.3490779],[23.380277,43.340371],[23.359064,43.331446],[23.353188,43.323514],[23.355056,43.321104],[23.351132,43.312873],[23.340195,43.311328],[23.338385,43.307238],[23.334255,43.306513],[23.335122,43.303894],[23.332093483,43.304375884],[23.3765135,43.3490779]]],[[[23.37656948,43.349220741],[23.376558,43.349174],[23.3765135,43.3490779],[23.37656948,43.349220741]]],[[[23.376572,43.349231],[23.376574909,43.349234594],[23.37656948,43.349220741],[23.376572,43.349231]]],[[[23.378714458,43.354693929],[23.379857,43.35255],[23.376574909,43.349234594],[23.378714458,43.354693929]]],[[[23.378679,43.355082],[23.378377,43.356141],[23.379597732,43.356947716],[23.378714458,43.354693929],[23.378679,43.355082]]],[[[23.383093327,43.365867179],[23.382283,43.359542],[23.379597732,43.356947716],[23.383093327,43.365867179]]],[[[23.383107,43.365963],[23.383158,43.367381],[23.384223516,43.368751001],[23.383093327,43.365867179],[23.383107,43.365963]]],[[[23.406117713,43.424616873],[23.415021,43.418509],[23.417152,43.412029],[23.413131,43.406729],[23.417402,43.38971],[23.413073,43.390825],[23.398473,43.384383],[23.395426,43.37136],[23.385982,43.372649],[23.384223516,43.368751001],[23.406117713,43.424616873]]],[[[23.405916,43.424718],[23.406200878,43.424829081],[23.406117713,43.424616873],[23.405916,43.424718]]],[[[23.406329,43.425156],[23.406452,43.424927],[23.406200878,43.424829081],[23.406329,43.425156]]],[[[23.407343,43.426288],[23.409168,43.428561],[23.399933,43.432745],[23.404424,43.44048],[23.398411,43.442897],[23.398313,43.446382],[23.414628,43.456238],[23.410548,43.460231],[23.419523,43.471607],[23.427229,43.472823],[23.435168,43.491011],[23.440029,43.489893],[23.445928,43.50291],[23.453036,43.49951],[23.465471,43.511588],[23.481113,43.507537],[23.478477,43.505633],[23.492916,43.49638],[23.490953,43.493551],[23.511588,43.48573],[23.543406,43.497883],[23.548291,43.495814],[23.552759,43.488098],[23.567732,43.493672],[23.566613,43.497908],[23.562122,43.498792],[23.562754,43.504716],[23.570645,43.505825],[23.571307,43.512663],[23.57689,43.513196],[23.575339,43.517028],[23.582244,43.518425],[23.584536,43.522245],[23.603636,43.520426],[23.601793,43.522649],[23.623548873,43.516837877],[23.407343,43.426288]]],[[[23.636919,43.522481],[23.628469,43.515557],[23.623548873,43.516837877],[23.636919,43.522481]]],[[[23.632796,43.524486],[23.631747,43.524905],[23.636919,43.522481],[23.632796,43.524486]]],[[[23.592849713,43.549261131],[23.601399,43.552493],[23.615433,43.546407],[23.612946,43.543347],[23.639607,43.531289],[23.632286691,43.525295973],[23.592849713,43.549261131]]],[[[23.591966,43.549302],[23.59218913,43.549662555],[23.592849713,43.549261131],[23.591966,43.549302]]],[[[23.582034567,43.555833305],[23.587175,43.556855],[23.592859,43.550745],[23.59218913,43.549662555],[23.582034567,43.555833305]]],[[[23.581943,43.55587],[23.581348,43.55624],[23.581042859,43.556435948],[23.582034567,43.555833305],[23.581943,43.55587]]],[[[23.578876463,43.557752428],[23.580309,43.557207],[23.581042859,43.556435948],[23.578876463,43.557752428]]],[[[23.578795,43.557765],[23.577623,43.558072],[23.576575418,43.559150733],[23.578876463,43.557752428],[23.578795,43.557765]]],[[[23.56309047,43.567345299],[23.570969,43.564529],[23.576575418,43.559150733],[23.56309047,43.567345299]]],[[[23.562863,43.567391],[23.555667,43.569021],[23.544973,43.574476],[23.546765,43.577266],[23.562863,43.567391]]],[[[23.546898,43.577562],[23.545635,43.578209],[23.553435167,43.591240718],[23.546765,43.577266],[23.546898,43.577562]]],[[[23.555285078,43.595116481],[23.556096,43.594781],[23.553435167,43.591240718],[23.555285078,43.595116481]]],[[[23.552666,43.5962],[23.549142,43.59953],[23.555047,43.60765],[23.56372473,43.612798461],[23.555285078,43.595116481],[23.552666,43.5962]]],[[[23.564671,43.614781],[23.563801,43.612784],[23.56372473,43.612798461],[23.564671,43.614781]]],[[[23.568030639,43.615824234],[23.567856,43.615228],[23.571214,43.614001],[23.564671,43.614781],[23.568030639,43.615824234]]],[[[23.568307,43.616961],[23.57059273,43.616619815],[23.568030639,43.615824234],[23.568307,43.616961]]],[[[23.576217208,43.618366326],[23.574792,43.615993],[23.57059273,43.616619815],[23.576217208,43.618366326]]],[[[23.577569,43.620642],[23.580770489,43.619780211],[23.576217208,43.618366326],[23.577569,43.620642]]],[[[23.580888,43.6198167],[23.580853,43.619758],[23.580770489,43.619780211],[23.580888,43.6198167]]],[[[23.583864981,43.633758209],[23.588356,43.632322],[23.580888,43.6198167],[23.583864981,43.633758209]]],[[[23.58385,43.633763],[23.579894,43.635006],[23.586465871,43.645938447],[23.583864981,43.633758209],[23.58385,43.633763]]],[[[23.588037181,43.653297052],[23.590431,43.652538],[23.586465871,43.645938447],[23.588037181,43.653297052]]],[[[23.583947,43.654594],[23.585757,43.657542],[23.5907442,43.6659743],[23.588037181,43.653297052],[23.583947,43.654594]]],[[[23.59171,43.667607],[23.598676,43.665378],[23.5907442,43.6659743],[23.59171,43.667607]]],[[[23.600809,43.668965],[23.600764,43.668861],[23.598676,43.665378],[23.600809,43.668965]]],[[[23.625583093,43.779834242],[23.632569,43.70817],[23.620579,43.711307],[23.600809,43.668965],[23.625583093,43.779834242]]],[[[23.625526,43.779835],[23.625816,43.782132],[23.626329422,43.78317422],[23.625583093,43.779834242],[23.625526,43.779835]]],[[[23.6281616,43.7913736],[23.628742,43.787767],[23.626329422,43.78317422],[23.6281616,43.7913736]]],[[[23.6432257,43.7940164],[23.6392414,43.793286],[23.6281616,43.7913736],[23.6432257,43.7940164]]],[[[23.65225,43.79646],[23.6640572,43.7993631],[23.6432257,43.7940164],[23.65225,43.79646]]],[[[23.6762754,43.80189],[23.7045829,43.8067329],[23.7550807,43.802478],[23.7537989,43.7978624],[23.7653001,43.7858677],[23.8102434,43.7736986],[23.6640572,43.7993631],[23.6762754,43.80189]]],[[[23.8658219,43.7532525],[23.8265454,43.7656316],[23.8102434,43.7736986],[23.8658219,43.7532525]]],[[[23.870418,43.7520722],[23.8749573,43.750818],[23.8658219,43.7532525],[23.870418,43.7520722]]],[[[23.9101446,43.7471263],[23.888558,43.7480507],[23.8749573,43.750818],[23.9101446,43.7471263]]],[[[23.978461,43.7456662],[23.9324713,43.7449174],[23.9101446,43.7471263],[23.978461,43.7456662]]],[[[23.9840555,43.745894],[23.9955997,43.7439408],[24.05375,43.719691],[23.978461,43.7456662],[23.9840555,43.745894]]],[[[24.1129185,43.6999408],[24.0841019,43.7029787],[24.05375,43.719691],[24.1129185,43.6999408]]],[[[24.1184664,43.6991703],[24.1238308,43.6981697],[24.134426975,43.695719682],[24.1129185,43.6999408],[24.1184664,43.6991703]]],[[[24.1963294,43.6835711],[24.1684413,43.6850127],[24.134426975,43.695719682],[24.1963294,43.6835711]]],[[[24.229873988,43.688345964],[24.2110133,43.6855092],[24.1963294,43.6835711],[24.229873988,43.688345964]]],[[[24.2403571,43.6899734],[24.2543578,43.691832],[24.2599753,43.6926307],[24.229873988,43.688345964],[24.2403571,43.6899734]]],[[[24.2677872,43.6936862],[24.3027103,43.6986085],[24.3235415,43.6976189],[24.2599753,43.6926307],[24.2677872,43.6936862]]],[[[24.323297,43.695845],[24.31848,43.686556],[24.313397,43.660752],[24.301745,43.645239],[24.27667,43.652753],[24.268371,43.640172],[24.261383,43.64109],[24.260068,43.636704],[24.26608,43.634616],[24.265765,43.633247],[24.232183467,43.641978497],[24.323297,43.695845]]],[[[24.168088,43.602942],[24.206765,43.646813],[24.232183467,43.641978497],[24.168088,43.602942]]],[[[24.127069647,43.595286675],[24.141878,43.606416],[24.157197,43.603694],[24.158364,43.606576],[24.168088,43.602942],[24.127069647,43.595286675]]],[[[24.12701,43.595261],[24.126986,43.595252],[24.126916,43.595258],[24.127069647,43.595286675],[24.12701,43.595261]]],[[[24.02281097,43.592962815],[24.027882,43.605038],[24.043374,43.601844],[24.038136,43.609022],[24.054278,43.609421],[24.072597,43.599633],[24.087476,43.614382],[24.126916,43.595258],[24.02281097,43.592962815]]],[[[24.022809,43.592958],[24.022774,43.592962],[24.02281097,43.592962815],[24.022809,43.592958]]],[[[24.01058753,43.492004947],[24.001243,43.524665],[23.995469,43.525899],[23.997044,43.529126],[23.986844,43.531668],[23.992976,43.544086],[24.001801,43.541791],[24.022774,43.592962],[24.01058753,43.492004947]]],[[[24.010701,43.491621],[24.013045,43.48366],[24.021198,43.484362],[24.018198,43.472938],[24.050375,43.46699],[24.051203,43.463891],[24.061987,43.460803],[24.059534,43.456327],[24.072988,43.452467],[24.072904,43.448918],[24.051392,43.434766],[24.054714,43.43371],[24.048076,43.42134],[24.037874,43.418479],[24.03536,43.41379],[24.028224,43.413777],[24.023682,43.407322],[24.020158,43.409036],[24.01755,43.400267],[24.007646,43.391992],[24.000593,43.395727],[23.998574026,43.392480801],[24.010701,43.491621]]],[[[23.995115,43.363825],[23.993886,43.383436],[23.998574026,43.392480801],[23.995115,43.363825]]],[[[23.972316076,43.295638414],[23.966839,43.305245],[23.967283,43.315226],[23.957171,43.341589],[23.965459,43.345522],[23.964144,43.355648],[23.966528,43.35885],[23.995115,43.363825],[23.972316076,43.295638414]]],[[[23.972361,43.295609],[23.973369,43.295154],[23.971534894,43.29330207],[23.972316076,43.295638414],[23.972361,43.295609]]],[[[23.971090682,43.29197353],[23.970615,43.293018],[23.971534894,43.29330207],[23.971090682,43.29197353]]],[[[23.971186,43.291945],[23.971096,43.290458],[23.970592716,43.290484222],[23.971090682,43.29197353],[23.971186,43.291945]]],[[[23.963133258,43.268174617],[23.953349,43.272471],[23.95166,43.276233],[23.970592716,43.290484222],[23.963133258,43.268174617]]],[[[23.963325,43.268017],[23.963909,43.266331],[23.962357,43.265853],[23.963133258,43.268174617],[23.963325,43.268017]]],[[[24.032282077,43.205761199],[24.02279,43.207319],[24.01716,43.21177],[24.015458,43.208936],[24.006856,43.214087],[23.997007,43.214386],[23.988399,43.224902],[23.975035,43.222829],[23.96856,43.226077],[23.968939,43.221771],[23.963359,43.222172],[23.962776,43.226624],[23.956182,43.228392],[23.966565,43.240213],[23.959237,43.243687],[23.968483,43.257493],[23.962357,43.265853],[24.032282077,43.205761199]]],[[[24.032301,43.205764],[24.032401,43.205659],[24.032282077,43.205761199],[24.032301,43.205764]]],[[[24.032601,43.205441],[24.032360921,43.205291645],[24.032401,43.205659],[24.032601,43.205441]]],[[[24.031382463,43.196323405],[24.029617,43.202766],[24.032360921,43.205291645],[24.031382463,43.196323405]]],[[[24.032561,43.194931],[24.033106,43.194319],[24.03084456,43.191393151],[24.031382463,43.196323405],[24.032561,43.194931]]],[[[24.028329187,43.168338015],[24.018537,43.178407],[24.03084456,43.191393151],[24.028329187,43.168338015]]],[[[24.028361,43.168235],[24.02915,43.165569],[24.027421071,43.160014508],[24.028329187,43.168338015],[24.028361,43.168235]]],[[[24.024199,43.130482],[24.015943,43.137454],[24.025067,43.147452],[24.023605,43.156835],[24.027421071,43.160014508],[24.024199,43.130482]]],[[[24.026925711,43.115020573],[24.019818,43.124613],[24.024199,43.130482],[24.026925711,43.115020573]]],[[[24.026931,43.115023],[24.028666,43.113213],[24.027389076,43.112393132],[24.026925711,43.115020573],[24.026931,43.115023]]],[[[24.027954334,43.109187913],[24.027023,43.112164],[24.027389076,43.112393132],[24.027954334,43.109187913]]],[[[24.028102,43.109033],[24.028586,43.10866],[24.028173,43.107948],[24.027954334,43.109187913],[24.028102,43.109033]]],[[[23.971717,43.061949],[23.97134,43.081252],[23.959356,43.095211],[23.961708,43.1082],[23.965113,43.109892],[23.961371,43.111797],[23.963748,43.115887],[23.988563,43.110093],[24.000881,43.103704],[24.020419,43.107163],[24.020752,43.109942],[24.028173,43.107948],[23.971717,43.061949]]],[[[23.965915045,43.04295865],[23.961188,43.056529],[23.967482,43.057562],[23.97133,43.062315],[23.965915045,43.04295865]]],[[[23.96595,43.04288],[23.965738,43.038247],[23.9626381,43.0322329],[23.965915045,43.04295865],[23.96595,43.04288]]],[[[23.962575,43.032182],[23.958443,43.028771],[23.951793,43.027565],[23.951727745,43.027802285],[23.962575,43.032182]]],[[[23.948782672,43.026606313],[23.950852,43.028515],[23.95173,43.028218],[23.951727745,43.027802285],[23.948782672,43.026606313]]],[[[23.948787,43.026591],[23.949209,43.025876],[23.9460377,43.0254916],[23.948782672,43.026606313],[23.948787,43.026591]]],[[[23.94599,43.025492],[23.928633,43.027907],[23.925126,43.032941],[23.925178125,43.03300921],[23.94599,43.025492]]],[[[23.888932,43.046072],[23.911717,43.04495],[23.924974,43.040863],[23.928785,43.03642],[23.925178125,43.03300921],[23.888932,43.046072]]],[[[23.888884,43.046067],[23.885863,43.04651],[23.877717285,43.054891244],[23.888932,43.046072],[23.888884,43.046067]]],[[[23.8775252,43.0550423],[23.877645,43.055028],[23.877717285,43.054891244],[23.8775252,43.0550423]]],[[[23.877459,43.054914],[23.877349266,43.054825577],[23.8775252,43.0550423],[23.877459,43.054914]]],[[[23.876186492,43.053393219],[23.876757,43.054278],[23.877349266,43.054825577],[23.876186492,43.053393219]]],[[[23.876008,43.052834],[23.87478,43.049951],[23.871896,43.048108],[23.876186492,43.053393219],[23.876008,43.052834]]],[[[23.871839,43.048082],[23.87172,43.048093],[23.871668565,43.048107028],[23.871896,43.048108],[23.871839,43.048082]]],[[[23.870375859,43.048101502],[23.870364,43.048482],[23.871668565,43.048107028],[23.870375859,43.048101502]]],[[[23.870428,43.048079],[23.865133,43.047513],[23.861783409,43.048064769],[23.870375859,43.048101502],[23.870428,43.048079]]],[[[23.861101277,43.048061853],[23.861523,43.04812],[23.861783409,43.048064769],[23.861101277,43.048061853]]],[[[23.860863,43.048029],[23.860567,43.048022],[23.860195517,43.048057981],[23.861101277,43.048061853],[23.860863,43.048029]]],[[[23.856665218,43.04804289],[23.857732,43.048192],[23.860195517,43.048057981],[23.856665218,43.04804289]]],[[[23.856375,43.048013],[23.856149,43.048013],[23.85604964,43.048040258],[23.856665218,43.04804289],[23.856375,43.048013]]],[[[23.855104049,43.048036216],[23.855696,43.048079],[23.85604964,43.048040258],[23.855104049,43.048036216]]],[[[23.854925,43.048021],[23.852907,43.047869],[23.851980751,43.048022864],[23.855104049,43.048036216],[23.854925,43.048021]]],[[[23.850843,43.048018],[23.851499,43.048204],[23.851980751,43.048022864],[23.850843,43.048018]]],[[[23.850732,43.048007],[23.84989,43.0479],[23.848438487,43.048245754],[23.850843,43.048018],[23.850732,43.048007]]],[[[23.812607683,43.051639621],[23.8282,43.053502],[23.848438487,43.048245754],[23.812607683,43.051639621]]],[[[23.812442,43.051541],[23.811595,43.051149],[23.8101575,43.0518717],[23.812607683,43.051639621],[23.812442,43.051541]]],[[[23.803379,43.066801],[23.812848,43.056234],[23.8101575,43.0518717],[23.803379,43.066801]]],[[[23.700449941,43.027354329],[23.716999,43.036165],[23.718712,43.040328],[23.723054,43.040285],[23.728972,43.048684],[23.742924,43.054229],[23.741084,43.055458],[23.745718,43.056593],[23.748433,43.064045],[23.757249,43.071053],[23.760826,43.069846],[23.75913,43.067895],[23.765734,43.067109],[23.803379,43.066801],[23.700449941,43.027354329]]],[[[23.700447,43.027345],[23.699824,43.02697],[23.6976772,43.0262917],[23.700449941,43.027354329],[23.700447,43.027345]]],[[[23.697245,43.026391],[23.689287,43.027373],[23.6815149,43.0326752],[23.6976772,43.0262917],[23.697245,43.026391]]],[[[23.5711275,42.9993983],[23.576381,43.00425],[23.580004,43.01857],[23.590486,43.027994],[23.592945,43.036501],[23.620189,43.049222],[23.624205,43.05575],[23.627933,43.054855],[23.626185,43.05805],[23.639267,43.058001],[23.639152,43.053149],[23.647518,43.04524],[23.653441,43.044328],[23.667049,43.034677],[23.6815149,43.0326752],[23.5711275,42.9993983]]],[[[23.566563,42.993907],[23.57052,42.998867],[23.5711275,42.9993983],[23.566563,42.993907]]],[[[23.544018,43.004908],[23.56138,43.000624],[23.566563,42.993907],[23.544018,43.004908]]],[[[23.543867,43.004954],[23.543448,43.005094],[23.543103504,43.005862941],[23.544018,43.004908],[23.543867,43.004954]]],[[[23.542123833,43.00688594],[23.543233,43.007196],[23.543691,43.006674],[23.543103504,43.005862941],[23.542123833,43.00688594]]],[[[23.542123,43.006886],[23.541626,43.006951],[23.541463,43.007576],[23.542123833,43.00688594],[23.542123,43.006886]]],[[[23.540509593,43.008946351],[23.541712,43.009078],[23.541463,43.007576],[23.540509593,43.008946351]]],[[[23.540506,43.008945],[23.539747,43.008901],[23.539489,43.009244],[23.540211091,43.009375393],[23.540506,43.008945]]],[[[23.5394137,43.0105215],[23.541009,43.010651],[23.541377,43.010328],[23.540211091,43.009375393],[23.5394137,43.0105215]]],[[[23.539263,43.010531],[23.539028,43.010555],[23.538870135,43.010715329],[23.5394137,43.0105215],[23.539263,43.010531]]],[[[23.534457,43.012289],[23.537354,43.013245],[23.538870135,43.010715329],[23.534457,43.012289]]],[[[23.533905,43.012276],[23.532053,43.012206],[23.53095,43.012689],[23.534457,43.012289],[23.533905,43.012276]]],[[[23.530656,43.012896],[23.525404,43.018725],[23.517551,43.024623],[23.522321,43.023214],[23.530656,43.012896]]],[[[23.522187,43.023979],[23.522358,43.023561],[23.522321,43.023214],[23.522187,43.023979]]],[[[23.519376,43.0385],[23.521652,43.034115],[23.522187,43.023979],[23.519376,43.0385]]],[[[23.518914799,43.039181657],[23.519156,43.038851],[23.519376,43.0385],[23.518914799,43.039181657]]],[[[23.518899,43.039203],[23.518323,43.039716],[23.518142386,43.040323287],[23.518914799,43.039181657],[23.518899,43.039203]]],[[[23.517280717,43.041596839],[23.517884,43.041058],[23.518142386,43.040323287],[23.517280717,43.041596839]]],[[[23.517246,43.041625],[23.516217,43.042436],[23.5154296,43.0443328],[23.517280717,43.041596839],[23.517246,43.041625]]],[[[23.515128,43.044309],[23.508147,43.045409],[23.5022605,43.0483255],[23.5154296,43.0443328],[23.515128,43.044309]]],[[[23.502221111,43.048419784],[23.502248,43.048374],[23.5022605,43.0483255],[23.502221111,43.048419784]]],[[[23.502211,43.048437],[23.499456,43.052998],[23.498624456,43.057028945],[23.502221111,43.048419784],[23.502211,43.048437]]],[[[23.497883026,43.058803676],[23.498505,43.057765],[23.498624456,43.057028945],[23.497883026,43.058803676]]],[[[23.497316,43.05966],[23.494264,43.063172],[23.493706,43.068802045],[23.497883026,43.058803676],[23.497316,43.05966]]],[[[23.4914788,43.0741332],[23.49257,43.073254],[23.493706,43.068802045],[23.4914788,43.0741332]]],[[[23.491282,43.074187],[23.490816,43.074407],[23.490423571,43.074710804],[23.4914788,43.0741332],[23.491282,43.074187]]],[[[23.488856776,43.075568426],[23.489393,43.075655],[23.490423571,43.074710804],[23.488856776,43.075568426]]],[[[23.488631,43.075489],[23.473919,43.071847],[23.47082,43.080345],[23.472432,43.08417],[23.46748602,43.087266209],[23.488631,43.075489]]],[[[23.4563103,43.0933835],[23.464984,43.090793],[23.46748602,43.087266209],[23.4563103,43.0933835]]],[[[23.455726,43.093667],[23.45095,43.097314],[23.454727,43.104063],[23.461169,43.107394],[23.455396,43.107861],[23.455868,43.114954],[23.464308,43.124257],[23.4789916,43.1306118],[23.455726,43.093667]]],[[[23.479005,43.130621],[23.479006512,43.130621429],[23.4789916,43.1306118],[23.479005,43.130621]]],[[[23.479292047,43.13080579],[23.479197,43.130696],[23.479006512,43.130621429],[23.479292047,43.13080579]]],[[[23.479519,43.131125],[23.481875,43.133577],[23.486361,43.13537],[23.479292047,43.13080579],[23.479519,43.131125]]],[[[23.440686876,43.151609689],[23.442612,43.157719],[23.455776,43.153008],[23.474275,43.154226],[23.478163,43.151133],[23.47784,43.144661],[23.486394,43.13544],[23.440686876,43.151609689]]],[[[23.440637,43.151561],[23.424408,43.15253],[23.414001,43.161098],[23.440686876,43.151609689],[23.440637,43.151561]]],[[[23.401421393,43.166243356],[23.410637,43.167495],[23.409479,43.164838],[23.414001,43.161098],[23.401421393,43.166243356]]],[[[23.401309,43.166247],[23.401168,43.166347],[23.401421393,43.166243356],[23.401309,43.166247]]]]}},{"type":"Feature","properties":{"slug":"gabrovo","name_bg":"Габрово","name_en":"Gabrovo","source":"OpenStreetMap contributors, ODbL 1.0"},"geometry":{"type":"MultiPolygon","coordinates":[[[[24.88223,42.900705],[24.879532,42.91372],[24.8887,42.932534],[24.874431176,42.94374095],[24.869802,42.943246],[24.867624,42.96772],[24.872478,42.990027],[24.870039,42.994284],[24.874034349,42.996084468],[24.870146,42.999805],[24.87481863,42.999723344],[24.877805,43.015323],[24.880523,43.016622],[24.936950614,43.026405119],[24.937725,43.028948],[24.945725,43.02806],[24.944817,43.030052],[24.951685,43.033063],[24.930098,43.041206],[24.935803,43.043519],[24.938727014,43.05016598],[24.935768,43.053359],[24.93314013,43.057539994],[24.927731,43.057278],[24.918207,43.067167],[24.923477,43.068805],[24.922505,43.070221],[24.922436,43.070932],[24.922474,43.071618],[24.92251,43.072144],[24.922661,43.073195],[24.925665,43.076495],[24.92207,43.081247],[24.925473,43.08489],[24.916981,43.091385],[24.921539,43.090138],[24.922749,43.098823],[24.928196,43.101873],[24.918219,43.104666],[24.924236,43.11063],[24.927542,43.109734],[24.927858,43.114087],[24.944948,43.115095],[24.948361,43.119065],[24.95685,43.117867],[24.967579,43.122271],[24.965139,43.124245],[24.963756,43.127782],[24.967403944,43.13198884],[24.969938298,43.158608555],[24.965241,43.160738],[24.961609,43.169274],[24.965141,43.1723],[24.961147,43.177204],[24.96436,43.182466],[24.957377,43.1826],[24.956359,43.187932],[24.960112,43.193767],[24.972462,43.189938],[24.972402,43.191267],[24.977558,43.193865],[24.993679,43.193965],[24.994958,43.193663],[24.999841786,43.190346411],[25.004774,43.190535],[25.004841087,43.186951375],[25.012373,43.186301],[25.0134,43.181139],[25.068973,43.178835],[25.076594,43.177783],[25.120984606,43.143567704],[25.130081,43.141834],[25.13442,43.133212],[25.161531,43.141701],[25.163696891,43.142131438],[25.166286,43.146987],[25.170985,43.144733],[25.173842,43.146758],[25.175608,43.145238],[25.195813,43.107253],[25.195881,43.106881],[25.196005,43.105444],[25.225717,43.099447],[25.223038,43.096315],[25.275689,43.11007],[25.298272,43.112654],[25.30127,43.11021],[25.302051,43.10593],[25.301761756,43.102360264],[25.311095,43.100274],[25.312103,43.096878],[25.309507,43.094449],[25.30805,43.071987],[25.303749227,43.070634933],[25.305485,43.06381],[25.304618,43.056767],[25.326549,43.056884],[25.347699,43.052696],[25.368861,43.055306],[25.385508,43.054638],[25.406439,43.043439],[25.406764,43.041619],[25.4436529,43.0485448],[25.449929,43.053143],[25.472,43.056774],[25.504562,43.037633],[25.504724,43.037425],[25.542476,43.041861],[25.547625,43.039703],[25.545409,43.035996],[25.548196,43.033904],[25.555055,43.034458],[25.552114,43.030796],[25.592897,43.02076],[25.594812,43.018885],[25.595031,43.016918],[25.592934006,43.0157807],[25.595218,43.014135],[25.588975961,43.009238105],[25.577804,42.990771],[25.567387,42.987822],[25.567787,42.982884],[25.556033,42.958363],[25.557176,42.952555],[25.557054291,42.946439645],[25.561967,42.940995],[25.557705356,42.938838608],[25.558702,42.927203],[25.564509,42.926728],[25.562718,42.911019],[25.578443,42.913366],[25.578519,42.912531],[25.581218,42.913107],[25.589789994,42.911837137],[25.600088,42.912244],[25.600984,42.911874],[25.60981,42.916827],[25.613578,42.909471],[25.616906,42.91005],[25.617775633,42.902501014],[25.621045,42.902459],[25.620838,42.901413],[25.606801,42.871073],[25.61437,42.863305],[25.613039,42.860387],[25.617327,42.852862],[25.611676444,42.846418885],[25.613439,42.837506],[25.613404,42.837326],[25.592026,42.821473],[25.60955,42.801973],[25.609902428,42.794448244],[25.634241,42.758676],[25.633829,42.757493],[25.619226297,42.748030927],[25.616924705,42.748165651],[25.619194,42.74801],[25.616479,42.745583],[25.609339,42.748491],[25.607521,42.74575],[25.597378413,42.749506328],[25.544387,42.753141],[25.492541,42.761204],[25.484553,42.757715],[25.475066,42.754855],[25.4346032,42.7611909],[25.434462,42.748895],[25.42415,42.740156],[25.423206,42.734443],[25.417835,42.733673],[25.4109376,42.7388531],[25.389851,42.738777],[25.371915,42.741491],[25.362316,42.735487],[25.357846,42.740372],[25.343533,42.743178],[25.341451,42.749332],[25.32458,42.750652],[25.317503,42.757171],[25.249363,42.742592],[25.239179625,42.749700246],[25.225912,42.749237],[25.225715128,42.758560749],[25.178926,42.789351],[25.178958,42.789099],[25.175985,42.785889],[25.174744,42.783797],[25.172087,42.781572],[25.160779,42.778661],[25.154517,42.770315],[25.147031,42.769132],[25.134814,42.759947],[25.101032472,42.754340407],[25.096554,42.74968],[25.091044,42.750559],[25.078057,42.742705],[25.070315328,42.746646959],[25.068162,42.745898],[25.014512,42.748038],[25.013949,42.748871],[25.0155493,42.754716],[25.0134412,42.7649041],[25.013081,42.767632],[24.971558632,42.854458818],[24.96626,42.854284],[24.962508,42.858382],[24.962581,42.862555],[24.967201,42.863571],[24.962963,42.872402],[24.965282,42.878217],[24.952541,42.878386],[24.941034,42.884681],[24.932277,42.878448],[24.906261,42.874851],[24.883579,42.896541],[24.88223,42.900705]],[[25.1755,43.145232],[25.174081,43.144944],[25.173566559,43.144705567],[25.175608,43.145238],[25.1755,43.145232]],[[25.614772172,42.748313292],[25.615198,42.747812],[25.616924705,42.748165651],[25.614772172,42.748313292]],[[25.614736,42.748323],[25.614106,42.749688],[25.61268,42.748724],[25.612690438,42.748456078],[25.614736,42.748323]],[[25.612262711,42.748485416],[25.612463,42.748442],[25.612690438,42.748456078],[25.612262711,42.748485416]],[[25.014524,42.748042],[25.014517652,42.748074384],[25.014512,42.748038],[25.014524,42.748042]],[[25.014600553,42.748608093],[25.014435,42.748496],[25.014517652,42.748074384],[25.014600553,42.748608093]]],[[[25.619225,42.748026],[25.619194,42.74801],[25.619226297,42.748030927],[25.619225,42.748026]]]]}},{"type":"Feature","properties":{"slug":"dobrich","name_bg":"Добрич","name_en":"Dobrich","source":"OpenStreetMap contributors, ODbL 1.0"},"geometry":{"type":"MultiPolygon","coordinates":[[[[27.2704163,43.6383793],[27.273112349,43.640479763],[27.2699264,43.6458984],[27.2381008,43.6438076],[27.2372371,43.6439655],[27.2372138,43.6439704],[27.2370556,43.6440041],[27.2364083,43.6441483],[27.2358837,43.64427],[27.2248368,43.6469541],[27.2216517,43.647955],[27.2137866,43.6541934],[27.2103692,43.6607557],[27.2060255,43.6617315],[27.219537,43.6646128],[27.2213097,43.6919898],[27.2157177,43.6920566],[27.1985491,43.7057238],[27.204877581,43.72482712],[27.2025537,43.7271116],[27.205726326,43.72808725],[27.2093001,43.742259],[27.2095256,43.7426807],[27.2096875,43.7429802],[27.2100469,43.7436307],[27.2107412,43.7448098],[27.2122246,43.7476169],[27.2216481,43.7538235],[27.2289268,43.7474845],[27.2310366,43.7522561],[27.235617162,43.755451675],[27.2332296,43.7585068],[27.238075,43.762575],[27.2332926,43.7637069],[27.242710439,43.763898659],[27.2479759,43.770169],[27.2475852,43.7745348],[27.2584798,43.772218],[27.2544611,43.7796144],[27.26458316,43.778714759],[27.2703358,43.7931206],[27.280160342,43.795295988],[27.2776309,43.7999102],[27.2817645,43.7989798],[27.2851413,43.800598],[27.289256569,43.800603143],[27.2897133,43.8014307],[27.2929032,43.8006077],[27.2949227,43.8055866],[27.31778049,43.803563159],[27.3170711,43.8079549],[27.3248069,43.8128529],[27.3399862,43.8135496],[27.3445323,43.8172729],[27.3517562,43.8155353],[27.3513616,43.8120908],[27.3343337,43.8095995],[27.3255385,43.811668],[27.3191009,43.8076148],[27.3510802,43.807422],[27.3528695,43.8145274],[27.3734382,43.8188245],[27.373036,43.8154357],[27.3742476,43.8202059],[27.37850666,43.824720303],[27.3951958,43.8530445],[27.39533,43.8531821],[27.4060226,43.8542816],[27.4188859,43.8478408],[27.450887,43.8709978],[27.4516985,43.8714021],[27.4636204,43.8586549],[27.4679641,43.8603927],[27.470744001,43.855537523],[27.5038745,43.8410392],[27.5009508,43.8452193],[27.5123644,43.850401],[27.5160473,43.8472015],[27.5243929,43.8494398],[27.5244608,43.8561604],[27.520731,43.8570605],[27.5218485,43.8645869],[27.527269627,43.864481739],[27.528365148,43.87021004],[27.5227183,43.872976],[27.5292907,43.8750496],[27.5299069,43.8990066],[27.535626598,43.899493297],[27.5432372,43.9184584],[27.5494439,43.9179251],[27.54977816,43.917250961],[27.5667276,43.9160266],[27.5726864,43.9125833],[27.5742043,43.9109912],[27.5758263,43.9104965],[27.5760733,43.9103247],[27.576502061,43.909794074],[27.5774453,43.9090017],[27.582102057,43.902863636],[27.5846239,43.902082],[27.5872037,43.8975222],[27.595761,43.8925622],[27.5927751,43.8896549],[27.6009079,43.8969367],[27.605336007,43.896321587],[27.61854,43.904693],[27.6312253,43.9100623],[27.6306415,43.9192073],[27.6214217,43.9182894],[27.6155937,43.92508],[27.6249577,43.9334089],[27.6299675,43.9310636],[27.6296816,43.9262191],[27.6328151,43.9277175],[27.6368727,43.9434207],[27.646075569,43.958580813],[27.6418189,43.969428],[27.6585681,43.9793962],[27.6841799,43.9853665],[27.6955887,43.9873828],[27.7077155,43.9639391],[27.7247715,43.9561082],[27.8335239,43.9654672],[27.8686788,43.9807681],[27.916809,44.008275],[27.9442117,43.9847328],[27.9444034,43.9842265],[27.9477707,43.9690613],[27.9502822,43.9576926],[27.976502,43.900797],[27.984498,43.8749605],[28.0040297,43.8401935],[28.119592,43.796009],[28.236223,43.758491],[28.2734214,43.7564273],[28.348681,43.752234],[28.3769089,43.7468954],[28.4465076,43.7337302],[28.5789531,43.7387206],[28.573996195,43.716732535],[28.5781313,43.708339],[28.5767749,43.7007711],[28.569907259,43.698594643],[28.5646329,43.6751984],[28.5689357,43.6521977],[28.5789855,43.6366439],[28.572432,43.6287701],[28.5742097,43.6183077],[28.5700172,43.6146972],[28.5688429,43.6058507],[28.5764958,43.5812095],[28.6034391,43.5528691],[28.6049387,43.5446078],[28.6092563,43.541708],[28.6053469,43.5379343],[28.6030935,43.5206577],[28.5976306,43.5108472],[28.556854,43.4500394],[28.5451778,43.4358708],[28.5294995,43.4235254],[28.5142956,43.4144179],[28.5083548,43.415223],[28.4956641,43.4082136],[28.4702437,43.3824],[28.4656702,43.3604389],[28.4609067,43.3724574],[28.4531729,43.3792706],[28.4120562,43.3886917],[28.3879065,43.4043823],[28.350327709,43.412342296],[28.3495735,43.4118579],[28.3500283,43.4110251],[28.3497949,43.4102332],[28.3494222,43.4101038],[28.3349209,43.4155203],[28.2830118,43.4120362],[28.2799273,43.4132449],[28.2579407,43.409085],[28.2481267,43.4031652],[28.2334018,43.4023859],[28.2310983,43.4034407],[28.223352,43.3993316],[28.1946625,43.3975625],[28.1340036,43.3971993],[28.1103771,43.3819784],[28.106703704,43.381638014],[28.1036573,43.3794237],[28.1031717,43.3792054],[28.1029941,43.3791022],[28.1025888,43.3789161],[28.090769,43.3746788],[28.0675717,43.3354313],[28.0618995,43.3354973],[28.063601,43.3278407],[28.0567778,43.3192401],[28.051437,43.3199394],[28.0204037,43.3414259],[28.0220935,43.3537093],[28.0165085,43.3547863],[28.01593494,43.359646166],[27.9862135,43.3882977],[27.9810602,43.3891242],[27.949840142,43.394360744],[27.9480393,43.392284],[27.9392894,43.3963713],[27.936810001,43.400592721],[27.9204087,43.3897374],[27.9134813,43.3860027],[27.8913059,43.3646927],[27.881996,43.3622312],[27.8780413,43.3543604],[27.8630014,43.3596486],[27.8597613,43.3618314],[27.8565228,43.3621052],[27.8395959,43.3794155],[27.8261042,43.3872405],[27.8295808,43.3923431],[27.8278504,43.4038189],[27.8066333,43.4045836],[27.7899575,43.4184199],[27.7745306,43.4275868],[27.7679446,43.4324567],[27.7581243,43.4323995],[27.74080708,43.452700226],[27.708474317,43.475170306],[27.7043371,43.4738799],[27.7012729,43.4798051],[27.6752972,43.475778],[27.6461615,43.4841009],[27.6359663,43.4933495],[27.6157983,43.5267068],[27.5897098,43.5295589],[27.5884863,43.514016],[27.581196223,43.512338912],[27.5804604,43.5043033],[27.548114,43.4886104],[27.5473708,43.488675],[27.5432864,43.4891744],[27.532543092,43.493221728],[27.525722,43.4927433],[27.5259305,43.4952583],[27.5076904,43.4971039],[27.4891838,43.5100775],[27.4841756,43.5520113],[27.4834131,43.5533415],[27.4741836,43.5697293],[27.4525633,43.5765764],[27.4455047,43.5868779],[27.4397108,43.5845139],[27.4294299,43.6002926],[27.4339972,43.6084534],[27.4142418,43.6017954],[27.4117925,43.6050862],[27.3472737,43.5989723],[27.319392,43.5931592],[27.3029185,43.5897857],[27.27650323,43.634712579],[27.2704163,43.6383793]],[[27.450441,43.8704788],[27.450463802,43.870479668],[27.450391,43.8705451],[27.450441,43.8704788]],[[27.450813971,43.870164946],[27.4510572,43.8704193],[27.4510542,43.8705786],[27.450463802,43.870479668],[27.450813971,43.870164946]],[[28.173238021,43.39855204],[28.1728397,43.3987392],[28.1728074,43.3987031],[28.1731309,43.3985513],[28.173238021,43.39855204]],[[28.1733077,43.3985193],[28.173341608,43.398552756],[28.173238021,43.39855204],[28.1733077,43.3985193]],[[28.173352286,43.39855283],[28.1733452,43.3985563],[28.173341608,43.398552756],[28.173352286,43.39855283]],[[28.1733791,43.3985397],[28.173391548,43.398553102],[28.173352286,43.39855283],[28.1733791,43.3985397]],[[27.9370658,43.4007527],[27.9368057,43.4006812],[27.9367712,43.4006402],[27.936810001,43.400592721],[27.9370658,43.4007527]],[[27.411799,43.6050858],[27.411798283,43.605087077],[27.4117925,43.6050862],[27.411799,43.6050858]]]]}},{"type":"Feature","properties":{"slug":"kardzhali","name_bg":"Кърджали","name_en":"Kardzhali","source":"OpenStreetMap contributors, ODbL 1.0"},"geometry":{"type":"MultiPolygon","coordinates":[[[[25.1501368,41.338872],[25.1323558,41.341933],[25.1273618,41.346377],[25.1299578,41.348907],[25.1268528,41.352032],[25.1293048,41.357059],[25.1406338,41.360153],[25.1418828,41.37478],[25.1535258,41.376795],[25.1585803,41.3841475],[25.1585568,41.384195],[25.158626675,41.387334243],[25.1580538,41.388032],[25.158700964,41.391285164],[25.1580298,41.393342],[25.1587908,41.396063],[25.15756,41.402531],[25.151711,41.403166],[25.155522,41.413707],[25.1678,41.413197],[25.174595,41.416743],[25.175867,41.420863],[25.169308,41.421897],[25.146863,41.436882],[25.15826,41.452708],[25.165315,41.458008],[25.166575,41.499536],[25.087012,41.51047],[25.086353,41.508365],[25.08301,41.505855],[25.084839,41.503107],[25.079383,41.500474],[25.08316,41.497084],[25.080788,41.490965],[25.060437,41.489553],[25.05187,41.497466],[25.049775,41.506627],[25.032526,41.515215],[25.021114,41.52505],[25.023580912,41.525995733],[25.022115,41.537127],[25.021646,41.537526],[25.016236026,41.557923575],[25.005729,41.561103],[24.999109,41.567292],[25.006981,41.570952],[25.009105,41.580746],[25.003091,41.583667],[25.01293,41.590964],[25.017985,41.58726],[25.023783,41.590965],[25.044478,41.58882],[25.06917,41.717527],[25.065730407,41.738827377],[25.058298,41.73639],[25.052339,41.742749],[25.051176,41.759122],[25.055708,41.773027],[25.073607,41.793595],[25.117586,41.800928],[25.10684,41.810571],[25.108175,41.818377],[25.117189,41.827271],[25.130925,41.828602],[25.139776132,41.833025095],[25.144356,41.840194],[25.14749,41.842287],[25.14512,41.849995],[25.1451183,41.8500573],[25.145116,41.850144],[25.1453488,41.8508404],[25.145938251,41.856654591],[25.146093,41.860587],[25.143273,41.870021],[25.155187,41.872668],[25.157928,41.872942],[25.158601,41.872889],[25.158682,41.872741],[25.1588174,41.872736],[25.159061,41.872727],[25.159131,41.872719],[25.159349,41.87265],[25.159638,41.8724788],[25.18308,41.887853],[25.181883,41.89493],[25.188879,41.899671],[25.19393,41.901136],[25.1993198,41.9017458],[25.200848,41.901859],[25.201794,41.902013],[25.203765,41.90219],[25.206024,41.902174],[25.21815,41.895593],[25.2267994,41.8618944],[25.231662846,41.856659992],[25.237996,41.855989],[25.237082,41.852795],[25.24087,41.850038],[25.238256915,41.849562958],[25.2666211,41.8210998],[25.37113,41.84318],[25.384523,41.830599],[25.383813137,41.819205394],[25.405773,41.792313],[25.406763,41.789007],[25.414049,41.788003],[25.42008,41.794293],[25.434732,41.790613],[25.444087,41.793539],[25.452459,41.789216],[25.45336,41.781923],[25.458306,41.785077],[25.464959425,41.776717139],[25.516628,41.768175],[25.516102609,41.765916774],[25.554744,41.757826],[25.558885,41.756867],[25.56122,41.755865],[25.5912,41.761739],[25.587758,41.752277],[25.589698,41.749019],[25.598619,41.744878],[25.602697,41.746578],[25.606517,41.740447],[25.631997,41.731401],[25.631977,41.715781],[25.635744,41.710926],[25.632148,41.706896],[25.646404,41.690283],[25.641941,41.675274],[25.632995,41.662379],[25.602065,41.641794],[25.774097,41.656987],[25.780210539,41.652918152],[25.792526,41.659966],[25.80029,41.650244],[25.802849,41.653086],[25.809619,41.650318],[25.82299,41.652595],[25.83561,41.6479],[25.831091,41.637495],[25.835091,41.630812],[25.82518,41.626535],[25.825001,41.623186],[25.834082,41.624371],[25.835807,41.618562],[25.83817,41.617148],[25.840253,41.612882],[25.857961,41.475187],[25.861208,41.475792],[25.864414,41.468305],[25.86837,41.468898],[25.864299725,41.465466669],[25.913628325,41.389822065],[25.920432,41.389298],[25.917150546,41.384420796],[25.927295796,41.368863221],[25.939823,41.372297],[25.945041,41.370473],[25.938382,41.36873],[25.93311756,41.359935642],[25.944135,41.350237],[25.942072294,41.339848055],[25.945386,41.337246],[25.946667544,41.32885581],[25.956568,41.330617],[25.950767,41.321904],[25.9499344,41.3210412],[25.9478134,41.3197545],[25.945576722,41.319831],[25.9292032,41.3149948],[25.9234144,41.3138054],[25.9117895,41.3091088],[25.907456,41.3076829],[25.9031324,41.3065238],[25.8842351,41.3043519],[25.8685623,41.3127971],[25.872659538,41.321874043],[25.854277,41.3274241],[25.851329013,41.33273714],[25.823752,41.3478182],[25.8137548,41.3359758],[25.807025537,41.337283055],[25.8017203,41.3330946],[25.7811421,41.3209804],[25.7116951,41.2910167],[25.7021019,41.2924003],[25.6964549,41.2958731],[25.6946787,41.3013574],[25.6834782,41.3068368],[25.6642413,41.3087213],[25.6581929,41.3145609],[25.6536755,41.3128119],[25.6460387,41.3124423],[25.6427671,41.3109272],[25.637016,41.3109744],[25.6245614,41.304042],[25.6141354,41.3037551],[25.6086236,41.3042173],[25.6054534,41.305889],[25.5919903,41.3080139],[25.5897587,41.308871],[25.5872619,41.3095707],[25.5863731,41.309879],[25.5838789,41.3146162],[25.5575397,41.3159551],[25.5451494,41.3083054],[25.5316778,41.2776982],[25.5257395,41.276122],[25.5177215,41.2832069],[25.4946678,41.2860251],[25.4903568,41.2877549],[25.4698521,41.2826101],[25.4421279,41.275728],[25.4293003,41.2646212],[25.3858566,41.2561724],[25.3604025,41.2557701],[25.3592143,41.2531882],[25.3567117,41.2509035],[25.3557479,41.2503384],[25.3416831,41.2479826],[25.3368268,41.2407176],[25.2893256,41.2390114],[25.2880252,41.2353678],[25.280882,41.2359792],[25.273809737,41.241004112],[25.2390918,41.2452554],[25.2320094,41.247498],[25.223254,41.2647085],[25.19306785,41.295841883],[25.1903361,41.2945873],[25.1789204,41.3020323],[25.181532698,41.307739004],[25.1793339,41.3100068],[25.1778398,41.314317],[25.1805358,41.319076],[25.1501368,41.338872]]]]}},{"type":"Feature","properties":{"slug":"kyustendil","name_bg":"Кюстендил","name_en":"Kyustendil","source":"OpenStreetMap contributors, ODbL 1.0"},"geometry":{"type":"MultiPolygon","coordinates":[[[[22.4585,42.221751],[22.441311,42.2462647],[22.428929775,42.256523187],[22.4250689,42.2554824],[22.424856959,42.259897726],[22.414111,42.267773],[22.3820865,42.3043614],[22.367751,42.308067],[22.3604346,42.3109807],[22.3602199,42.3110963],[22.3598018,42.311762],[22.3600562,42.313074],[22.3602478,42.3132574],[22.3609789,42.3139572],[22.3656013,42.3236703],[22.3657778,42.3238976],[22.3658272,42.3239612],[22.3659246,42.3240027],[22.3664493,42.3237211],[22.3664633,42.3237108],[22.3669741,42.3233341],[22.3671435,42.3232091],[22.3673045,42.3230905],[22.3673807,42.3230342],[22.3674238,42.3230025],[22.3674895,42.322954],[22.3682113,42.3223206],[22.369713,42.3216896],[22.3780015,42.3235062],[22.4037691,42.3325981],[22.4236317,42.3338483],[22.455478,42.333594],[22.45518,42.334526],[22.4595336,42.362013],[22.4692709,42.3760155],[22.4808012,42.3836966],[22.4779664,42.3941461],[22.50139508,42.396199342],[22.5220744,42.4091923],[22.543635692,42.45071085],[22.5405169,42.4539969],[22.54389,42.4634986],[22.551837505,42.469564308],[22.5523486,42.4729094],[22.5587168,42.4853777],[22.5513373,42.4958336],[22.5474379,42.5072564],[22.5234108,42.5258164],[22.5135769,42.5270307],[22.447462,42.5661262],[22.4393073,42.5651663],[22.4390112,42.5658784],[22.4390261,42.5663616],[22.43958657,42.567385039],[22.4389662,42.5704162],[22.4378248,42.5721475],[22.4405538,42.5885609],[22.449781,42.5951588],[22.4513952,42.6121294],[22.4586264,42.6221447],[22.4583632,42.6311885],[22.464447223,42.632484043],[22.465144,42.6349905],[22.4676083,42.6407615],[22.4538749,42.6464371],[22.463078,42.648957],[22.480432,42.64406],[22.496395,42.645674],[22.499592,42.643802],[22.498200935,42.6398814],[22.5385328,42.6305249],[22.573823,42.630772],[22.576776,42.637805],[22.582985,42.638672],[22.588843,42.635391],[22.646024275,42.55127547],[22.652869,42.548419],[22.654076,42.545105],[22.651490397,42.543640313],[22.667273213,42.521594653],[22.683225,42.521961],[22.695195,42.511694],[22.7039,42.517328],[22.710689,42.509194],[22.706711,42.502707],[22.711772,42.496307],[22.711526,42.483765],[22.707144,42.48071],[22.701689,42.483949],[22.696275004,42.481084541],[22.701314,42.474046],[22.717296,42.469087],[22.72931,42.460768],[22.729919436,42.455258035],[22.790206,42.415662],[22.872075,42.367853],[22.875519,42.373971],[22.88452963,42.368471826],[22.907271984,42.369601814],[22.913778,42.387545],[22.934881,42.389746],[22.944487,42.397226],[22.949878,42.396816],[22.94973,42.399647],[22.970228,42.390232],[22.973677,42.392046],[22.976538,42.388497],[22.988092,42.402032],[22.996647,42.405196],[23.006656,42.405197],[23.004839,42.396248],[23.013497,42.391604],[23.027079,42.391269],[23.028755,42.384692],[23.036647,42.37603],[23.05491,42.380508],[23.069098141,42.376203824],[23.092751777,42.376330525],[23.089391,42.381068],[23.09378,42.394376],[23.106148,42.404588],[23.109005,42.410809],[23.125768,42.400973],[23.120565,42.394415],[23.124918,42.387703],[23.131266,42.384815],[23.129669,42.381911],[23.133335,42.378534],[23.15012,42.377733],[23.156656,42.381863],[23.165652,42.381525],[23.168212023,42.376734727],[23.245125,42.379442],[23.255663,42.37636],[23.252264,42.368323],[23.261683,42.360223],[23.28851,42.373806],[23.293771,42.373171],[23.3138268,42.3583413],[23.386289,42.283413],[23.386387,42.283148],[23.386164,42.282907],[23.386318,42.282635],[23.386111,42.282255],[23.386512,42.281958],[23.382180673,42.277801852],[23.382467,42.272162],[23.386428,42.265637],[23.388056,42.2514],[23.393689,42.245423],[23.393424,42.243173],[23.381477,42.242813],[23.374854,42.249103],[23.357197424,42.244882518],[23.352085965,42.238147372],[23.350184,42.225488],[23.335940311,42.216872951],[23.321623,42.196594],[23.316817,42.191675],[23.3201802,42.1751554],[23.3991324,42.1746627],[23.4063476,42.1773021],[23.4088768,42.1822105],[23.4210174,42.182238],[23.4357916,42.1874802],[23.4451713,42.1856515],[23.451915997,42.173590547],[23.4519789,42.1735898],[23.514572402,42.142103544],[23.5149505,42.141967],[23.5294648,42.127036],[23.5243899,42.115283],[23.5199108,42.1120325],[23.5082573,42.1137393],[23.5011775,42.1089145],[23.500507362,42.108327726],[23.4959043,42.097624],[23.495484,42.097184],[23.469067,42.073963],[23.455926766,42.068249521],[23.455065,42.064312],[23.44502,42.061373],[23.442872,42.061285],[23.438616,42.061655],[23.415549,42.052281],[23.389543,42.060677],[23.319956,42.066957],[23.312149436,42.075994446],[23.180022,42.09077],[23.17801,42.083218],[23.149535,42.07602],[23.133365,42.062634],[23.114697,42.058886],[23.093166,42.060554],[23.087331,42.050919],[23.068453,42.050026],[23.062117,42.045987],[23.057333,42.046678],[23.056091,42.041797],[23.034909,42.046986],[23.032693,42.05415],[23.025641,42.056549],[23.027677,42.066913],[23.022106,42.068312],[22.997878,42.063821],[22.975398,42.06577],[22.967483433,42.071352551],[22.900369,42.065221],[22.901545,42.059816],[22.912847,42.049031],[22.903111,42.046119],[22.893085,42.026712],[22.887429,42.026049],[22.883671,42.032527],[22.879189,42.032866],[22.867124,42.022226],[22.8321896,42.0208838],[22.8257368,42.022294],[22.8151711,42.0284635],[22.8062538,42.0383117],[22.7792938,42.0369427],[22.765312443,42.042386852],[22.742087,42.044397],[22.7412102,42.0444973],[22.7393718,42.044965],[22.7082726,42.066541],[22.692626,42.062659],[22.679078,42.063663],[22.6505408,42.0766233],[22.6418209,42.085709],[22.6002673,42.0979112],[22.5667146,42.1172006],[22.543251943,42.135324793],[22.5289761,42.1391764],[22.5242187,42.1470164],[22.5126645,42.1527639],[22.5108278,42.1635072],[22.475638717,42.200897],[22.46899,42.200971],[22.4675961,42.2094426],[22.4585,42.221751]]]]}},{"type":"Feature","properties":{"slug":"lovech","name_bg":"Ловеч","name_en":"Lovech","source":"OpenStreetMap contributors, ODbL 1.0"},"geometry":{"type":"MultiPolygon","coordinates":[[[[24.162362,42.769246],[24.129605,42.774265],[24.127976,42.774955],[24.127235,42.777558],[24.1279078,42.7827691],[24.130377,42.782982],[24.132699,42.782972],[24.169777124,42.814724671],[24.167467,42.816381],[24.167882,42.827891],[24.181569,42.827969],[24.192381,42.834082],[24.168713,42.841729],[24.174771,42.847285],[24.169275,42.848628],[24.165908,42.855219],[24.171268,42.86013],[24.168204,42.866173],[24.172569,42.870295],[24.169529,42.873353],[24.176313,42.877878],[24.170795,42.883763],[24.172297558,42.890045026],[24.164487576,42.91180774],[24.15969,42.914343],[24.159755,42.917691],[24.162717622,42.916739763],[24.156372,42.934422],[24.143067,42.931382],[24.135908,42.934135],[24.131605,42.929451],[24.115678,42.937401],[24.115003,42.934378],[24.103535366,42.940486845],[24.089299,42.941013],[24.080597879,42.956885407],[24.073792,42.957109],[24.062146,42.964804],[24.065307,42.96684],[24.064421,42.976306],[24.067848629,42.977539626],[24.0654803,42.9813764],[24.07691,42.984433],[24.068008,42.989076],[24.068756092,42.995162586],[24.062676,43.001968],[24.058962,43.001886],[24.058440444,43.008736768],[24.044152,43.027002],[24.0420958,43.0302444],[23.974177,43.058953],[23.972975,43.060842],[23.971717,43.061949],[23.971499,43.062261],[23.971229,43.063926],[23.97134,43.081252],[23.959356,43.095211],[23.961708,43.1082],[23.965113,43.109892],[23.961371,43.111797],[23.963802,43.115903],[23.988563,43.110093],[24.000881,43.103704],[24.020419,43.107163],[24.020752,43.109942],[24.028173,43.107948],[24.026925711,43.115020573],[24.019818,43.124613],[24.024175,43.130559],[24.015943,43.137454],[24.025067,43.147452],[24.023605,43.156835],[24.027421071,43.160014508],[24.028329187,43.168338015],[24.018554,43.178509],[24.030669,43.190968],[24.029617,43.202766],[24.032401,43.205659],[24.048322,43.212546],[24.053026511,43.207347207],[24.074982956,43.209144351],[24.064477,43.215937],[24.051914,43.216511],[24.053774,43.223491],[24.070146,43.2228],[24.071181,43.227011],[24.084999,43.236037],[24.09244,43.229845],[24.136263,43.247842],[24.137792,43.245448],[24.145878,43.245718],[24.160896,43.235308],[24.192485,43.239537],[24.196242,43.23357],[24.230319,43.226099],[24.229957,43.229807],[24.233348,43.230027],[24.254825,43.2238645],[24.262441,43.226281],[24.264024,43.231564],[24.280955,43.237555],[24.3056412,43.2379732],[24.305487,43.240647],[24.308866453,43.240686505],[24.331261,43.261217],[24.369935,43.27073],[24.37616,43.276936],[24.384097,43.278346],[24.39595,43.271758],[24.395289,43.266154],[24.407731707,43.254163157],[24.428313,43.248285],[24.428194125,43.234443841],[24.435788,43.228497],[24.443285,43.219901],[24.461741819,43.217704583],[24.469374,43.22648],[24.481846,43.23092],[24.489519,43.223578],[24.498366,43.223533],[24.528648,43.211296],[24.535324,43.21342],[24.544155,43.209877],[24.574559,43.208991],[24.577853,43.203887],[24.640814,43.240882],[24.643518803,43.240884552],[24.64439,43.246965],[24.653369,43.248355],[24.656423,43.251989],[24.653172,43.279268],[24.666489,43.267044],[24.669502923,43.255524574],[24.68477782,43.264130786],[24.685915,43.274891],[24.696049,43.273615],[24.69397,43.275749],[24.715756,43.28228],[24.714912,43.28695],[24.727678674,43.288302066],[24.728184,43.294276],[24.740628,43.295598],[24.741656,43.302593],[24.741975,43.304667],[24.755187,43.308737],[24.754802,43.313114],[24.81161,43.317224],[24.869765764,43.303291318],[24.886214,43.302422],[24.885866827,43.299706843],[24.899499,43.296672],[24.93127,43.305729],[24.945424,43.305643],[24.945443764,43.302952549],[24.977169,43.296738],[24.97935,43.317841],[24.985735708,43.31815326],[24.988517,43.325106],[25.01953,43.378205],[25.024763,43.380091],[25.0278538,43.3798645],[25.030794,43.379649],[25.052742,43.377717],[25.106326,43.28403],[25.108313,43.283326],[25.10706,43.286615],[25.118369,43.285687],[25.114595,43.269184],[25.129806961,43.274088765],[25.129926,43.276664],[25.138712,43.27696],[25.140909,43.264079],[25.138028966,43.260463425],[25.138218,43.252248],[25.146918,43.257836],[25.150042,43.254672],[25.127583579,43.232734668],[25.129389,43.229633],[25.12512649,43.226211976],[25.111824,43.188855],[25.110685,43.187875],[25.109095,43.187189],[25.108676,43.186422],[25.105573,43.185304],[25.105119,43.183567],[25.092103,43.1801],[25.089451,43.180237],[25.077065,43.177731],[25.073934,43.177493],[25.032098,43.180043],[25.025505,43.178085],[25.024685583,43.180539664],[25.0134,43.181139],[25.004121,43.186976],[24.999841786,43.190346411],[24.99549,43.190184],[24.992882,43.192786],[24.994958,43.193663],[24.991011,43.192182],[24.991492,43.190693],[24.98885634,43.193028844],[24.973823,43.191158],[24.973059,43.191387],[24.969938298,43.158608555],[24.97299,43.153515],[24.970665,43.139818],[24.973229,43.140182],[24.967403944,43.13198884],[24.967579,43.122271],[24.922474,43.071618],[24.93645357,43.053166653],[24.940517,43.054167],[24.941942,43.051403],[24.938727014,43.05016598],[24.951592,43.035561],[24.951726,43.033673],[24.951698,43.033378],[24.951685,43.033063],[24.951626,43.032285],[24.951574,43.031707],[24.951545,43.03119],[24.945742,43.028063],[24.931837,43.023896],[24.921266938,43.02344712],[24.921429,43.019818],[24.910515139,43.021419291],[24.896451,43.01875],[24.889265,43.013944],[24.877826,43.015254],[24.879352,43.006908],[24.876667,43.006741],[24.869328003,42.974248151],[24.873785,42.972641],[24.8680781,42.9684489],[24.873537,42.949251],[24.8711138,42.9458671],[24.875661,42.943509],[24.883916,42.937662],[24.8887,42.932534],[24.880552,42.912377],[24.884893,42.904362],[24.883579,42.896541],[24.890274,42.89535],[24.89445,42.88904],[24.902077,42.885949],[24.901358,42.882],[24.906506,42.879376],[24.906261,42.874851],[24.941034,42.884681],[24.960847,42.879675],[24.966669,42.878019],[24.967664,42.877352],[24.967201,42.863571],[24.971558632,42.854458818],[24.978938,42.854513],[24.981613,42.851671],[24.979081,42.844701],[24.981322924,42.834040849],[24.988221,42.832719],[24.987456,42.826591],[24.991029,42.820477],[24.998925,42.814281],[25.002616,42.815118],[25.007669,42.808917],[25.010223,42.79106],[25.007773,42.786399],[25.020462,42.777615],[25.018779,42.7706],[25.013081,42.767632],[25.014522,42.76665],[25.0134412,42.7649041],[25.0155493,42.754716],[25.01512,42.749513],[25.0144451,42.7467731],[25.0077013,42.7376439],[24.96426201,42.73198897],[24.9464495,42.7238746],[24.939074738,42.728396814],[24.920247547,42.72571172],[24.9150284,42.7163353],[24.8922376,42.721717],[24.870122,42.7214131],[24.866843,42.7219187],[24.862905,42.719548],[24.780332,42.71581],[24.769919,42.711591],[24.758366,42.709014],[24.75001,42.708783],[24.746634426,42.710422768],[24.708334291,42.717442647],[24.699682,42.716027],[24.674893,42.725347],[24.670986326,42.731880127],[24.664147,42.733973],[24.659733,42.745603],[24.647149,42.752161],[24.640932,42.76873],[24.62246,42.778145],[24.613863,42.776835],[24.565874,42.791313],[24.530511,42.786995],[24.512060503,42.792932161],[24.494019,42.793475],[24.480985,42.780728],[24.479881,42.777108],[24.485569,42.767528],[24.483877,42.764242],[24.463726,42.74997],[24.450544,42.749017],[24.425485,42.754464],[24.418833,42.751241],[24.4046021,42.7525148],[24.3786648,42.7480925],[24.35149601,42.753717325],[24.337246,42.749806],[24.328281342,42.756225252],[24.229313,42.766917],[24.189878,42.762661],[24.162362,42.769246]]]]}},{"type":"Feature","properties":{"slug":"montana","name_bg":"Монтана","name_en":"Montana","source":"OpenStreetMap contributors, ODbL 1.0"},"geometry":{"type":"MultiPolygon","coordinates":[[[[22.940894,43.2026552],[22.9349469,43.2090488],[22.9293068,43.2108389],[22.92784,43.2125728],[22.907924,43.2209505],[22.8963501,43.226793],[22.896243,43.2307843],[22.893208,43.2321424],[22.8881324,43.235848],[22.8485697,43.2754559],[22.8429061,43.2847788],[22.834604378,43.309884669],[22.8310229,43.3123105],[22.8263595,43.3302108],[22.7962441,43.3417739],[22.7699459,43.3636137],[22.768714592,43.367040243],[22.7474373,43.3866236],[22.7474309,43.3868197],[22.806419108,43.47489112],[22.79577,43.486253],[22.802781,43.504094],[22.820755643,43.496346046],[22.825098,43.506627],[22.833858,43.515954],[22.862827,43.513561],[22.864015,43.519988],[22.873936,43.524108],[22.883046,43.533166],[22.880292,43.534372],[22.884972,43.543266],[22.883028,43.548409],[22.88847,43.553709],[22.897366,43.555365],[22.911778,43.566476],[22.917768,43.565676],[22.917319,43.571803],[22.922463,43.575805],[22.942154,43.576689],[22.938103,43.585936],[22.947918,43.588142],[22.949614,43.591677],[22.944079,43.59367],[22.945452,43.601804],[22.942221,43.602026],[22.951255,43.609637],[22.945908,43.619117],[22.959985,43.631479],[22.95286,43.635326],[22.947333,43.633988],[22.945219,43.638486],[22.952549,43.655578],[22.951084,43.65841],[22.972651,43.668802],[22.975746,43.667897],[22.966029,43.660978],[22.989097,43.669484],[22.993915,43.673937],[22.989625,43.674407],[22.991699,43.679801],[23.000431,43.680494],[23.003631,43.684768],[23.008359,43.683579],[23.008546,43.690459],[23.013446667,43.691209743],[23.041386,43.73609],[23.024965483,43.740339125],[22.99149,43.74276],[22.992188082,43.748820908],[22.964669,43.755942],[22.96385,43.766138],[22.973183,43.770581],[22.971178,43.776574],[22.97835396,43.776976572],[22.9974841,43.8063807],[23.0334836,43.8040889],[23.0579534,43.7970931],[23.0839944,43.8011791],[23.1276231,43.8022565],[23.1773914,43.8219951],[23.1979866,43.8280415],[23.2173836,43.8333659],[23.245341,43.8388128],[23.2642208,43.8459162],[23.3409476,43.8531443],[23.3533501,43.8528271],[23.390708,43.8502507],[23.4272933,43.8540263],[23.4340951,43.8526722],[23.4452027,43.8499908],[23.4841988,43.8381283],[23.5112591,43.8377528],[23.5469198,43.814959],[23.592171,43.802727],[23.6281616,43.7913736],[23.625435,43.768894],[23.631875,43.731975],[23.632569,43.70817],[23.620579,43.711307],[23.600764,43.668861],[23.598676,43.665378],[23.5907442,43.6659743],[23.588037181,43.653297052],[23.590431,43.652538],[23.583864981,43.633758209],[23.588356,43.632322],[23.580853,43.619758],[23.568030639,43.615824234],[23.571214,43.614001],[23.564671,43.614781],[23.556096,43.594781],[23.546765,43.577266],[23.570969,43.564529],[23.582034567,43.555833305],[23.587485,43.5567],[23.592849713,43.549261131],[23.601399,43.552493],[23.615433,43.546407],[23.612946,43.543347],[23.639607,43.531289],[23.632286691,43.525295973],[23.636919,43.522481],[23.628469,43.515557],[23.623548873,43.516837877],[23.406329,43.425156],[23.415021,43.418509],[23.417152,43.412029],[23.413131,43.406729],[23.417402,43.38971],[23.413073,43.390825],[23.398473,43.384383],[23.395426,43.37136],[23.385908,43.372615],[23.3765135,43.3490779],[23.380381,43.340493],[23.359064,43.331446],[23.353188,43.323514],[23.355056,43.321104],[23.351132,43.312873],[23.340195,43.311328],[23.338385,43.307238],[23.334255,43.306513],[23.335122,43.303894],[23.330937562,43.303212625],[23.333043,43.29913],[23.328456,43.299118],[23.32792,43.294993],[23.324312,43.296545],[23.318528,43.277685],[23.3216437,43.2746427],[23.3308677,43.270686055],[23.333842,43.274873],[23.338334,43.272987],[23.3460649,43.2641672],[23.411665,43.25813],[23.430666,43.249076],[23.43756,43.249088],[23.442054,43.242654],[23.45059,43.239474],[23.448461,43.236612],[23.450517,43.234837],[23.473019,43.22527],[23.460469,43.214237],[23.462138,43.21179],[23.45514,43.21481],[23.447008,43.205936],[23.412659,43.203206],[23.404673,43.19763],[23.4030733,43.1974736],[23.398524,43.187499],[23.394198736,43.186758994],[23.390895,43.180281],[23.401168,43.166347],[23.410637,43.167495],[23.409479,43.164838],[23.410895,43.164922],[23.410237,43.163482],[23.412656,43.162955],[23.412873,43.162055],[23.413979,43.161131],[23.414001,43.161098],[23.413985,43.161024],[23.413888,43.160888],[23.3845098,43.1551491],[23.372119,43.155066],[23.368344,43.15316],[23.364018323,43.156344013],[23.344220395,43.157498483],[23.342592,43.154667],[23.341408658,43.157662443],[23.325557,43.156565],[23.3219265,43.1587985],[23.317574,43.137717],[23.31512,43.133811],[23.304429,43.126668],[23.2899342,43.1211542],[23.269662,43.125654],[23.2542345,43.1300629],[23.2468486,43.1123703],[23.243293,43.111771],[23.20403,43.113111],[23.164406,43.109332],[23.143218,43.111435],[23.124522,43.118804],[23.112959,43.115294],[23.107404,43.109908],[23.106603,43.126043],[23.092525,43.136003],[23.088797,43.147247],[23.073524,43.156313],[23.062349343,43.169295845],[23.045366,43.169673],[23.043103075,43.182680066],[23.0399271,43.1848887],[23.014635,43.197709],[23.006275,43.192872],[23.0032159,43.1924689],[22.952825054,43.206297215],[22.940894,43.2026552]]]]}},{"type":"Feature","properties":{"slug":"pazardzhik","name_bg":"Пазарджик","name_en":"Pazardzhik","source":"OpenStreetMap contributors, ODbL 1.0"},"geometry":{"type":"MultiPolygon","coordinates":[[[[23.866401,41.792476],[23.857483,41.797146],[23.850125683,41.807249804],[23.874038565,41.79567887],[23.866401,41.792476]]],[[[23.834082,41.815013],[23.840752,41.814507],[23.850125683,41.807249804],[23.834082,41.815013]]],[[[23.833893,41.815095],[23.786422,41.832384],[23.789556,41.842585],[23.791242,41.843317],[23.833893,41.815095]]],[[[23.791256525,41.843474552],[23.791259,41.843397],[23.791242,41.843317],[23.791256525,41.843474552]]],[[[23.791256,41.843491],[23.791069,41.844011],[23.791342881,41.844411258],[23.791256525,41.843474552],[23.791256,41.843491]]],[[[23.791401457,41.845046621],[23.791791,41.84479],[23.791342881,41.844411258],[23.791401457,41.845046621]]],[[[23.791351,41.845054],[23.788806,41.847845],[23.792098,41.852602],[23.791401457,41.845046621],[23.791351,41.845054]]],[[[23.784563426,41.859935854],[23.788751,41.860941],[23.793215,41.853946],[23.792098,41.852602],[23.784563426,41.859935854]]],[[[23.784389,41.859924],[23.783714,41.86034],[23.783164,41.861298],[23.784563426,41.859935854],[23.784389,41.859924]]],[[[23.783066157,41.861714847],[23.783108,41.861637],[23.783164,41.861298],[23.783066157,41.861714847]]],[[[23.783022,41.861797],[23.777274,41.869433],[23.779984,41.874846],[23.783066157,41.861714847],[23.783022,41.861797]]],[[[23.78013,41.875251],[23.780335,41.875571],[23.780472112,41.87570943],[23.779984,41.874846],[23.78013,41.875251]]],[[[23.785215335,41.88409981],[23.786044,41.881264],[23.780472112,41.87570943],[23.785215335,41.88409981]]],[[[23.785169,41.884175],[23.785307,41.885183],[23.786231438,41.885897214],[23.785215335,41.88409981],[23.785169,41.884175]]],[[[23.7893448,41.8914045],[23.788368,41.887307],[23.786231438,41.885897214],[23.7893448,41.8914045]]],[[[23.789052,41.891452],[23.777484,41.893751],[23.778065,41.903122],[23.768933,41.919534],[23.755331,41.929213],[23.758719,41.934227],[23.789052,41.891452]]],[[[23.758668,41.934253],[23.75919,41.936197],[23.759960348,41.937166304],[23.758719,41.934227],[23.758668,41.934253]]],[[[23.762015532,41.942032638],[23.760749,41.937756],[23.759960348,41.937166304],[23.762015532,41.942032638]]],[[[23.762153,41.94286],[23.76073,41.94943],[23.767283365,41.954505986],[23.762015532,41.942032638],[23.762153,41.94286]]],[[[23.767733798,41.955572538],[23.767625,41.954847],[23.767283365,41.954505986],[23.767733798,41.955572538]]],[[[23.767736,41.955655],[23.767946012,41.956075023],[23.767733798,41.955572538],[23.767736,41.955655]]],[[[23.76955,41.959873],[23.769432,41.958133],[23.767946012,41.956075023],[23.76955,41.959873]]],[[[23.7675738,41.96321843],[23.76949,41.962239],[23.76955,41.959873],[23.7675738,41.96321843]]],[[[23.766883,41.963528],[23.763251,41.96459],[23.761514196,41.973476491],[23.7675738,41.96321843],[23.766883,41.963528]]],[[[23.759662,41.976612],[23.760842,41.975431],[23.761514196,41.973476491],[23.759662,41.976612]]],[[[23.759501,41.976705],[23.759631925,41.976921845],[23.759662,41.976612],[23.759501,41.976705]]],[[[23.758862,41.984854],[23.762994,41.981182],[23.759631925,41.976921845],[23.758862,41.984854]]],[[[23.758562,41.984992],[23.756162,41.985537],[23.757524,41.989293],[23.7639174,41.9960285],[23.758562,41.984992]]],[[[23.764721378,41.996917543],[23.76455,41.996635],[23.7639174,41.9960285],[23.764721378,41.996917543]]],[[[23.765105,41.99755],[23.765561,41.997846],[23.764721378,41.996917543],[23.765105,41.99755]]],[[[23.766614153,41.9984859],[23.766251,41.998179],[23.765561,41.997846],[23.766614153,41.9984859]]],[[[23.766761,41.99861],[23.76696207,41.998697296],[23.766614153,41.9984859],[23.766761,41.99861]]],[[[23.768349,41.99954],[23.767704,41.999077],[23.76696207,41.998697296],[23.768349,41.99954]]],[[[23.792488981,42.079800202],[23.796279,42.072134],[23.796193,42.060471],[23.792908,42.056361],[23.795323,42.052753],[23.822527,42.04316],[23.825232,42.033173],[23.808041,42.028374],[23.796659,42.017818],[23.787592,42.015092],[23.781619,42.003064],[23.768349,41.99954],[23.792488981,42.079800202]]],[[[23.792337,42.079993],[23.792565673,42.080055189],[23.792488981,42.079800202],[23.792337,42.079993]]],[[[23.797850651,42.097626593],[23.803872,42.08931],[23.792565673,42.080055189],[23.797850651,42.097626593]]],[[[23.797401,42.097579],[23.794324,42.099196],[23.794552,42.099929],[23.798329,42.099217],[23.797401,42.097579]]],[[[23.798189,42.099328],[23.791814,42.105431],[23.795040463,42.109552711],[23.798329,42.099217],[23.798189,42.099328]]],[[[23.794046656,42.112676199],[23.795316,42.11181],[23.795040463,42.109552711],[23.794046656,42.112676199]]],[[[23.793878,42.112757],[23.793725,42.112841],[23.793788523,42.113487498],[23.794046656,42.112676199],[23.793878,42.112757]]],[[[23.782986817,42.147436734],[23.791256,42.139462],[23.81196,42.132796],[23.812605,42.12528],[23.794416,42.121793],[23.793788523,42.113487498],[23.782986817,42.147436734]]],[[[23.782917,42.147463],[23.761078,42.158247],[23.762557,42.172153],[23.772246,42.1811946],[23.782917,42.147463]]],[[[23.8042857,42.2051343],[23.7998773,42.1969645],[23.7959462,42.1966058],[23.7792698,42.1817867],[23.772246,42.1811946],[23.8042857,42.2051343]]],[[[23.8879881,42.2840657],[23.894586,42.274758],[23.891615,42.267499],[23.884377,42.263685],[23.884991,42.259483],[23.872044,42.255673],[23.871192,42.250747],[23.877623,42.249331],[23.871249,42.244751],[23.872537,42.24033],[23.866466,42.231745],[23.859703,42.232211],[23.852019,42.2240077],[23.845382,42.226409],[23.840409,42.209616],[23.8042857,42.2051343],[23.8879881,42.2840657]]],[[[23.888139,42.284143],[23.892621,42.294485],[23.898699,42.299353],[23.9178247,42.2949754],[23.888139,42.284143]]],[[[23.954030584,42.270919407],[23.934751,42.272133],[23.923678,42.277502],[23.924705,42.286615],[23.917462,42.294508],[23.954030584,42.270919407]]],[[[23.954152,42.270909],[23.955915,42.270353],[23.956863435,42.269037198],[23.954030584,42.270919407],[23.954152,42.270909]]],[[[23.961844,42.265728],[23.958397,42.267085],[23.956863435,42.269037198],[23.961844,42.265728]]],[[[23.967914,42.269066],[23.966846,42.267147],[23.961844,42.265728],[23.967914,42.269066]]],[[[23.967973,42.269149],[23.968032,42.269307],[23.968460133,42.269571576],[23.967914,42.269066],[23.967973,42.269149]]],[[[23.968558017,42.26966219],[23.9685,42.269593],[23.968460133,42.269571576],[23.968558017,42.26966219]]],[[[23.968635,42.269754],[23.96881,42.272499],[23.974448084,42.275114845],[23.968558017,42.26966219],[23.968635,42.269754]]],[[[23.977217235,42.277678352],[23.97704,42.274699],[23.974448084,42.275114845],[23.977217235,42.277678352]]],[[[23.977243,42.277936],[23.982422,42.286434],[23.993487725,42.292740552],[23.977217235,42.277678352],[23.977243,42.277936]]],[[[23.994428,42.293611],[23.993974,42.293093],[23.993487725,42.292740552],[23.994428,42.293611]]],[[[23.994931848,42.294425894],[23.99476,42.293945],[23.994428,42.293611],[23.994931848,42.294425894]]],[[[23.994934,42.294457],[23.99501,42.294714],[23.995293,42.29501],[23.994931848,42.294425894],[23.994934,42.294457]]],[[[23.9620815,42.312142225],[23.994059,42.299429],[23.995293,42.29501],[23.9620815,42.312142225]]],[[[23.962057,42.312145],[23.961686,42.312333],[23.961386,42.312501],[23.9620815,42.312142225],[23.962057,42.312145]]],[[[23.960935,42.312772],[23.95401,42.317562],[23.95057597,42.322037998],[23.961386,42.312501],[23.960935,42.312772]]],[[[23.9474972,42.3247542],[23.949651,42.323361],[23.95057597,42.322037998],[23.9474972,42.3247542]]],[[[23.946846,42.325172],[23.941126,42.328345],[23.940889,42.330737],[23.947927676,42.332829119],[23.946846,42.325172]]],[[[23.948122923,42.336491583],[23.950162,42.335682],[23.95323,42.334945],[23.947927676,42.332829119],[23.948122923,42.336491583]]],[[[23.947922,42.336554],[23.947718,42.336698],[23.9481756,42.3374797],[23.948122923,42.336491583],[23.947922,42.336554]]],[[[23.950999556,42.344394515],[23.951253,42.341346],[23.9481756,42.3374797],[23.950999556,42.344394515]]],[[[23.950958,42.344467],[23.950935,42.346593],[23.953280243,42.349979067],[23.950999556,42.344394515],[23.950958,42.344467]]],[[[23.955491364,42.355393279],[23.956321,42.353317],[23.953280243,42.349979067],[23.955491364,42.355393279]]],[[[23.955511,42.355624],[23.953884,42.368113],[23.96273,42.373118],[23.955491364,42.355393279],[23.955511,42.355624]]],[[[23.962279,42.373441],[23.955675,42.378189],[23.958581,42.383309],[23.96273,42.373118],[23.962279,42.373441]]],[[[23.958578,42.383337],[23.959253,42.383805],[23.960149775,42.38367712],[23.958581,42.383309],[23.958578,42.383337]]],[[[23.961199354,42.383923408],[23.960717,42.383664],[23.960149775,42.38367712],[23.961199354,42.383923408]]],[[[23.961218,42.383935],[23.970835,42.388547],[23.978018206,42.387870021],[23.961199354,42.383923408],[23.961218,42.383935]]],[[[23.979981325,42.388330675],[23.978971,42.3878],[23.978018206,42.387870021],[23.979981325,42.388330675]]],[[[23.980027,42.38839],[23.980582,42.388696],[23.981204699,42.388617745],[23.979981325,42.388330675],[23.980027,42.38839]]],[[[24.002480915,42.393610297],[23.996874,42.38991],[23.981204699,42.388617745],[24.002480915,42.393610297]]],[[[24.002531,42.393656],[24.004525,42.394753],[24.006102,42.39446],[24.002480915,42.393610297],[24.002531,42.393656]]],[[[24.050264312,42.43532841],[24.045843,42.427773],[24.04767,42.42109],[24.044999,42.409253],[24.039437,42.411495],[24.032662,42.408406],[24.036455,42.406942],[24.038373,42.397314],[24.033278,42.398965],[24.030298,42.391915],[24.008795,42.388489],[24.006102,42.39446],[24.050264312,42.43532841]]],[[[24.050241,42.435384],[24.058728,42.449743],[24.066046,42.449933],[24.050264312,42.43532841],[24.050241,42.435384]]],[[[24.020877777,42.460036929],[24.036012,42.464029],[24.03859,42.467562],[24.058,42.461739],[24.066065,42.449957],[24.020877777,42.460036929]]],[[[24.020803,42.459985],[24.007283,42.456639],[23.991999,42.457849],[23.988999,42.453591],[23.979428,42.458768],[23.985262,42.461344],[23.983191,42.464342],[23.979398,42.462686],[23.979048,42.466581],[23.981051,42.468946],[24.020803,42.459985]]],[[[23.976469,42.467106],[23.979367,42.468866],[23.981051,42.468946],[23.976469,42.467106]]],[[[23.975603,42.466313],[23.967427,42.459936],[23.962648,42.461908],[23.965849,42.462789],[23.964243814,42.465220276],[23.975603,42.466313]]],[[[23.960818394,42.464691909],[23.96211,42.465506],[23.964243814,42.465220276],[23.960818394,42.464691909]]],[[[23.960703,42.464601],[23.955508,42.462475],[23.9542465,42.4636782],[23.960818394,42.464691909],[23.960703,42.464601]]],[[[23.931819814,42.492728704],[23.956273,42.477895],[23.959484,42.470308],[23.9542465,42.4636782],[23.931819814,42.492728704]]],[[[23.931532,42.492759],[23.910114,42.503961],[23.914284103,42.515443662],[23.931819814,42.492728704],[23.931532,42.492759]]],[[[23.904287565,42.528392721],[23.916419,42.518652],[23.914284103,42.515443662],[23.904287565,42.528392721]]],[[[23.903827,42.528444],[23.895873,42.536177],[23.895344705,42.539976892],[23.904287565,42.528392721],[23.903827,42.528444]]],[[[23.890478,42.546281],[23.893651,42.544238],[23.895344705,42.539976892],[23.890478,42.546281]]],[[[23.901862846,42.54995767],[23.899634,42.546843],[23.890478,42.546281],[23.901862846,42.54995767]]],[[[23.901825,42.550007],[23.916969,42.560507],[23.936592021,42.561173257],[23.901862846,42.54995767],[23.901825,42.550007]]],[[[23.93803413,42.561638978],[23.937239,42.56121],[23.936592021,42.561173257],[23.93803413,42.561638978]]],[[[23.938144,42.561741],[23.954778,42.571572],[23.967578,42.57118],[23.93803413,42.561638978],[23.938144,42.561741]]],[[[23.974402786,42.569981712],[23.969028,42.570484],[23.967507,42.571112],[23.967578,42.57118],[23.974402786,42.569981712]]],[[[23.974853,42.570011],[23.984046,42.569761],[23.987707629,42.567645664],[23.974402786,42.569981712],[23.974853,42.570011]]],[[[23.989489424,42.567332818],[23.988358,42.567272],[23.987707629,42.567645664],[23.989489424,42.567332818]]],[[[23.989635,42.567336],[23.989739611,42.567288891],[23.989489424,42.567332818],[23.989635,42.567336]]],[[[23.989896935,42.567261268],[23.989786,42.567268],[23.989739611,42.567288891],[23.989896935,42.567261268]]],[[[23.990165,42.567245],[23.990353482,42.567181108],[23.989896935,42.567261268],[23.990165,42.567245]]],[[[23.990599,42.567138],[23.990401,42.567165],[23.990353482,42.567181108],[23.990599,42.567138]]],[[[24.079986451,42.57161252],[24.073858,42.561395],[24.062843,42.560946],[24.046463,42.553085],[24.04355,42.548255],[24.029804,42.545863],[24.018141,42.548858],[23.989592,42.564624],[23.990599,42.567138],[24.079986451,42.57161252]]],[[[24.08006,42.571767],[24.0846,42.572563],[24.086109,42.571919],[24.079986451,42.57161252],[24.08006,42.571767]]],[[[24.142778,42.605133],[24.139535,42.600507],[24.142713,42.597075],[24.141619,42.593176],[24.128844,42.588259],[24.123699,42.574503],[24.108458,42.56796],[24.086109,42.571919],[24.142778,42.605133]]],[[[24.1542755,42.6153523],[24.151746,42.610224],[24.153883,42.602819],[24.149518,42.607583],[24.142778,42.605133],[24.1542755,42.6153523]]],[[[24.158045485,42.615858883],[24.156194,42.615548],[24.1542755,42.6153523],[24.158045485,42.615858883]]],[[[24.158717,42.615999],[24.159467,42.616227],[24.159767301,42.616090248],[24.158045485,42.615858883],[24.158717,42.615999]]],[[[24.16226398,42.616425733],[24.160841,42.616048],[24.159767301,42.616090248],[24.16226398,42.616425733]]],[[[24.162504,42.616514],[24.162602724,42.616471251],[24.16226398,42.616425733],[24.162504,42.616514]]],[[[24.163745655,42.616624829],[24.163335,42.616487],[24.162602724,42.616471251],[24.163745655,42.616624829]]],[[[24.164063,42.616799],[24.178301,42.621205],[24.187033258,42.619754045],[24.163745655,42.616624829],[24.164063,42.616799]]],[[[24.20537,42.622218],[24.195906,42.617704],[24.187033258,42.619754045],[24.20537,42.622218]]],[[[24.216384485,42.622764007],[24.21177,42.618753],[24.20537,42.622218],[24.216384485,42.622764007]]],[[[24.216391,42.622773],[24.217537,42.627482],[24.227918,42.629003],[24.245580752,42.624211317],[24.216391,42.622773]]],[[[24.248685,42.6243652],[24.247434,42.624155],[24.245580752,42.624211317],[24.248685,42.6243652]]],[[[24.267191639,42.623491975],[24.260888,42.621298],[24.248685,42.6243652],[24.267191639,42.623491975]]],[[[24.26745,42.623823],[24.268411,42.624162],[24.269340748,42.623390571],[24.267191639,42.623491975],[24.26745,42.623823]]],[[[24.273056083,42.623215265],[24.271387,42.622491],[24.269340748,42.623390571],[24.273056083,42.623215265]]],[[[24.273786,42.624376],[24.276922,42.625482],[24.281751,42.622805],[24.273056083,42.623215265],[24.273786,42.624376]]],[[[24.28183362,42.622706796],[24.281804,42.622731],[24.281751,42.622805],[24.28183362,42.622706796]]],[[[24.281979,42.622588],[24.285379,42.620078],[24.286480957,42.617182883],[24.28183362,42.622706796],[24.281979,42.622588]]],[[[24.286527358,42.617127729],[24.286497,42.617147],[24.286480957,42.617182883],[24.286527358,42.617127729]]],[[[24.286727,42.617001],[24.300458,42.608079],[24.301915,42.60365],[24.309054,42.601194],[24.306811,42.596937],[24.311291683,42.587692379],[24.286727,42.617001]]],[[[24.315035,42.583243],[24.31431,42.58346],[24.311291683,42.587692379],[24.315035,42.583243]]],[[[24.316882064,42.582717424],[24.316061,42.582937],[24.315035,42.583243],[24.316882064,42.582717424]]],[[[24.316936,42.582703],[24.316936807,42.582701847],[24.316882064,42.582717424],[24.316936,42.582703]]],[[[24.318900819,42.582142994],[24.317747,42.582166],[24.316936807,42.582701847],[24.318900819,42.582142994]]],[[[24.319001,42.582189],[24.323308,42.581229],[24.323987876,42.580695489],[24.318900819,42.582142994],[24.319001,42.582189]]],[[[24.327380205,42.579730213],[24.325575,42.579674],[24.323987876,42.580695489],[24.327380205,42.579730213]]],[[[24.327653,42.579744],[24.333211,42.579403],[24.339286222,42.576342395],[24.327380205,42.579730213],[24.327653,42.579744]]],[[[24.376168432,42.565847684],[24.354723,42.550214],[24.349095,42.566428],[24.343986,42.568209],[24.343966,42.574723],[24.339286222,42.576342395],[24.376168432,42.565847684]]],[[[24.376403,42.566016],[24.412417,42.565139],[24.412403,42.561611],[24.42087,42.553128],[24.376403,42.566016]]],[[[24.421,42.55307],[24.420913,42.552985],[24.420893242,42.552970986],[24.42087,42.553128],[24.421,42.55307]]],[[[24.423051202,42.538392821],[24.414872,42.549201],[24.420893242,42.552970986],[24.423051202,42.538392821]]],[[[24.423156,42.538182],[24.423203,42.537961],[24.423127917,42.537874573],[24.423051202,42.538392821],[24.423156,42.538182]]],[[[24.43936711,42.428170206],[24.435958,42.435132],[24.427304,42.43703],[24.425791,42.441402],[24.433689,42.453078],[24.411663,42.463335],[24.392564,42.464349],[24.388134,42.467272],[24.388692,42.476667],[24.384505,42.477125],[24.380917,42.482902],[24.381252,42.495197],[24.389578,42.497629],[24.392958,42.504214],[24.409603,42.510486],[24.408074,42.515976],[24.41107,42.521628],[24.421677,42.528257],[24.418746,42.532058],[24.42227,42.532965],[24.423127917,42.537874573],[24.43936711,42.428170206]]],[[[24.43958,42.427946],[24.444148,42.423705],[24.440398,42.421206],[24.43936711,42.428170206],[24.43958,42.427946]]],[[[24.438685081,42.393045182],[24.427969,42.397933],[24.426861,42.40756],[24.430616,42.417185],[24.440398,42.421206],[24.438685081,42.393045182]]],[[[24.438842,42.393042],[24.44575,42.391024],[24.444759,42.384318],[24.438639,42.381716],[24.438842,42.393042]]],[[[24.437953492,42.381017684],[24.437415,42.38117],[24.437001,42.381231],[24.438005768,42.381877118],[24.437953492,42.381017684]]],[[[24.438239,42.380951],[24.442025,42.378599],[24.438239,42.376796],[24.43943,42.371109],[24.448895,42.370248],[24.442868,42.36566],[24.445443,42.362694],[24.43685,42.362876],[24.438239,42.380951]]],[[[24.437104,42.362544],[24.468222,42.342656],[24.470433,42.337742],[24.466229,42.33712],[24.484764,42.323198],[24.483129,42.314767],[24.475221,42.309829],[24.480959,42.306609],[24.469978,42.29855],[24.463871656,42.301542486],[24.437104,42.362544]]],[[[24.479676106,42.265669685],[24.473101,42.266266],[24.475039,42.275647],[24.470975,42.281186],[24.452168,42.292988],[24.461073,42.302914],[24.463871656,42.301542486],[24.479676106,42.265669685]]],[[[24.481669,42.26547],[24.489151,42.264185],[24.492945729,42.235550415],[24.479676106,42.265669685],[24.481669,42.26547]]],[[[24.496637,42.227172],[24.495027,42.227113],[24.492945729,42.235550415],[24.496637,42.227172]]],[[[24.529964918,42.162205225],[24.518607,42.163785],[24.517929,42.180947],[24.499136,42.18072],[24.498795,42.191901],[24.491528,42.189764],[24.496637,42.227172],[24.529964918,42.162205225]]],[[[24.53094,42.162056],[24.535752,42.161368],[24.535824,42.150784],[24.529964918,42.162205225],[24.53094,42.162056]]],[[[24.535775,42.150756],[24.533198,42.149688],[24.532842339,42.149642349],[24.535824,42.150784],[24.535775,42.150756]]],[[[24.500752299,42.137355358],[24.502734,42.14171],[24.512272,42.146229],[24.532842339,42.149642349],[24.500752299,42.137355358]]],[[[24.50073,42.137305],[24.499431,42.134341],[24.495957,42.135481],[24.500752299,42.137355358],[24.50073,42.137305]]],[[[24.437723,42.113222],[24.432779,42.117544],[24.431441,42.124264],[24.443022,42.12465],[24.449254,42.133341],[24.439085,42.135279],[24.454522,42.13379],[24.443158,42.136317],[24.462732,42.139856],[24.472788,42.146578],[24.491887,42.145169],[24.49119,42.13831],[24.495944421,42.135514464],[24.437723,42.113222]]],[[[24.439703,42.113501],[24.445491,42.113151],[24.466339,42.090473],[24.437723,42.113222],[24.439703,42.113501]]],[[[24.449294,42.044025],[24.443652,42.043203],[24.439329,42.050737],[24.444478,42.06728],[24.441748,42.076374],[24.444037,42.08217],[24.466339,42.090473],[24.449294,42.044025]]],[[[24.449915,42.043615],[24.451996,42.041552],[24.451856,42.041139],[24.45052,42.040701],[24.449915,42.043615]]],[[[24.451390971,42.038976837],[24.449772,42.039231],[24.45052,42.040701],[24.451390971,42.038976837]]],[[[24.451555,42.038981],[24.45307,42.040048],[24.455722,42.037512],[24.452717684,42.036350493],[24.451555,42.038981]]],[[[24.454043039,42.033726837],[24.451924,42.033413],[24.452138,42.03622],[24.452717684,42.036350493],[24.454043039,42.033726837]]],[[[24.454163,42.033708],[24.456996,42.031233],[24.459989,42.030369],[24.456259025,42.029340099],[24.454163,42.033708]]],[[[24.457378223,42.027124548],[24.454575,42.02787],[24.454486,42.028357],[24.456259025,42.029340099],[24.457378223,42.027124548]]],[[[24.457436,42.027124],[24.459292,42.026855],[24.459823,42.025373],[24.458404847,42.025092256],[24.457436,42.027124]]],[[[24.472448228,41.997292157],[24.46066,42.005035],[24.46203,42.011956],[24.457242,42.010793],[24.457813,42.02504],[24.472448228,41.997292157]]],[[[24.472713,41.997326],[24.473702,41.996533],[24.473992,41.995099],[24.473545,41.995121],[24.472713,41.997326]]],[[[24.471619475,41.991887298],[24.471404,41.994069],[24.473545,41.995121],[24.471619475,41.991887298]]],[[[24.471702,41.99169],[24.471723,41.990744],[24.470479,41.989972],[24.471619475,41.991887298],[24.471702,41.99169]]],[[[24.470323,41.990064],[24.469677,41.990358],[24.469572488,41.990525015],[24.470479,41.989972],[24.470323,41.990064]]],[[[24.4674312,41.9918313],[24.468405,41.991531],[24.469572488,41.990525015],[24.4674312,41.9918313]]],[[[24.459488621,41.976420605],[24.455411,41.982979],[24.4674312,41.9918313],[24.459488621,41.976420605]]],[[[24.459599,41.97635],[24.459799,41.975313],[24.457935532,41.973407203],[24.459488621,41.976420605],[24.459599,41.97635]]],[[[24.456333274,41.970298399],[24.456361,41.971689],[24.457935532,41.973407203],[24.456333274,41.970298399]]],[[[24.456338,41.970284],[24.45429,41.965255],[24.460005,41.955775],[24.456522,41.948739],[24.453475,41.943533],[24.439825,41.938268],[24.456338,41.970284]]],[[[24.439736879,41.935271588],[24.434485,41.935132],[24.433259,41.936482],[24.439825,41.938268],[24.439736879,41.935271588]]],[[[24.439949,41.935194],[24.441727,41.931757],[24.439592293,41.930355157],[24.439736879,41.935271588],[24.439949,41.935194]]],[[[24.439189676,41.916664775],[24.433296,41.920111],[24.437144,41.92356],[24.426983,41.926907],[24.433545,41.932001],[24.439592293,41.930355157],[24.439189676,41.916664775]]],[[[24.43934,41.916556],[24.440826,41.915044],[24.439043744,41.911702587],[24.439189676,41.916664775],[24.43934,41.916556]]],[[[24.438948843,41.908475637],[24.438169,41.910084],[24.439043744,41.911702587],[24.438948843,41.908475637]]],[[[24.439454,41.908298],[24.446642,41.907608],[24.448954,41.903599],[24.440512,41.903331],[24.444547,41.899516],[24.438672,41.899062],[24.439454,41.908298]]],[[[24.420105044,41.874538142],[24.420793,41.881614],[24.425781,41.884667],[24.423363,41.889663],[24.438672,41.899062],[24.420105044,41.874538142]]],[[[24.420881,41.873854],[24.422151,41.871455],[24.418798,41.87024],[24.417845,41.871553],[24.420881,41.873854]]],[[[24.326767,41.758636],[24.31482,41.771036],[24.313341,41.780889],[24.321705,41.792424],[24.319149,41.798873],[24.321795,41.806005],[24.3331,41.817653],[24.330764,41.827869],[24.333487,41.832254],[24.345232,41.831477],[24.361788,41.859991],[24.371381,41.857857],[24.377561,41.859414],[24.381044,41.864693],[24.399091,41.8645],[24.417658,41.871853],[24.326767,41.758636]]],[[[24.32679,41.758597],[24.326594,41.758527],[24.326471914,41.75847636],[24.326767,41.758636],[24.32679,41.758597]]],[[[24.326120074,41.758286016],[24.326283,41.758398],[24.326471914,41.75847636],[24.326120074,41.758286016]]],[[[24.326073,41.758236],[24.321339,41.751703],[24.314676,41.749825],[24.315534792,41.752559429],[24.326073,41.758236]]],[[[24.299959,41.744133],[24.308301,41.754423],[24.315465,41.75289],[24.315534792,41.752559429],[24.299959,41.744133]]],[[[24.299943,41.743859],[24.295904,41.740187],[24.298818,41.72795],[24.29575,41.720685],[24.27601,41.718079],[24.269842,41.707861],[24.255671,41.712503],[24.253637,41.706739],[24.249844,41.707289],[24.247755,41.712953],[24.241419,41.712901],[24.234544,41.72107],[24.229284191,41.721030634],[24.299943,41.743859]]],[[[24.224877,41.71959],[24.226565,41.720953],[24.229284191,41.721030634],[24.224877,41.71959]]],[[[24.224187,41.719548],[24.205591,41.71919],[24.197839,41.72315],[24.197706,41.720254],[24.191771,41.720376],[24.180574,41.727255],[24.18138974,41.73742308],[24.224187,41.719548]]],[[[24.174718,41.740159],[24.17957,41.739674],[24.18138974,41.73742308],[24.174718,41.740159]]],[[[24.174886,41.739786],[24.164842,41.723031],[24.160726,41.726465],[24.149405,41.722632],[24.142855,41.718595],[24.144216,41.713273],[24.137738,41.716917],[24.174886,41.739786]]],[[[24.136891853,41.716889691],[24.137384,41.716965],[24.137738,41.716917],[24.136891853,41.716889691]]],[[[24.136889,41.716889],[24.136515,41.716829],[24.135817,41.716855],[24.136891853,41.716889691],[24.136889,41.716889]]],[[[24.13531601,41.716753675],[24.135394,41.716802],[24.135817,41.716855],[24.13531601,41.716753675]]],[[[24.135068,41.7166],[24.124352,41.708391],[24.107817,41.711192],[24.13531601,41.716753675],[24.135068,41.7166]]],[[[24.107828,41.711118],[24.114565,41.703335],[24.096719,41.697012],[24.107817,41.711192],[24.107828,41.711118]]],[[[24.096087884,41.694953836],[24.095722,41.69558],[24.096719,41.697012],[24.096087884,41.694953836]]],[[[24.096123,41.694931],[24.100161,41.692949],[24.0929066,41.6845792],[24.096087884,41.694953836],[24.096123,41.694931]]],[[[24.089922385,41.682662101],[24.091218,41.68385],[24.0929066,41.6845792],[24.089922385,41.682662101]]],[[[24.089556,41.682335],[24.08829,41.681017],[24.086959639,41.680758794],[24.089922385,41.682662101],[24.089556,41.682335]]],[[[24.07698053,41.674348082],[24.083151,41.680121],[24.086959639,41.680758794],[24.07698053,41.674348082]]],[[[24.076825,41.674116],[24.076397,41.673677],[24.074468,41.672734],[24.07698053,41.674348082],[24.076825,41.674116]]],[[[24.073573,41.672099],[24.06733,41.668691],[24.060573,41.679741],[24.042524,41.687169],[24.048066951,41.690268254],[24.073573,41.672099]]],[[[24.03130413,41.701401279],[24.034785,41.704843],[24.047633,41.699212],[24.049375,41.69129],[24.03130413,41.701401279]]],[[[24.031274,41.701276],[24.029199,41.698328],[24.024892,41.704355],[24.014797,41.708057],[24.008563773,41.716504285],[24.031274,41.701276]]],[[[24.002948,41.720234],[24.008286,41.722854],[24.0122,41.720116],[24.008563773,41.716504285],[24.002948,41.720234]]],[[[24.002431,41.720554],[24.000175,41.721815],[23.99993679,41.722328775],[24.002948,41.720234],[24.002431,41.720554]]],[[[23.973657066,41.740610504],[23.988386,41.735824],[23.990796,41.728928],[23.99993679,41.722328775],[23.973657066,41.740610504]]],[[[23.972842,41.740879],[23.972608,41.741328],[23.966344196,41.745697768],[23.973657066,41.740610504],[23.972842,41.740879]]],[[[23.966266081,41.74575211],[23.966296,41.745739],[23.966344196,41.745697768],[23.966266081,41.74575211]]],[[[23.963142,41.747121],[23.959553,41.747906],[23.95881,41.750939],[23.966266081,41.74575211],[23.963142,41.747121]]],[[[23.957919,41.751129],[23.955759,41.752766],[23.955244527,41.753715687],[23.95881,41.750939],[23.957919,41.751129]]],[[[23.954322302,41.754433889],[23.955032,41.754108],[23.955244527,41.753715687],[23.954322302,41.754433889]]],[[[23.952837,41.755177],[23.952379362,41.755946995],[23.954322302,41.754433889],[23.952837,41.755177]]],[[[23.950364,41.7575165],[23.952018,41.756555],[23.952379362,41.755946995],[23.950364,41.7575165]]],[[[23.948371,41.758675],[23.947612,41.759117],[23.950364,41.7575165],[23.948371,41.758675]]],[[[23.943804182,41.761743644],[23.94711,41.759915],[23.947612,41.759117],[23.943804182,41.761743644]]],[[[23.943026,41.762174],[23.942944,41.762337],[23.943804182,41.761743644],[23.943026,41.762174]]],[[[23.937820463,41.76481617],[23.939181,41.764737],[23.942944,41.762337],[23.937820463,41.76481617]]],[[[23.936672,41.764883],[23.925804,41.767943],[23.924576809,41.771224492],[23.937820463,41.76481617],[23.936672,41.764883]]],[[[23.874038565,41.79567887],[23.894878,41.797159],[23.924576809,41.771224492],[23.874038565,41.79567887]]]]}},{"type":"Feature","properties":{"slug":"pernik","name_bg":"Перник","name_en":"Pernik","source":"OpenStreetMap contributors, ODbL 1.0"},"geometry":{"type":"MultiPolygon","coordinates":[[[[22.479434043,42.64423509],[22.479605953,42.644195209],[22.479493,42.644048],[22.479393,42.64408],[22.479434043,42.64423509]]],[[[22.477752113,42.644625277],[22.47929,42.644637],[22.479434043,42.64423509],[22.477752113,42.644625277]]],[[[22.477646,42.644629],[22.471706,42.641608],[22.463858895,42.647848334],[22.477752113,42.644625277],[22.477646,42.644629]]],[[[22.4614615,42.6484045],[22.463224,42.64893],[22.463858895,42.647848334],[22.4614615,42.6484045]]],[[[22.4616543,42.6494862],[22.4586834,42.6550481],[22.4651769,42.6586929],[22.4614615,42.6484045],[22.4616543,42.6494862]]],[[[22.467097771,42.661735216],[22.4667913,42.6599919],[22.4651769,42.6586929],[22.467097771,42.661735216]]],[[[22.4672078,42.6623052],[22.4679151,42.6636247],[22.468756361,42.664362124],[22.467097771,42.661735216],[22.4672078,42.6623052]]],[[[22.475102103,42.674412641],[22.4726691,42.6669309],[22.468756361,42.664362124],[22.475102103,42.674412641]]],[[[22.475138,42.6744824],[22.4753835,42.6749112],[22.475581234,42.675171498],[22.475102103,42.674412641],[22.475138,42.6744824]]],[[[22.4759684,42.6757847],[22.475801,42.6754608],[22.475581234,42.675171498],[22.4759684,42.6757847]]],[[[22.465397152,42.682409758],[22.4696379,42.6819768],[22.4759684,42.6757847],[22.465397152,42.682409758]]],[[[22.4649816,42.6825272],[22.4603622,42.6837513],[22.4598361,42.6858949],[22.465397152,42.682409758],[22.4649816,42.6825272]]],[[[22.4592239,42.6868194],[22.4584432,42.6894984],[22.4595055,42.6900529],[22.4598361,42.6858949],[22.4592239,42.6868194]]],[[[22.459658021,42.690110792],[22.4596352,42.6900995],[22.4595055,42.6900529],[22.459658021,42.690110792]]],[[[22.4600192,42.6902895],[22.460247674,42.690334603],[22.459658021,42.690110792],[22.4600192,42.6902895]]],[[[22.460431929,42.69040454],[22.4604133,42.6903673],[22.460247674,42.690334603],[22.460431929,42.69040454]]],[[[22.4606212,42.6907829],[22.4610408,42.6910752],[22.462099383,42.691037448],[22.460431929,42.69040454],[22.4606212,42.6907829]]],[[[22.47103,42.6944272],[22.4672393,42.6913702],[22.462099383,42.691037448],[22.47103,42.6944272]]],[[[22.472594811,42.697314712],[22.4721573,42.6951083],[22.47103,42.6944272],[22.472594811,42.697314712]]],[[[22.472544,42.6976207],[22.4710956,42.7002537],[22.4755941,42.710093],[22.4816995,42.7141154],[22.472544,42.6976207]]],[[[22.4828219,42.7149934],[22.4823959,42.7144928],[22.4816995,42.7141154],[22.4828219,42.7149934]]],[[[22.4827648,42.7151619],[22.4828499,42.715414],[22.4835224,42.7163992],[22.4828219,42.7149934],[22.4827648,42.7151619]]],[[[22.4835826,42.7165057],[22.483936,42.7173643],[22.4845035,42.7179373],[22.4835224,42.7163992],[22.4835826,42.7165057]]],[[[22.4854261,42.7183525],[22.4852166,42.7182109],[22.4845035,42.7179373],[22.4854261,42.7183525]]],[[[22.4854753,42.7184863],[22.4853367,42.7191457],[22.486082196,42.719960917],[22.4854261,42.7183525],[22.4854753,42.7184863]]],[[[22.48625377,42.72038153],[22.4862488,42.7202688],[22.486082196,42.719960917],[22.48625377,42.72038153]]],[[[22.4862579,42.7204752],[22.4859441,42.7212458],[22.4867796,42.7216706],[22.48625377,42.72038153],[22.4862579,42.7204752]]],[[[22.4873013,42.7219748],[22.487598828,42.722108606],[22.4867796,42.7216706],[22.4873013,42.7219748]]],[[[22.4963143,42.7267684],[22.4965587,42.7226323],[22.487598828,42.722108606],[22.4963143,42.7267684]]],[[[22.4961871,42.7270563],[22.4961973,42.7329931],[22.498527012,42.734652193],[22.4963143,42.7267684],[22.4961871,42.7270563]]],[[[22.498683705,42.735210482],[22.4985537,42.7346828],[22.498527012,42.734652193],[22.498683705,42.735210482]]],[[[22.4987471,42.7354678],[22.4985435,42.7360398],[22.499161534,42.736912965],[22.498683705,42.735210482],[22.4987471,42.7354678]]],[[[22.500615,42.7420916],[22.5013529,42.7396433],[22.499161534,42.736912965],[22.500615,42.7420916]]],[[[22.497852701,42.74460165],[22.4994342,42.7438035],[22.500615,42.7420916],[22.497852701,42.74460165]]],[[[22.497378,42.7448463],[22.4870361,42.7488006],[22.475715047,42.764717728],[22.497852701,42.74460165],[22.497378,42.7448463]]],[[[22.4681714,42.7715725],[22.4762973,42.7672346],[22.475715047,42.764717728],[22.4681714,42.7715725]]],[[[22.467964364,42.771869633],[22.4681643,42.7717201],[22.4681714,42.7715725],[22.467964364,42.771869633]]],[[[22.4677228,42.7720503],[22.4600209,42.7777062],[22.4583469,42.7856724],[22.467964364,42.771869633],[22.4677228,42.7720503]]],[[[22.450849812,42.795750425],[22.4554307,42.7937836],[22.4583469,42.7856724],[22.450849812,42.795750425]]],[[[22.4502598,42.7958883],[22.4493919,42.7960391],[22.449395482,42.79770542],[22.450849812,42.795750425],[22.4502598,42.7958883]]],[[[22.4447972,42.8038867],[22.4488004,42.8023975],[22.449395482,42.79770542],[22.4447972,42.8038867]]],[[[22.4440173,42.8043123],[22.4408907,42.8057498],[22.4396744,42.8133881],[22.4414288,42.8252898],[22.4440173,42.8043123]]],[[[22.5154742,42.8685135],[22.5175535,42.8644566],[22.5149643,42.8631556],[22.5175769,42.861749],[22.5154483,42.8564482],[22.4902842,42.8437023],[22.4799452,42.8346086],[22.4699023,42.8305737],[22.4649322,42.8336875],[22.450087,42.826138],[22.4414288,42.8252898],[22.5154742,42.8685135]]],[[[22.5154716,42.8685967],[22.5216788,42.87654],[22.52720734,42.876358861],[22.5154742,42.8685135],[22.5154716,42.8685967]]],[[[22.534569358,42.881281472],[22.5336699,42.8795915],[22.52720734,42.876358861],[22.534569358,42.881281472]]],[[[22.5349576,42.8817175],[22.5354694,42.8821262],[22.5359139,42.8821805],[22.534569358,42.881281472],[22.5349576,42.8817175]]],[[[22.5841018,42.8921994],[22.5727242,42.8756215],[22.5754274,42.8629089],[22.5359139,42.8821805],[22.5841018,42.8921994]]],[[[22.593898973,42.892162071],[22.5913727,42.8904283],[22.5841018,42.8921994],[22.593898973,42.892162071]]],[[[22.5942768,42.8923748],[22.5963882,42.8942618],[22.603021778,42.892127311],[22.593898973,42.892162071],[22.5942768,42.8923748]]],[[[22.604392591,42.892122088],[22.6037323,42.8919042],[22.603021778,42.892127311],[22.604392591,42.892122088]]],[[[22.6048387,42.8923708],[22.6175948,42.896233],[22.6245457,42.8920453],[22.604392591,42.892122088],[22.6048387,42.8923708]]],[[[22.6416661,42.8778262],[22.6303789,42.8851664],[22.6245457,42.8920453],[22.6416661,42.8778262]]],[[[22.6434843,42.8786018],[22.6564033,42.883019],[22.6722015,42.8762201],[22.6416661,42.8778262],[22.6434843,42.8786018]]],[[[22.6726041,42.876141],[22.6736481,42.8759739],[22.6743575,42.8751699],[22.673396949,42.874334781],[22.6726041,42.876141]]],[[[22.6787791,42.8658467],[22.6753169,42.8663071],[22.673396949,42.874334781],[22.6787791,42.8658467]]],[[[22.681791309,42.868870417],[22.682278,42.8683736],[22.6787791,42.8658467],[22.681791309,42.868870417]]],[[[22.6813023,42.8693696],[22.6814397,42.8721901],[22.6883325,42.8754366],[22.681791309,42.868870417],[22.6813023,42.8693696]]],[[[22.689956,42.8762918],[22.6955474,42.8786971],[22.6972847,42.8843009],[22.701683,42.8843251],[22.7052354,42.8793832],[22.7137726,42.8869036],[22.7208053,42.8849751],[22.7301239,42.8886411],[22.735392586,42.88508908],[22.689956,42.8762918]]],[[[22.7398503,42.8860034],[22.7377888,42.8846647],[22.735392586,42.88508908],[22.7398503,42.8860034]]],[[[22.7402345,42.886395],[22.7403164,42.8864242],[22.7408583,42.8863794],[22.7398503,42.8860034],[22.7402345,42.886395]]],[[[22.746971213,42.889171942],[22.7446464,42.8861453],[22.7408583,42.8863794],[22.746971213,42.889171942]]],[[[22.7469503,42.8892493],[22.747788752,42.889545417],[22.746971213,42.889171942],[22.7469503,42.8892493]]],[[[22.7484614,42.8898527],[22.747977,42.8896119],[22.747788752,42.889545417],[22.7484614,42.8898527]]],[[[22.769186203,42.882588738],[22.76026,42.881886],[22.7484614,42.8898527],[22.769186203,42.882588738]]],[[[22.769189,42.882716],[22.769263,42.883116],[22.769724192,42.882400175],[22.769186203,42.882588738],[22.769189,42.882716]]],[[[22.7705752,42.8821019],[22.770424,42.881493],[22.769724192,42.882400175],[22.7705752,42.8821019]]],[[[22.770642,42.882051],[22.771217,42.881068],[22.772009,42.880009],[22.770924775,42.879836105],[22.770642,42.882051]]],[[[22.771427237,42.876579361],[22.770299,42.879071],[22.770924775,42.879836105],[22.771427237,42.876579361]]],[[[22.771447,42.876573],[22.771633,42.876525],[22.771744,42.876453],[22.771456145,42.876391989],[22.771447,42.876573]]],[[[22.77155412,42.875756958],[22.770436,42.875746],[22.770111,42.87593],[22.771456145,42.876391989],[22.77155412,42.875756958]]],[[[22.771629,42.875755],[22.771879,42.874783],[22.771809986,42.874098546],[22.77155412,42.875756958],[22.771629,42.875755]]],[[[22.774743,42.855088],[22.768217,42.864401],[22.772715,42.867984],[22.770157,42.874387],[22.771809986,42.874098546],[22.774743,42.855088]]],[[[22.792180384,42.848646011],[22.780317,42.849239],[22.774743,42.855088],[22.792180384,42.848646011]]],[[[22.792391,42.848628],[22.795132,42.848529],[22.795919172,42.84726477],[22.792180384,42.848646011],[22.792391,42.848628]]],[[[22.7963668,42.8470994],[22.796032,42.847109],[22.795919172,42.84726477],[22.7963668,42.8470994]]],[[[22.8290524,42.8495168],[22.823829,42.845144],[22.82661,42.843753],[22.824529,42.839877],[22.81708,42.835215],[22.802269,42.847037],[22.7963668,42.8470994],[22.8290524,42.8495168]]],[[[22.829259,42.849624],[22.830146,42.850078],[22.8355276,42.8519253],[22.8290524,42.8495168],[22.829259,42.849624]]],[[[22.835593,42.851949],[22.839888,42.856485],[22.845822,42.853937],[22.853059,42.859057],[22.86102,42.854409],[22.867601,42.855877],[22.86699,42.852235],[22.835593,42.851949]]],[[[22.8832627,42.8270566],[22.872415,42.810782],[22.865797,42.810011],[22.846591,42.822002],[22.845012,42.827948],[22.849534,42.83011],[22.852404,42.836756],[22.849576,42.836714],[22.860886,42.840877],[22.859546,42.843427],[22.86699,42.852235],[22.8832627,42.8270566]]],[[[22.9045352,42.8250039],[22.89274,42.821973],[22.882951,42.825922],[22.8832627,42.8270566],[22.9045352,42.8250039]]],[[[22.905362079,42.823481466],[22.904629,42.824222],[22.9045352,42.8250039],[22.905362079,42.823481466]]],[[[22.905473,42.823351],[22.907086,42.822526],[22.907149,42.82238],[22.906165196,42.822002783],[22.905473,42.823351]]],[[[22.9105779,42.8138782],[22.906126,42.816183],[22.903337,42.821996],[22.906165196,42.822002783],[22.9105779,42.8138782]]],[[[22.9595186,42.777855],[22.946864,42.770748],[22.939843,42.781694],[22.932952,42.781155],[22.9207,42.789206],[22.915047,42.789103],[22.916582,42.798331],[22.90839,42.803348],[22.908628,42.81159],[22.9105779,42.8138782],[22.9595186,42.777855]]],[[[22.959738,42.77797],[22.968558,42.780732],[22.977712,42.776793],[22.977377309,42.775384144],[22.959738,42.77797]]],[[[22.979028955,42.77515563],[22.978283,42.774167],[22.977377309,42.775384144],[22.979028955,42.77515563]]],[[[22.979113,42.775299],[22.9801,42.775706],[22.982445,42.774683],[22.979028955,42.77515563],[22.979113,42.775299]]],[[[22.982493,42.774663],[22.987292,42.769087],[22.992216,42.769581],[22.99264,42.764075],[22.985964218,42.762850936],[22.982493,42.774663]]],[[[22.986373124,42.76147614],[22.98512,42.761906],[22.984715,42.763105],[22.985964218,42.762850936],[22.986373124,42.76147614]]],[[[22.986919,42.761126],[22.987727,42.760699],[22.986963191,42.759492259],[22.986373124,42.76147614],[22.986919,42.761126]]],[[[22.987532421,42.757578436],[22.987294,42.757908],[22.986189,42.759269],[22.986963191,42.759492259],[22.987532421,42.757578436]]],[[[22.987689,42.757362],[22.988565,42.75644],[22.988532,42.756354],[22.987932,42.756235],[22.987689,42.757362]]],[[[23.00070333,42.755659087],[22.989896,42.755316],[22.987932,42.756235],[23.00070333,42.755659087]]],[[[23.000753,42.75566],[23.002776,42.755732],[23.00458036,42.755484255],[23.00070333,42.755659087],[23.000753,42.75566]]],[[[23.015302271,42.755000759],[23.011774,42.752064],[23.00458036,42.755484255],[23.015302271,42.755000759]]],[[[23.015425,42.755102],[23.01886,42.755305],[23.021419987,42.754724886],[23.015302271,42.755000759],[23.015425,42.755102]]],[[[23.0224708,42.7546775],[23.021473,42.75472],[23.021419987,42.754724886],[23.0224708,42.7546775]]],[[[23.022848,42.754663],[23.03065,42.756266],[23.04091,42.754313],[23.0342856,42.7497733],[23.022848,42.754663]]],[[[23.05645,42.712732],[23.046518,42.715205],[23.046534,42.71755],[23.044102,42.715419],[23.037386,42.717373],[23.040846,42.723363],[23.032035,42.733432],[23.034258,42.736997],[23.03187,42.747465],[23.0342856,42.7497733],[23.05645,42.712732]]],[[[23.10582,42.6949076],[23.101822,42.693085],[23.09763,42.695721],[23.08585,42.691858],[23.079482,42.695094],[23.068667,42.693855],[23.066343,42.698535],[23.059231,42.697189],[23.051083,42.702075],[23.05645,42.712732],[23.10582,42.6949076]]],[[[23.1423084,42.6668853],[23.124004,42.670012],[23.118341,42.667234],[23.115134,42.672611],[23.109502,42.674395],[23.109842,42.684171],[23.103011,42.689464],[23.104108,42.692592],[23.10582,42.6949076],[23.1423084,42.6668853]]],[[[23.142775,42.666955],[23.143511,42.667125],[23.144551139,42.666079578],[23.1423084,42.6668853],[23.142775,42.666955]]],[[[23.163597861,42.659236895],[23.146709,42.662289],[23.144551139,42.666079578],[23.163597861,42.659236895]]],[[[23.164017,42.659355],[23.167622,42.658503],[23.168388,42.657516],[23.163597861,42.659236895],[23.164017,42.659355]]],[[[23.170093512,42.654462877],[23.168006,42.656004],[23.168388,42.657516],[23.170093512,42.654462877]]],[[[23.170716,42.654097],[23.172619,42.653284],[23.171760608,42.651478525],[23.170093512,42.654462877],[23.170716,42.654097]]],[[[23.1730337,42.6491995],[23.171928,42.650301],[23.171760608,42.651478525],[23.1730337,42.6491995]]],[[[23.172894562,42.626536269],[23.162697,42.641582],[23.1730337,42.6491995],[23.172894562,42.626536269]]],[[[23.173166,42.626405],[23.175252,42.623508],[23.172862327,42.621285793],[23.172894562,42.626536269],[23.173166,42.626405]]],[[[23.172830841,42.61615712],[23.170387,42.617801],[23.172862327,42.621285793],[23.172830841,42.61615712]]],[[[23.172831,42.616157],[23.1728308,42.6161505],[23.172830841,42.61615712],[23.172831,42.616157]]],[[[23.172822,42.616082],[23.171841,42.613645],[23.164828332,42.610262478],[23.1728308,42.6161505],[23.172822,42.616082]]],[[[23.140979262,42.592714909],[23.152989,42.605476],[23.164828332,42.610262478],[23.140979262,42.592714909]]],[[[23.141066,42.592459],[23.140405,42.592033],[23.13943,42.591575],[23.140979262,42.592714909],[23.141066,42.592459]]],[[[23.153409621,42.590433629],[23.146383,42.586655],[23.139313,42.59156],[23.13943,42.591575],[23.153409621,42.590433629]]],[[[23.153664,42.590498],[23.186454,42.592342],[23.207887578,42.585985756],[23.153409621,42.590433629],[23.153664,42.590498]]],[[[23.2116864,42.5856756],[23.209201,42.584941],[23.207887578,42.585985756],[23.2116864,42.5856756]]],[[[23.21217,42.585592],[23.224221,42.583009],[23.229420732,42.57667945],[23.2116864,42.5856756],[23.21217,42.585592]]],[[[23.232645654,42.575043533],[23.230463,42.574971],[23.229420732,42.57667945],[23.232645654,42.575043533]]],[[[23.232752,42.575086],[23.233175,42.57506],[23.233396053,42.574662876],[23.232645654,42.575043533],[23.232752,42.575086]]],[[[23.23405138,42.574330446],[23.233424,42.574529],[23.233396053,42.574662876],[23.23405138,42.574330446]]],[[[23.234625,42.574197],[23.2366,42.573522],[23.237543392,42.572559043],[23.23405138,42.574330446],[23.234625,42.574197]]],[[[23.240601,42.571008],[23.238119,42.570669],[23.237272,42.5724],[23.237543392,42.572559043],[23.240601,42.571008]]],[[[23.240481,42.571203],[23.248009,42.571714],[23.250793656,42.568888453],[23.240601,42.571008],[23.240481,42.571203]]],[[[23.275602436,42.563729505],[23.258543,42.563684],[23.250793656,42.568888453],[23.275602436,42.563729505]]],[[[23.276311,42.563817],[23.282705,42.563486],[23.2853669,42.561699],[23.275602436,42.563729505],[23.276311,42.563817]]],[[[23.285858,42.561247],[23.286065482,42.560882619],[23.2853669,42.561699],[23.285858,42.561247]]],[[[23.2998368,42.5447891],[23.287932,42.554187],[23.286065482,42.560882619],[23.2998368,42.5447891]]],[[[23.299926,42.544611],[23.296947,42.536078],[23.290175,42.532721],[23.2998368,42.5447891],[23.299926,42.544611]]],[[[23.257138742,42.508388209],[23.268384,42.52559],[23.279517,42.533458],[23.290175,42.532721],[23.257138742,42.508388209]]],[[[23.256631,42.507677],[23.254359,42.496715],[23.237596519,42.493994423],[23.257138742,42.508388209],[23.256631,42.507677]]],[[[23.236447873,42.49314839],[23.237543,42.49405],[23.237596519,42.493994423],[23.236447873,42.49314839]]],[[[23.236064,42.492733],[23.234902,42.491737],[23.234124189,42.491436885],[23.236447873,42.49314839],[23.236064,42.492733]]],[[[23.233975,42.491327],[23.233968,42.491362],[23.234124189,42.491436885],[23.233975,42.491327]]],[[[23.233825403,42.491042096],[23.233828,42.491197],[23.233975,42.491327],[23.233825403,42.491042096]]],[[[23.233805,42.490865],[23.232977,42.482806],[23.225897038,42.475942723],[23.233825403,42.491042096],[23.233805,42.490865]]],[[[23.220701,42.466047],[23.221066,42.472803],[23.225897038,42.475942723],[23.220701,42.466047]]],[[[23.222197077,42.458076756],[23.220121,42.459846],[23.220701,42.466047],[23.222197077,42.458076756]]],[[[23.222242,42.45804],[23.222559,42.457807],[23.222608,42.457663],[23.222284483,42.457611104],[23.222242,42.45804]]],[[[23.229830752,42.417408879],[23.22461,42.419334],[23.225206,42.423251],[23.219432,42.42397],[23.227114,42.427026],[23.219219,42.429777],[23.223564,42.439417],[23.218314,42.44327],[23.220773,42.457363],[23.229830752,42.417408879]]],[[[23.229865,42.417398],[23.237894,42.413729],[23.239866,42.411593],[23.23735,42.408543],[23.242415,42.404445],[23.2337068,42.3967595],[23.229865,42.417398]]],[[[23.233338421,42.396458413],[23.233395,42.39651],[23.2337068,42.3967595],[23.233338421,42.396458413]]],[[[23.233225,42.396355],[23.232667,42.395863],[23.232376165,42.395671934],[23.233338421,42.396458413],[23.233225,42.396355]]],[[[23.231488931,42.394946771],[23.231677,42.395202],[23.232376165,42.395671934],[23.231488931,42.394946771]]],[[[23.231426,42.394879],[23.229923,42.39357],[23.229612655,42.393413237],[23.231488931,42.394946771],[23.231426,42.394879]]],[[[23.229156,42.39304],[23.229545,42.393397],[23.229612655,42.393413237],[23.229156,42.39304]]],[[[23.227921872,42.389146159],[23.228089,42.39129],[23.229156,42.39304],[23.227921872,42.389146159]]],[[[23.227923,42.389092],[23.227771,42.388642],[23.227742898,42.388581473],[23.227921872,42.389146159],[23.227923,42.389092]]],[[[23.227709356,42.388475643],[23.227719,42.38853],[23.227742898,42.388581473],[23.227709356,42.388475643]]],[[[23.227675,42.388282],[23.227743,42.382517],[23.224083,42.377034],[23.227709356,42.388475643],[23.227675,42.388282]]],[[[23.223711,42.37693],[23.22246,42.376608],[23.221848443,42.377022031],[23.224083,42.377034],[23.223711,42.37693]]],[[[23.221027807,42.377017635],[23.221417,42.377233],[23.221848443,42.377022031],[23.221027807,42.377017635]]],[[[23.220937,42.376881],[23.206248,42.372732],[23.193577,42.364951],[23.169343,42.36514],[23.172778,42.370135],[23.168212023,42.376734727],[23.220937,42.376881]]],[[[23.092751777,42.376330525],[23.089391,42.381068],[23.09378,42.394376],[23.106148,42.404588],[23.109005,42.410809],[23.125768,42.400973],[23.120565,42.394415],[23.124918,42.387703],[23.131266,42.384815],[23.131399,42.379449],[23.149794,42.377698],[23.156656,42.381863],[23.165652,42.381525],[23.168212023,42.376734727],[23.092751777,42.376330525]]],[[[23.092739,42.376235],[23.090286,42.369638],[23.081037,42.367154],[23.069098141,42.376203824],[23.092739,42.376235]]],[[[23.036647,42.37603],[23.05491,42.380508],[23.069098141,42.376203824],[23.036647,42.37603]]],[[[22.907271984,42.369601814],[22.913778,42.387545],[22.934881,42.389746],[22.944487,42.397226],[22.949878,42.396816],[22.94973,42.399647],[22.970228,42.390232],[22.973677,42.392046],[22.976345,42.388451],[22.988442,42.402321],[22.996647,42.405196],[23.006656,42.405197],[23.004839,42.396248],[23.013497,42.391604],[23.027079,42.391269],[23.028755,42.384692],[23.036666,42.376155],[22.907271984,42.369601814]]],[[[22.907272,42.3696],[22.906768,42.364116],[22.902085,42.360663],[22.88452963,42.368471826],[22.907272,42.3696]]],[[[22.872075,42.367853],[22.875519,42.373971],[22.88452963,42.368471826],[22.872075,42.367853]]],[[[22.8716,42.367761],[22.844553,42.365667],[22.837228,42.374316],[22.805784,42.375943],[22.810146,42.386894],[22.797156,42.395499],[22.796258,42.407841],[22.790206,42.415662],[22.8716,42.367761]]],[[[22.788778,42.415747],[22.770449,42.413325],[22.769978,42.417077],[22.762261,42.420053],[22.754888,42.419381],[22.750753,42.414235],[22.748518,42.426053],[22.743876,42.427355],[22.747656,42.427377],[22.74288,42.429387],[22.743406,42.432027],[22.731,42.436418],[22.729917,42.455255],[22.788778,42.415747]]],[[[22.701314,42.474046],[22.717296,42.469087],[22.729067,42.461007],[22.730864,42.456468],[22.701314,42.474046]]],[[[22.69776,42.476156],[22.695699,42.476629],[22.696275004,42.481084541],[22.701314,42.474046],[22.69776,42.476156]]],[[[22.667273213,42.521594653],[22.683225,42.521961],[22.695195,42.511694],[22.70469,42.51679],[22.710781,42.509055],[22.706708,42.502885],[22.711772,42.496307],[22.711116,42.482997],[22.707144,42.48071],[22.700948,42.483874],[22.696275004,42.481084541],[22.667273213,42.521594653]]],[[[22.667172,42.52155],[22.663084,42.518097],[22.651497,42.524044],[22.653845,42.526607],[22.649727,42.541319],[22.651490397,42.543640313],[22.667172,42.52155]]],[[[22.646024275,42.55127547],[22.652746,42.548562],[22.654056,42.545065],[22.651490397,42.543640313],[22.646024275,42.55127547]]],[[[22.64582,42.551409],[22.642921,42.552692],[22.642115,42.556736],[22.646024275,42.55127547],[22.64582,42.551409]]],[[[22.641923,42.556593],[22.628586,42.556411],[22.625215,42.567315],[22.613682,42.571919],[22.604365,42.59107],[22.607858,42.604775],[22.601888783,42.614036122],[22.641923,42.556593]]],[[[22.597964065,42.619626676],[22.601629,42.616998],[22.601888783,42.614036122],[22.597964065,42.619626676]]],[[[22.597889,42.619673],[22.597695,42.619834],[22.597554375,42.620210257],[22.597964065,42.619626676],[22.597889,42.619673]]],[[[22.595353,42.623346],[22.596984,42.621474],[22.597554375,42.620210257],[22.595353,42.623346]]],[[[22.573823,42.630772],[22.576776,42.637805],[22.582985,42.638672],[22.592977,42.630791],[22.595353,42.623346],[22.573823,42.630772]]],[[[22.573601,42.630655],[22.56431,42.624948],[22.561265,42.629868],[22.543281,42.62466],[22.5385328,42.6305249],[22.573601,42.630655]]],[[[22.538379,42.630443],[22.528429,42.622317],[22.52625,42.624827],[22.520244,42.623356],[22.5103,42.633875],[22.500834,42.635309],[22.498062,42.639694],[22.538379,42.630443]]],[[[22.479605953,42.644195209],[22.496395,42.645674],[22.499661,42.642843],[22.498200935,42.6398814],[22.479605953,42.644195209]]]]}},{"type":"Feature","properties":{"slug":"pleven","name_bg":"Плевен","name_en":"Pleven","source":"OpenStreetMap contributors, ODbL 1.0"},"geometry":{"type":"MultiPolygon","coordinates":[[[[24.077414,43.204268],[24.074204,43.201544],[24.061205522,43.208016663],[24.057171,43.205566],[24.030282,43.205545],[24.01716,43.21177],[24.015458,43.208936],[24.006856,43.214087],[23.997007,43.214386],[23.988399,43.224902],[23.975035,43.222829],[23.96856,43.226077],[23.968939,43.221771],[23.963359,43.222172],[23.962776,43.226624],[23.956182,43.228392],[23.966565,43.240213],[23.959237,43.243687],[23.968483,43.257493],[23.962357,43.265853],[23.963133258,43.268174617],[23.951396,43.275066],[23.968358,43.287055],[23.972316076,43.295638414],[23.966839,43.305245],[23.967283,43.315226],[23.957171,43.341589],[23.965459,43.345522],[23.964364,43.356461],[23.995115,43.363825],[23.993886,43.383436],[23.998574026,43.392480801],[24.01058753,43.492004947],[24.001243,43.524665],[23.995469,43.525899],[23.997044,43.529126],[23.986844,43.531668],[23.992976,43.544086],[24.001801,43.541791],[24.022774,43.592962],[24.027882,43.605038],[24.043374,43.601844],[24.038136,43.609022],[24.054278,43.609421],[24.072597,43.599633],[24.087476,43.614382],[24.126916,43.595258],[24.141878,43.606416],[24.157197,43.603694],[24.158364,43.606576],[24.168088,43.602942],[24.206765,43.646813],[24.232183467,43.641978497],[24.3235415,43.6976189],[24.3421856,43.6966851],[24.406951,43.736316],[24.441817,43.744095],[24.4483079,43.7431103],[24.4847488,43.7594561],[24.4893622,43.760386],[24.4982779,43.7612693],[24.5024667,43.7614207],[24.5649576,43.7573019],[24.5707923,43.7561586],[24.5888378,43.7525622],[24.597466,43.7498467],[24.6399406,43.7317102],[24.6540948,43.7223598],[24.6686436,43.7121481],[24.7299588,43.6847821],[24.7411616,43.684455],[24.754225,43.6908235],[24.7988677,43.7068102],[24.801743,43.7076711],[24.80803,43.7094982],[24.8149458,43.7108843],[24.8356998,43.7127973],[24.8623843,43.7082376],[24.9371488,43.7280906],[24.949522,43.7299875],[24.9536848,43.7304294],[24.9619873,43.7312635],[24.9643064,43.7311892],[25.0038113,43.7242052],[25.0470351,43.6996015],[25.1371613,43.6861261],[25.1591944,43.6970144],[25.1826337,43.7006372],[25.1885037,43.6996015],[25.2262213,43.691187],[25.2409664,43.6892195],[25.2480819,43.6867033],[25.2919855,43.6528443],[25.2194325,43.6144934],[25.209700705,43.611771545],[25.2041277,43.6063823],[25.2009068,43.6078844],[25.1951377,43.6015372],[25.1886679,43.6024482],[25.189824261,43.605680057],[25.1742779,43.6009156],[25.2015319,43.5879144],[25.2025101,43.580911],[25.2064902,43.5799271],[25.1968272,43.5692738],[25.2019934,43.5675278],[25.1993279,43.5619608],[25.23459,43.5326947],[25.2220321,43.5248227],[25.2097977,43.5238688],[25.2097582,43.5040686],[25.2094364,43.4982913],[25.191840746,43.483538335],[25.1918563,43.4792088],[25.186744412,43.479265346],[25.1631968,43.459522],[25.148171965,43.456480298],[25.148349,43.4535851],[25.1443804,43.4524189],[25.137947762,43.45441046],[25.1260509,43.452002],[25.1268916,43.4503311],[25.1299546,43.4381554],[25.1448447,43.4270299],[25.1764189,43.4361238],[25.1764728,43.4361328],[25.1843896,43.4369335],[25.1844324,43.4369378],[25.1891619,43.4373832],[25.1952214,43.4380045],[25.2117848,43.4301698],[25.211640012,43.427751302],[25.2119546,43.4276453],[25.2122225,43.4238284],[25.2126418,43.4123005],[25.2021391,43.3876001],[25.196836585,43.381508692],[25.2010116,43.3809548],[25.2011894,43.3754054],[25.192855018,43.374485409],[25.1912616,43.3716747],[25.2160694,43.37695],[25.2215399,43.3723477],[25.2381008,43.3719954],[25.246871605,43.358333179],[25.2561228,43.358006],[25.2551315,43.3454668],[25.2394298,43.3409004],[25.2381029,43.3412949],[25.2287918,43.323652],[25.197294193,43.308119461],[25.143666,43.266509],[25.140428,43.266832],[25.140386,43.26699],[25.138712,43.27696],[25.129806961,43.274088765],[25.128583,43.269686],[25.114595,43.269184],[25.104711524,43.286526461],[25.099465,43.286103],[25.097888555,43.298498675],[25.092752,43.302831],[25.084638,43.303146],[25.081592,43.314657],[25.059297,43.358032],[25.049673,43.35885],[25.052742,43.377717],[25.0278538,43.3798645],[25.01953,43.378205],[25.019317,43.361539],[25.032902,43.360454],[25.033313,43.349481],[25.02192,43.347826],[25.021647,43.332182],[25.033098,43.332963],[25.033227,43.325915],[25.02485,43.320055],[24.988517,43.325106],[24.98855,43.318324],[24.985735708,43.31815326],[24.977022,43.295948],[24.94535,43.29614],[24.945443764,43.302952549],[24.931303,43.305718],[24.93127,43.305729],[24.934893,43.293778],[24.915508,43.290529],[24.913992,43.287211],[24.903993,43.287891],[24.904366,43.297574],[24.899719,43.296651],[24.885614,43.297622],[24.885866827,43.299706843],[24.869765764,43.303291318],[24.832555,43.303631],[24.833066,43.306926],[24.813668,43.31578],[24.805941,43.314306],[24.7564377,43.3131907],[24.754485,43.305195],[24.7443533,43.3047641],[24.740628,43.295598],[24.729406,43.288485],[24.68477782,43.264130786],[24.687734,43.258105],[24.682642,43.250583],[24.669388,43.251227],[24.669502923,43.255524574],[24.643392,43.240023],[24.638728408,43.238185538],[24.641209,43.236687],[24.635101,43.235777],[24.629644,43.230592],[24.631248,43.225315],[24.638312,43.22274],[24.627506,43.223268],[24.620341,43.22044],[24.61924,43.217085],[24.601993,43.21455],[24.600231,43.210397],[24.580575,43.203057],[24.438031,43.22036],[24.435221537,43.227671634],[24.428153,43.23084],[24.428194125,43.234443841],[24.407731707,43.254163157],[24.391562,43.255525],[24.389201,43.260944],[24.395289,43.266154],[24.326954,43.255903],[24.304818,43.236047],[24.254825,43.2238645],[24.074982956,43.209144351],[24.077414,43.204268]]]]}},{"type":"Feature","properties":{"slug":"plovdiv","name_bg":"Пловдив","name_en":"Plovdiv","source":"OpenStreetMap contributors, ODbL 1.0"},"geometry":{"type":"MultiPolygon","coordinates":[[[[24.505007,41.918093],[24.492039,41.921037],[24.47234,41.920048],[24.464497,41.923723],[24.452663,41.921426],[24.448486,41.931332],[24.444163,41.933039],[24.439825,41.938268],[24.459488621,41.976420605],[24.455411,41.982979],[24.466442,41.991801],[24.467324,41.991856],[24.46754,41.991809],[24.468045,41.991678],[24.468405,41.991531],[24.470479,41.989972],[24.471404,41.994069],[24.473545,41.995121],[24.460096,42.005932],[24.46203,42.011956],[24.457127,42.011172],[24.458404847,42.025092256],[24.454469,42.028051],[24.456259025,42.029340099],[24.451924,42.033413],[24.452717684,42.036350493],[24.449772,42.039231],[24.449238,42.044296],[24.443652,42.043203],[24.439329,42.050737],[24.444282,42.065665],[24.441607,42.071187],[24.444037,42.08217],[24.466339,42.090473],[24.43493,42.114828],[24.431441,42.124264],[24.443022,42.12465],[24.449254,42.133341],[24.439085,42.135279],[24.454522,42.13379],[24.443158,42.136317],[24.462732,42.139856],[24.470911,42.146165],[24.491887,42.145169],[24.49119,42.13831],[24.495944421,42.135514464],[24.512272,42.146229],[24.535824,42.150784],[24.529964918,42.162205225],[24.518607,42.163785],[24.517929,42.180947],[24.499136,42.18072],[24.498795,42.191901],[24.491528,42.189764],[24.496637,42.227172],[24.495027,42.227113],[24.479676106,42.265669685],[24.473101,42.266266],[24.475039,42.275647],[24.452168,42.292988],[24.461073,42.302914],[24.463871656,42.301542486],[24.43685,42.362876],[24.438685081,42.393045182],[24.427854,42.398348],[24.426861,42.40756],[24.430034,42.416334],[24.440398,42.421206],[24.435958,42.435132],[24.427304,42.43703],[24.425791,42.441402],[24.433725,42.453032],[24.411663,42.463335],[24.392564,42.464349],[24.388134,42.467272],[24.388692,42.476667],[24.384505,42.477125],[24.380917,42.482902],[24.381252,42.495197],[24.389578,42.497629],[24.392958,42.504214],[24.408057,42.509161],[24.41107,42.521628],[24.421677,42.528257],[24.418746,42.532058],[24.42227,42.532965],[24.423051202,42.538392821],[24.414872,42.549201],[24.416708,42.551487],[24.482846,42.599742],[24.465596,42.607051],[24.458325,42.613727],[24.456849755,42.620262772],[24.42636,42.643984],[24.401802,42.645748],[24.383264,42.663582],[24.356874,42.677438],[24.365094,42.681098],[24.367452,42.688982],[24.362965,42.694373],[24.367641,42.71125],[24.370109021,42.711684427],[24.3859203,42.7499984],[24.494577,42.793716],[24.56114,42.792201],[24.572985,42.790964],[24.621985,42.778478],[24.640724,42.769469],[24.676782,42.724774],[24.7557063,42.7089653],[24.780332,42.71581],[24.781087,42.720487],[24.790441,42.72473],[24.812738,42.721537],[24.835272,42.72815],[24.845822359,42.720434394],[24.8813506,42.7247465],[24.8922376,42.721717],[24.920247547,42.72571172],[24.9271413,42.7302853],[24.939074738,42.728396814],[25.0049673,42.7395361],[25.0068251,42.7378002],[25.007483,42.736807],[25.011947,42.722815],[25.015434,42.722526],[25.013676431,42.716632617],[25.020803,42.702556],[25.016358,42.697074],[25.020132,42.693243],[25.016261,42.686609],[25.016050666,42.677419857],[25.022797,42.669198],[25.016228699,42.669016646],[25.016278023,42.666688519],[25.023557,42.658898],[25.019713,42.657347],[25.02127,42.653602],[25.017978,42.651126],[25.016878,42.639456],[25.020739,42.622548],[25.013847,42.616868],[25.015879,42.570087],[25.018831,42.564401],[25.016474,42.560086],[25.017574,42.551565],[25.022415,42.545544],[25.016815,42.541394],[25.026855,42.53745],[25.058482654,42.511591606],[25.068989,42.50824],[25.081403,42.494419],[25.154424,42.505703],[25.191291,42.491788],[25.188913,42.485125],[25.177113667,42.477921305],[25.175511,42.473002],[25.180444,42.468592],[25.17549,42.470334],[25.16518799,42.466256931],[25.159,42.458477],[25.1539215,42.4552373],[25.199507,42.422342],[25.199608,42.422147],[25.199074,42.419038],[25.197756,42.41768],[25.2009,42.414054],[25.197671,42.410324],[25.197941,42.399284],[25.193916,42.398927],[25.194336,42.391174],[25.189176,42.392761],[25.188758,42.391445],[25.187484,42.391745],[25.184776,42.39181],[25.183255,42.391982],[25.181122,42.392269],[25.180524,42.392386],[25.153176328,42.41048456],[25.143908,42.411473],[25.132069,42.42391],[25.114098,42.389289],[25.117219,42.388608],[25.1226924,42.3661774],[25.120614481,42.360412056],[25.123965,42.357534],[25.119538,42.35294],[25.12255,42.350334],[25.117615,42.348896],[25.11442,42.343225],[25.119807,42.340821],[25.117424,42.336063],[25.122438,42.336205],[25.126764,42.309926],[25.124486,42.305031],[25.130342,42.300261],[25.126073,42.28614],[25.135798,42.290918],[25.136721499,42.289497232],[25.142725,42.29139],[25.146396,42.291959],[25.155218,42.2921185],[25.167038,42.279491],[25.167800801,42.27794536],[25.176146,42.279376],[25.175365,42.275276],[25.173744,42.271251],[25.153048,42.262975],[25.134535924,42.264190027],[25.083067,42.254921],[25.0897078,42.1794511],[25.098989,42.176756],[25.103997,42.175028],[25.1509815,42.1572731],[25.1567061,42.1529136],[25.153107156,42.147974363],[25.1596516,42.1385378],[25.1560198,42.1483344],[25.161831607,42.151796465],[25.163132891,42.159710791],[25.1589358,42.1617764],[25.159254,42.1678736],[25.1599322,42.1703695],[25.164839598,42.170090874],[25.1664802,42.1802877],[25.1754603,42.1801173],[25.1963679,42.1741783],[25.2248077,42.1655922],[25.2265136,42.1694802],[25.249298909,42.178747573],[25.2465842,42.1815099],[25.2598192,42.1844259],[25.259835,42.184407],[25.2741253,42.1599262],[25.2941836,42.1471156],[25.2952273,42.148783],[25.299513965,42.147417892],[25.3042563,42.1482807],[25.3057091,42.1477822],[25.3073538,42.1481298],[25.3156026,42.1483303],[25.3156723,42.1482775],[25.3291687,42.1181317],[25.3480504,42.1143799],[25.3469438,42.0935692],[25.3407681,42.0781769],[25.318429109,42.066642127],[25.3153752,42.0598701],[25.3082315,42.0612342],[25.3066167,42.0549157],[25.304597648,42.054931818],[25.3010863,42.0488419],[25.2951593,42.0442996],[25.299025,42.0384769],[25.2987063,42.030954],[25.3033983,42.0303334],[25.3029261,42.0261484],[25.3082884,42.021533],[25.3081229,42.0142725],[25.311932,42.0111102],[25.307829529,41.995660693],[25.3129684,41.9856779],[25.3111875,41.98277],[25.317243,41.979252],[25.317038,41.979004],[25.311523837,41.97299604],[25.317608,41.967982],[25.305603,41.962605],[25.308297,41.957157],[25.30278,41.948636],[25.285227,41.944231],[25.283825,41.93793],[25.279193444,41.936856856],[25.277195,41.931474],[25.268615,41.923928],[25.262746467,41.920632946],[25.263786,41.907557],[25.25185,41.897175],[25.245053,41.8954],[25.216888,41.895595],[25.1993198,41.9017458],[25.184739,41.895952],[25.183161,41.88809],[25.182674,41.886348],[25.172159,41.875938],[25.163088,41.872252],[25.147348,41.87056],[25.146142,41.854378],[25.145515394,41.852483645],[25.1451183,41.8500573],[25.14749,41.842287],[25.14279,41.834558],[25.112283,41.807324],[25.118689,41.799608],[25.114973,41.800019],[25.108622,41.797773],[25.093995232,41.796380545],[25.085546,41.793363],[25.081548,41.78797],[25.079511,41.792456],[25.073607,41.793595],[24.964129,41.805573],[24.962334063,41.743834871],[24.96836,41.744079],[24.964388,41.734031],[24.9599,41.732654],[24.912234,41.739862],[24.914724,41.724173],[24.907159,41.712318],[24.899908,41.707896],[24.891415,41.7139],[24.884755,41.714173],[24.88151987,41.713631177],[24.871792,41.707535],[24.871604,41.707425],[24.870794,41.707098],[24.856185681,41.705443118],[24.852154,41.700052],[24.85166,41.688146],[24.848594,41.683672],[24.843056,41.683014],[24.835426,41.687615],[24.836338,41.693501],[24.828068,41.692835],[24.833435427,41.702530067],[24.830761,41.701986],[24.812598,41.70596],[24.800481,41.711329],[24.800391,41.711403],[24.800136,41.711685],[24.799905,41.711869],[24.796189598,41.7181658],[24.789771,41.718752],[24.785907,41.725872],[24.788639,41.730161],[24.787856,41.73158],[24.779267607,41.766225974],[24.769437,41.764643],[24.766697,41.778419],[24.748992,41.781358],[24.74558,41.790672],[24.736111,41.799853],[24.740671,41.802812],[24.757309,41.804066],[24.759968,41.814259],[24.766833329,41.816386427],[24.765035,41.82175],[24.766488,41.824349],[24.7670411,41.8246017],[24.776283,41.82352],[24.778394,41.8232],[24.771239,41.82813],[24.775029925,41.832016474],[24.760774,41.869378],[24.662432,41.907209],[24.549321,41.871657],[24.538543,41.885373],[24.531821,41.885277],[24.519288,41.893347],[24.520197741,41.906938041],[24.510512,41.918171],[24.505007,41.918093]],[[25.1602305,42.1419211],[25.1608843,42.1420665],[25.1611135,42.1425062],[25.160362784,42.142863173],[25.1602305,42.1419211]],[[25.160436672,42.143312559],[25.1602695,42.1431971],[25.160362784,42.142863173],[25.160436672,42.143312559]],[[25.16661355,42.18021549],[25.166613,42.1802172],[25.1665045,42.1802167],[25.16661355,42.18021549]],[[25.2598128,42.1843998],[25.259815413,42.184396479],[25.259835,42.184407],[25.2598128,42.1843998]]]]}},{"type":"Feature","properties":{"slug":"razgrad","name_bg":"Разград","name_en":"Razgrad","source":"OpenStreetMap contributors, ODbL 1.0"},"geometry":{"type":"MultiPolygon","coordinates":[[[[26.348425713,43.499387949],[26.348566225,43.499352446],[26.3484352,43.4993211],[26.348425713,43.499387949]]],[[[26.3436089,43.500605],[26.3480252,43.49979],[26.348425713,43.499387949],[26.3436089,43.500605]]],[[[26.3100682,43.5238038],[26.319301,43.5223602],[26.3332469,43.5139795],[26.3318469,43.5109983],[26.3385109,43.5047653],[26.3451152,43.5028988],[26.3436089,43.500605],[26.3100682,43.5238038]]],[[[26.305404651,43.524986108],[26.3071467,43.5249155],[26.3100682,43.5238038],[26.305404651,43.524986108]]],[[[26.305227,43.5249888],[26.2999205,43.5250632],[26.2911033,43.5286118],[26.305404651,43.524986108],[26.305227,43.5249888]]],[[[26.2910686,43.52862],[26.289373,43.5289862],[26.288807861,43.5302899],[26.2911033,43.5286118],[26.2910686,43.52862]]],[[[26.287173157,43.531484965],[26.2880792,43.5316943],[26.288807861,43.5302899],[26.287173157,43.531484965]]],[[[26.2871623,43.5314796],[26.2824174,43.5322136],[26.2819963,43.5345099],[26.28246436,43.534927371],[26.2871623,43.5314796]]],[[[26.277371851,43.538650293],[26.281368,43.5391545],[26.280517,43.5363872],[26.2834308,43.5352275],[26.28246436,43.534927371],[26.277371851,43.538650293]]],[[[26.2771733,43.5385658],[26.2714239,43.5368237],[26.266013,43.5421521],[26.2702083,43.5415387],[26.269552742,43.54436652],[26.2771733,43.5385658]]],[[[26.2551174,43.5549196],[26.2676212,43.549758],[26.269552742,43.54436652],[26.2551174,43.5549196]]],[[[26.2551001,43.5548998],[26.2550407,43.5548377],[26.254944964,43.554749042],[26.2551174,43.5549196],[26.2551001,43.5548998]]],[[[26.2221642,43.5223252],[26.2191286,43.5296587],[26.2244851,43.5298886],[26.2193056,43.5356837],[26.2318458,43.5413295],[26.2219726,43.5470248],[26.2305244,43.5511375],[26.247162,43.5490616],[26.2495841,43.5542924],[26.254944964,43.554749042],[26.2221642,43.5223252]]],[[[26.189299849,43.51743697],[26.2004128,43.5230632],[26.2000726,43.525622],[26.2221642,43.5223252],[26.189299849,43.51743697]]],[[[26.1891904,43.5173919],[26.1889807,43.5173895],[26.189299849,43.51743697],[26.1891904,43.5173919]]],[[[26.1886462,43.5176498],[26.188408,43.5178973],[26.187853254,43.51870975],[26.1889807,43.5173895],[26.1886462,43.5176498]]],[[[26.157719043,43.553997198],[26.1726639,43.5447359],[26.1754269,43.540723],[26.1722324,43.5378412],[26.1832701,43.5376978],[26.1776655,43.5314703],[26.1833547,43.5309288],[26.187853254,43.51870975],[26.157719043,43.553997198]]],[[[26.1577054,43.5540025],[26.1564053,43.5545372],[26.156364477,43.555583408],[26.157719043,43.553997198],[26.1577054,43.5540025]]],[[[26.1536277,43.5587882],[26.156675,43.5566345],[26.156364477,43.555583408],[26.1536277,43.5587882]]],[[[26.153631229,43.558810689],[26.1536338,43.5587882],[26.1536277,43.5587882],[26.153631229,43.558810689]]],[[[26.153603,43.5590576],[26.1534344,43.5602641],[26.154102505,43.561814116],[26.153631229,43.558810689],[26.153603,43.5590576]]],[[[26.15414829,43.562105904],[26.1541645,43.5619219],[26.154102505,43.561814116],[26.15414829,43.562105904]]],[[[26.1541315,43.5622965],[26.1533272,43.5654187],[26.155755905,43.572351176],[26.15414829,43.562105904],[26.1541315,43.5622965]]],[[[26.159710272,43.597552219],[26.1586211,43.581103],[26.1609324,43.5780478],[26.1586313,43.5788267],[26.155755905,43.572351176],[26.159710272,43.597552219]]],[[[26.1595085,43.5999223],[26.1630823,43.6235284],[26.164958,43.6309958],[26.159710272,43.597552219],[26.1595085,43.5999223]]],[[[26.1647348,43.6310992],[26.1644012,43.6313564],[26.16434776,43.631693721],[26.164958,43.6309958],[26.1647348,43.6310992]]],[[[26.1624497,43.6338645],[26.1646578,43.6335564],[26.16434776,43.631693721],[26.1624497,43.6338645]]],[[[26.1627671,43.6343499],[26.1631472,43.6357866],[26.166284594,43.63576299],[26.1624497,43.6338645],[26.1627671,43.6343499]]],[[[26.2181413,43.661435],[26.2236577,43.6459831],[26.2035622,43.6387159],[26.2006485,43.6441101],[26.1942752,43.6382984],[26.1977379,43.6357909],[26.166284594,43.63576299],[26.2181413,43.661435]]],[[[26.23137122,43.660617335],[26.2258506,43.6577675],[26.2181413,43.661435],[26.23137122,43.660617335]]],[[[26.2316784,43.6609403],[26.2244776,43.6637122],[26.2340419,43.6712503],[26.2394742,43.6718484],[26.2412504,43.6672888],[26.235474351,43.660363744],[26.2316784,43.6609403]]],[[[26.241625871,43.659983554],[26.2388624,43.6583496],[26.235474351,43.660363744],[26.241625871,43.659983554]]],[[[26.2418071,43.6606068],[26.2432406,43.6628791],[26.252132138,43.659334222],[26.241625871,43.659983554],[26.2418071,43.6606068]]],[[[26.273925867,43.657987278],[26.2746408,43.6544417],[26.2667387,43.6531366],[26.2561498,43.6551294],[26.252132138,43.659334222],[26.273925867,43.657987278]]],[[[26.2737186,43.6580709],[26.2676558,43.6589965],[26.2668455,43.6618517],[26.279406,43.6637938],[26.2865994,43.657204],[26.2737186,43.6580709]]],[[[26.3176693,43.6184871],[26.3034355,43.6274679],[26.2917613,43.6277321],[26.2922676,43.6332608],[26.2812914,43.6456444],[26.2859936,43.6535744],[26.283631963,43.6573874],[26.2865994,43.657204],[26.3176693,43.6184871]]],[[[26.3504744,43.6389183],[26.3476687,43.633214],[26.3176693,43.6184871],[26.3504744,43.6389183]]],[[[26.350606491,43.638892344],[26.3505683,43.6388102],[26.3504744,43.6389183],[26.350606491,43.638892344]]],[[[26.3506306,43.6389442],[26.3619234,43.6379894],[26.362968401,43.636463231],[26.350606491,43.638892344],[26.3506306,43.6389442]]],[[[26.375310144,43.63403808],[26.3702068,43.6324173],[26.3758988,43.6296867],[26.367614,43.6287922],[26.3691435,43.631497],[26.362968401,43.636463231],[26.375310144,43.63403808]]],[[[26.3769614,43.6341361],[26.3898916,43.6342944],[26.3923175,43.6311606],[26.4071569,43.6297943],[26.406295448,43.627949473],[26.3769614,43.6341361]]],[[[26.4079518,43.627624],[26.4069089,43.6274458],[26.406295448,43.627949473],[26.4079518,43.627624]]],[[[26.4085974,43.6288431],[26.4155509,43.6364519],[26.422125579,43.639092781],[26.4079518,43.627624],[26.4085974,43.6288431]]],[[[26.431915802,43.647014586],[26.4282793,43.6410083],[26.422125579,43.639092781],[26.431915802,43.647014586]]],[[[26.4321252,43.6477402],[26.4339945,43.6517427],[26.43905082,43.65278792],[26.431915802,43.647014586],[26.4321252,43.6477402]]],[[[26.4423645,43.6554692],[26.4425486,43.6536962],[26.43905082,43.65278792],[26.4423645,43.6554692]]],[[[26.4411803,43.6579062],[26.443016871,43.658135616],[26.4423645,43.6554692],[26.4411803,43.6579062]]],[[[26.445208032,43.66709149],[26.4484637,43.6617718],[26.4452512,43.662046],[26.443016871,43.658135616],[26.445208032,43.66709149]]],[[[26.4450245,43.6673207],[26.4450503,43.6675871],[26.4455167,43.6683531],[26.445208032,43.66709149],[26.4450245,43.6673207]]],[[[26.4454734,43.6683792],[26.4306236,43.6771356],[26.4164952,43.6851437],[26.418756981,43.68707176],[26.4454734,43.6683792]]],[[[26.4100511,43.6931616],[26.4187509,43.6934186],[26.418756981,43.68707176],[26.4100511,43.6931616]]],[[[26.4100929,43.6938762],[26.4102917,43.696468],[26.420205857,43.707157382],[26.4100511,43.6931616],[26.4100929,43.6938762]]],[[[26.4274382,43.717125351],[26.4261816,43.7112098],[26.420205857,43.707157382],[26.4274382,43.717125351]]],[[[26.4274525,43.7173953],[26.4279468,43.7182846],[26.4296694,43.7202005],[26.4274382,43.717125351],[26.4274525,43.7173953]]],[[[26.4295922,43.7204904],[26.4250812,43.7285751],[26.4296432,43.7292054],[26.4274295,43.7373365],[26.445936452,43.743541217],[26.4295922,43.7204904]]],[[[26.4566916,43.7589732],[26.4536566,43.7508905],[26.458055,43.7514084],[26.4594738,43.7499909],[26.4566999,43.749944],[26.4533324,43.7431374],[26.445936452,43.743541217],[26.4566916,43.7589732]]],[[[26.428487237,43.785924524],[26.4382446,43.7883331],[26.4411922,43.781385],[26.4515277,43.780159],[26.4512054,43.7684384],[26.4557912,43.7692424],[26.4588882,43.7661591],[26.4553614,43.7635551],[26.4566916,43.7589732],[26.428487237,43.785924524]]],[[[26.4284186,43.7859296],[26.4263491,43.7868789],[26.4246212,43.7887237],[26.4253729,43.7889005],[26.4284186,43.7859296]]],[[[26.41885718,43.787907485],[26.4228434,43.7896932],[26.4253729,43.7889005],[26.4252265,43.7889326],[26.41885718,43.787907485]]],[[[26.4187998,43.7878396],[26.4119184,43.7816567],[26.4038862,43.7838274],[26.3963004,43.7809657],[26.391163706,43.78368692],[26.4187998,43.7878396]]],[[[26.389304503,43.783403572],[26.3899054,43.7846901],[26.391163706,43.78368692],[26.389304503,43.783403572]]],[[[26.3893167,43.7833282],[26.3690172,43.773232],[26.351518,43.7776448],[26.389304503,43.783403572],[26.3893167,43.7833282]]],[[[26.352293603,43.800073742],[26.3588282,43.7893911],[26.351518,43.7776448],[26.352293603,43.800073742]]],[[[26.3519812,43.8004147],[26.352306001,43.800432254],[26.352293603,43.800073742],[26.3519812,43.8004147]]],[[[26.352618304,43.809463457],[26.3565498,43.8025491],[26.3559309,43.8007003],[26.352306001,43.800432254],[26.352618304,43.809463457]]],[[[26.3524794,43.8095808],[26.3470303,43.8163078],[26.353111568,43.823727676],[26.352618304,43.809463457],[26.3524794,43.8095808]]],[[[26.3535059,43.835131],[26.3569991,43.8324884],[26.353111568,43.823727676],[26.3535059,43.835131]]],[[[26.3183026,43.8636699],[26.3391701,43.8639842],[26.3339535,43.8613646],[26.3414826,43.8552466],[26.3409604,43.851909],[26.3451953,43.8507034],[26.3437473,43.8465567],[26.3535059,43.835131],[26.3183026,43.8636699]]],[[[26.3181595,43.8639349],[26.3190588,43.8651408],[26.31996398,43.865891476],[26.3183026,43.8636699],[26.3181595,43.8639349]]],[[[26.3209667,43.8672323],[26.3204095,43.8662974],[26.31996398,43.865891476],[26.3209667,43.8672323]]],[[[26.3211113,43.8673666],[26.3231571,43.8683676],[26.326007623,43.868434262],[26.3209667,43.8672323],[26.3211113,43.8673666]]],[[[26.37205241,43.879413225],[26.3727504,43.8749213],[26.3409711,43.8662351],[26.326007623,43.868434262],[26.37205241,43.879413225]]],[[[26.3721027,43.8794748],[26.3721668,43.8794405],[26.37205241,43.879413225],[26.3721027,43.8794748]]],[[[26.3720688,43.8801895],[26.371969,43.8812324],[26.372046147,43.881307094],[26.3721668,43.8794405],[26.3720688,43.8801895]]],[[[26.369313964,43.923575904],[26.3731313,43.8912897],[26.3769264,43.8893777],[26.372046147,43.881307094],[26.369313964,43.923575904]]],[[[26.3689158,43.9235953],[26.3686135,43.9236159],[26.368721726,43.932738237],[26.369313964,43.923575904],[26.3689158,43.9235953]]],[[[26.3686655,43.9336081],[26.3687285,43.9330156],[26.368721726,43.932738237],[26.3686655,43.9336081]]],[[[26.373230349,43.936835124],[26.3752083,43.9341926],[26.3686655,43.9336081],[26.373230349,43.936835124]]],[[[26.3729935,43.9371507],[26.3707055,43.9393933],[26.3762844,43.9412735],[26.375232,43.9461291],[26.3892298,43.9481456],[26.3729935,43.9371507]]],[[[26.407164399,43.946921498],[26.3968468,43.946564],[26.3892298,43.9481456],[26.407164399,43.946921498]]],[[[26.4074673,43.9473915],[26.4142911,43.94937],[26.4166437,43.9465454],[26.4304957,43.9525976],[26.4356468,43.948811],[26.4539025,43.9510395],[26.4605681,43.9432765],[26.407164399,43.946921498],[26.4074673,43.9473915]]],[[[26.462385489,43.944360586],[26.4626124,43.9433692],[26.4605681,43.9432765],[26.462385489,43.944360586]]],[[[26.4623366,43.9445425],[26.4605943,43.9463696],[26.4730853,43.9507431],[26.462385489,43.944360586],[26.4623366,43.9445425]]],[[[26.473466163,43.950939513],[26.4733779,43.950873],[26.4730853,43.9507431],[26.473466163,43.950939513]]],[[[26.473776,43.951173],[26.4742021,43.9513528],[26.4742505,43.951344],[26.473466163,43.950939513],[26.473776,43.951173]]],[[[26.474273936,43.951321473],[26.4742386,43.9513369],[26.4742505,43.951344],[26.474273936,43.951321473]]],[[[26.474513,43.9512171],[26.474547008,43.951058987],[26.474273936,43.951321473],[26.474513,43.9512171]]],[[[26.502441841,43.924245557],[26.4947728,43.9232218],[26.477303,43.9403134],[26.474547008,43.951058987],[26.502441841,43.924245557]]],[[[26.5024915,43.9242525],[26.508693,43.9250814],[26.5098528,43.9171219],[26.502441841,43.924245557],[26.5024915,43.9242525]]],[[[26.5439681,43.9285674],[26.5438671,43.9283421],[26.5103965,43.9147511],[26.5098528,43.9171219],[26.5439681,43.9285674]]],[[[26.5463995,43.9358454],[26.5461536,43.9333792],[26.5439681,43.9285674],[26.5463995,43.9358454]]],[[[26.5464009,43.9358467],[26.546426124,43.935845549],[26.5463995,43.9358454],[26.5464009,43.9358467]]],[[[26.549362,43.935862],[26.5480607,43.9358193],[26.546426124,43.935845549],[26.549362,43.935862]]],[[[26.555130999,43.933232467],[26.5489088,43.9332931],[26.549362,43.935862],[26.555130999,43.933232467]]],[[[26.5579702,43.9332048],[26.5726432,43.9330153],[26.571861,43.9283269],[26.579822479,43.921977991],[26.555130999,43.933232467],[26.5579702,43.9332048]]],[[[26.588519893,43.918013674],[26.584833,43.9187024],[26.579822479,43.921977991],[26.588519893,43.918013674]]],[[[26.5885624,43.9180211],[26.5928851,43.917591],[26.594287339,43.915384849],[26.588519893,43.918013674],[26.5885624,43.9180211]]],[[[26.594357531,43.915352855],[26.5943065,43.9153683],[26.594287339,43.915384849],[26.594357531,43.915352855]]],[[[26.594514,43.9153055],[26.598126,43.9152801],[26.5989706,43.9132502],[26.594357531,43.915352855],[26.594514,43.9153055]]],[[[26.59770543,43.910900269],[26.5977391,43.9114032],[26.5989706,43.9132502],[26.59770543,43.910900269]]],[[[26.5977066,43.9108395],[26.5994041,43.9050158],[26.594062119,43.904133171],[26.59770543,43.910900269],[26.5977066,43.9108395]]],[[[26.592712936,43.901627192],[26.5920108,43.9037876],[26.594062119,43.904133171],[26.592712936,43.901627192]]],[[[26.5963197,43.8905295],[26.586147,43.8894316],[26.592712936,43.901627192],[26.5963197,43.8905295]]],[[[26.603749802,43.880033889],[26.5865535,43.883185],[26.5834227,43.888142],[26.586147,43.8894316],[26.603749802,43.880033889]]],[[[26.6192488,43.8772751],[26.6211764,43.87386],[26.6398547,43.8701506],[26.6407552,43.8602776],[26.603749802,43.880033889],[26.6192488,43.8772751]]],[[[26.6480778,43.8610596],[26.6411442,43.8602368],[26.6407552,43.8602776],[26.6480778,43.8610596]]],[[[26.647355565,43.865940485],[26.6480253,43.8624467],[26.6480778,43.8610596],[26.647355565,43.865940485]]],[[[26.6473202,43.8660736],[26.6469124,43.8677424],[26.6469037,43.8689942],[26.647355565,43.865940485],[26.6473202,43.8660736]]],[[[26.647480127,43.868779278],[26.647107,43.8688743],[26.6469037,43.8689942],[26.647480127,43.868779278]]],[[[26.6476824,43.8687921],[26.6512644,43.8700948],[26.6654423,43.8635658],[26.664408685,43.862467422],[26.6476824,43.8687921]]],[[[26.701913723,43.848483575],[26.6990296,43.8455269],[26.6796423,43.8505139],[26.6770329,43.8551799],[26.6635505,43.8615693],[26.701913723,43.848483575]]],[[[26.7021305,43.8484618],[26.7063816,43.84788],[26.707382775,43.846444426],[26.701913723,43.848483575],[26.7021305,43.8484618]]],[[[26.718805465,43.842185447],[26.7136713,43.8430363],[26.707382775,43.846444426],[26.718805465,43.842185447]]],[[[26.7188213,43.8421838],[26.7194805,43.8420505],[26.7212052,43.8412907],[26.718805465,43.842185447],[26.7188213,43.8421838]]],[[[26.722753624,43.843063597],[26.7226414,43.8414393],[26.7238281,43.8395136],[26.7212052,43.8412907],[26.722753624,43.843063597]]],[[[26.7234667,43.8533844],[26.7244273,43.8587408],[26.7354607,43.8576128],[26.7288623,43.8547751],[26.7289176,43.8503297],[26.722753624,43.843063597],[26.7234667,43.8533844]]],[[[26.735544,43.8576089],[26.735483164,43.857586362],[26.7354607,43.8576128],[26.735544,43.8576089]]],[[[26.743545591,43.848097747],[26.7310686,43.8481765],[26.728091927,43.849175786],[26.735483164,43.857586362],[26.743545591,43.848097747]]],[[[26.7449243,43.8479443],[26.7457018,43.8478112],[26.745465358,43.845838387],[26.743545591,43.848097747],[26.7449243,43.8479443]]],[[[26.747879511,43.842997186],[26.7447964,43.8434515],[26.745465358,43.845838387],[26.747879511,43.842997186]]],[[[26.7512517,43.8427747],[26.7534256,43.8449233],[26.763629,43.8446379],[26.7524667,43.8423257],[26.756231648,43.833167612],[26.747879511,43.842997186],[26.7512517,43.8427747]]],[[[26.766677295,43.820874201],[26.7526777,43.8216458],[26.7602119,43.8248838],[26.7525966,43.830353],[26.756231648,43.833167612],[26.766677295,43.820874201]]],[[[26.766955,43.8208636],[26.7748428,43.8199579],[26.7763834,43.8180921],[26.771717201,43.814942771],[26.766955,43.8208636]]],[[[26.7748794,43.8112212],[26.7717105,43.8120975],[26.771717201,43.814942771],[26.7748794,43.8112212]]],[[[26.7765394,43.8115868],[26.7778157,43.8121171],[26.7815368,43.8121084],[26.7748794,43.8112212],[26.7765394,43.8115868]]],[[[26.7813845,43.8121638],[26.7796416,43.8122203],[26.782699499,43.813624923],[26.7815368,43.8121084],[26.7813845,43.8121638]]],[[[26.782966546,43.813973236],[26.7830518,43.8137881],[26.782699499,43.813624923],[26.782966546,43.813973236]]],[[[26.7829445,43.8140168],[26.7830524,43.8147038],[26.783881195,43.815166224],[26.782966546,43.813973236],[26.7829445,43.8140168]]],[[[26.784428896,43.815880597],[26.7845315,43.8155631],[26.783881195,43.815166224],[26.784428896,43.815880597]]],[[[26.7844213,43.8159041],[26.7773109,43.8132723],[26.7753649,43.8144432],[26.7795839,43.8157518],[26.7776603,43.8214233],[26.786479693,43.818555477],[26.7844213,43.8159041]]],[[[26.790405731,43.823676258],[26.7923931,43.8182797],[26.786479693,43.818555477],[26.790405731,43.823676258]]],[[[26.7903259,43.8238564],[26.7900736,43.8253744],[26.7962171,43.8312561],[26.790405731,43.823676258],[26.7903259,43.8238564]]],[[[26.820272577,43.83796243],[26.8151831,43.8242382],[26.8079915,43.8219508],[26.7962171,43.8312561],[26.820272577,43.83796243]]],[[[26.8203303,43.8380811],[26.8207788,43.8386291],[26.82136385,43.838266662],[26.820272577,43.83796243],[26.8203303,43.8380811]]],[[[26.828872532,43.840359977],[26.8235225,43.836945],[26.82136385,43.838266662],[26.828872532,43.840359977]]],[[[26.8289885,43.8405084],[26.8342848,43.8484185],[26.8411439,43.8443732],[26.8404148,43.8435778],[26.8289885,43.8405084]]],[[[26.857387,43.8226515],[26.8520548,43.8230297],[26.8416539,43.8303938],[26.8374898,43.8412674],[26.8404148,43.8435778],[26.857387,43.8226515]]],[[[26.8573991,43.8224725],[26.857398014,43.822456099],[26.857387,43.8226515],[26.8573991,43.8224725]]],[[[26.8582576,43.8072067],[26.8565705,43.8145089],[26.857398014,43.822456099],[26.8582576,43.8072067]]],[[[26.8582591,43.807207],[26.8599599,43.8076917],[26.8597512,43.8046642],[26.8582576,43.8072067],[26.8582591,43.807207]]],[[[26.8597647,43.8046618],[26.8948656,43.8023751],[26.896539555,43.798079205],[26.8597512,43.8046642],[26.8597647,43.8046618]]],[[[26.8987318,43.7976868],[26.8972113,43.7962655],[26.896539555,43.798079205],[26.8987318,43.7976868]]],[[[26.8988739,43.797805],[26.9028299,43.795015],[26.902785086,43.790673825],[26.8987318,43.7976868],[26.8988739,43.797805]]],[[[26.903285477,43.789808051],[26.902922,43.7900174],[26.902785086,43.790673825],[26.903285477,43.789808051]]],[[[26.9034121,43.7897436],[26.9058515,43.7868995],[26.905960251,43.78518017],[26.903285477,43.789808051],[26.9034121,43.7897436]]],[[[26.906029442,43.785060458],[26.905969,43.7850862],[26.905960251,43.78518017],[26.906029442,43.785060458]]],[[[26.9060655,43.7850451],[26.9069284,43.7847799],[26.9067903,43.7838762],[26.906728924,43.783850217],[26.9060655,43.7850451]]],[[[26.910241817,43.777772227],[26.9060066,43.7821158],[26.9057757,43.7834681],[26.906728924,43.783850217],[26.910241817,43.777772227]]],[[[26.9108181,43.7771812],[26.9138307,43.7739241],[26.9163586,43.767189],[26.910241817,43.777772227],[26.9108181,43.7771812]]],[[[26.9163906,43.7672023],[26.9164553,43.7670332],[26.9163586,43.767189],[26.9163906,43.7672023]]],[[[26.9388971,43.7634049],[26.9337137,43.7626793],[26.9161809,43.7611935],[26.9164553,43.7670332],[26.9388971,43.7634049]]],[[[26.9389777,43.7633979],[26.9365306,43.7595079],[26.9388971,43.7634049],[26.9389777,43.7633979]]],[[[26.9389043,43.7585403],[26.9635018,43.7477922],[26.9614686,43.7461923],[26.9702577,43.7419305],[26.9679835,43.7378695],[26.9713382,43.734831],[26.9365306,43.7595079],[26.9389043,43.7585403]]],[[[26.971562666,43.734601992],[26.9714887,43.7346365],[26.9713382,43.734831],[26.971562666,43.734601992]]],[[[26.9721343,43.7343353],[26.973275,43.7337879],[26.9740794,43.7335256],[26.972930594,43.733206382],[26.9721343,43.7343353]]],[[[26.994252223,43.711453288],[26.9864204,43.7115789],[26.9865603,43.7170459],[26.9686661,43.7263207],[26.9687612,43.7302235],[26.972930594,43.733206382],[26.994252223,43.711453288]]],[[[26.9942936,43.711453],[26.9942923,43.7114124],[26.994252223,43.711453288],[26.9942936,43.711453]]],[[[26.9943728,43.7114014],[27.002187,43.7114156],[27.0018892,43.6969264],[26.9942923,43.7114124],[26.9943728,43.7114014]]],[[[27.007272544,43.690556603],[27.0019581,43.6916739],[27.0018892,43.6969264],[27.007272544,43.690556603]]],[[[27.0073672,43.6905364],[27.0113683,43.6898781],[27.015431,43.6812598],[27.015254818,43.681111644],[27.0073672,43.6905364]]],[[[27.020412713,43.675008608],[27.0138723,43.6710643],[27.0114363,43.6741109],[27.015254818,43.681111644],[27.020412713,43.675008608]]],[[[27.0208681,43.6751444],[27.0259331,43.6769043],[27.027935,43.6668822],[27.027383498,43.666760484],[27.0208681,43.6751444]]],[[[27.029175408,43.664640222],[27.0242137,43.665132],[27.0225106,43.6661544],[27.027383498,43.666760484],[27.029175408,43.664640222]]],[[[27.0293159,43.6645998],[27.0296571,43.6647231],[27.0303853,43.6650699],[27.02965738,43.664069932],[27.0293159,43.6645998]]],[[[27.0352517,43.6574505],[27.0268897,43.6595701],[27.02965738,43.664069932],[27.0352517,43.6574505]]],[[[27.0289795,43.6511406],[27.0311272,43.6534786],[27.0352517,43.6574505],[27.0289795,43.6511406]]],[[[27.0285219,43.6507195],[27.022839952,43.650790362],[27.0289795,43.6511406],[27.0285219,43.6507195]]],[[[26.9850011,43.6486318],[26.9892364,43.6525272],[27.0004649,43.6498928],[27.002856,43.6538561],[27.022839952,43.650790362],[26.9850011,43.6486318]]],[[[26.9849947,43.6486225],[26.9831062,43.6416039],[26.972136847,43.633534137],[26.9850011,43.6486318],[26.9849947,43.6486225]]],[[[26.9645246,43.6246003],[26.9638771,43.6276952],[26.972136847,43.633534137],[26.9645246,43.6246003]]],[[[26.9645703,43.624475],[26.964411739,43.624300696],[26.9645246,43.6246003],[26.9645703,43.624475]]],[[[26.964181356,43.623689116],[26.9642752,43.6241506],[26.964411739,43.624300696],[26.964181356,43.623689116]]],[[[26.9641672,43.6236195],[26.964139194,43.62357719],[26.964181356,43.623689116],[26.9641672,43.6236195]]],[[[26.96380637,43.622693665],[26.9638557,43.6231489],[26.964139194,43.62357719],[26.96380637,43.622693665]]],[[[26.9638808,43.6223513],[26.9634608,43.6213656],[26.963192522,43.621064125],[26.96380637,43.622693665],[26.9638808,43.6223513]]],[[[26.963036737,43.620650574],[26.9631044,43.6209651],[26.963192522,43.621064125],[26.963036737,43.620650574]]],[[[26.9629804,43.6203887],[26.962907375,43.620307167],[26.963036737,43.620650574],[26.9629804,43.6203887]]],[[[26.961855822,43.617515685],[26.9625298,43.6198856],[26.962907375,43.620307167],[26.961855822,43.617515685]]],[[[26.9618441,43.6174808],[26.961836841,43.617465297],[26.961855822,43.617515685],[26.9618441,43.6174808]]],[[[26.961250127,43.615907789],[26.9613735,43.6164757],[26.961836841,43.617465297],[26.961250127,43.615907789]]],[[[26.9608513,43.6140719],[26.9605054,43.6094756],[26.95803108,43.607362412],[26.961250127,43.615907789],[26.9608513,43.6140719]]],[[[26.9575657,43.606127],[26.9574669,43.6067909],[26.95803108,43.607362412],[26.9575657,43.606127]]],[[[26.9573587,43.6060051],[26.9570729,43.6059331],[26.956911842,43.605950503],[26.9575657,43.606127],[26.9573587,43.6060051]]],[[[26.952126031,43.604658663],[26.9534744,43.6063331],[26.956911842,43.605950503],[26.952126031,43.604658663]]],[[[26.9513748,43.6036316],[26.950073058,43.604104502],[26.952126031,43.604658663],[26.9513748,43.6036316]]],[[[26.945544663,43.602882146],[26.949002,43.6044936],[26.950073058,43.604104502],[26.945544663,43.602882146]]],[[[26.9452432,43.6027484],[26.9237273,43.5933327],[26.908910414,43.592993417],[26.945544663,43.602882146],[26.9452432,43.6027484]]],[[[26.907991623,43.592745407],[26.9087303,43.5930022],[26.908910414,43.592993417],[26.907991623,43.592745407]]],[[[26.9070106,43.5921591],[26.9062878,43.5919717],[26.9051957,43.5919907],[26.907991623,43.592745407],[26.9070106,43.5921591]]],[[[26.904702,43.5920242],[26.9046354,43.5924918],[26.904799188,43.593819716],[26.9051957,43.5919907],[26.904702,43.5920242]]],[[[26.904049441,43.59727812],[26.9048146,43.5953449],[26.904799188,43.593819716],[26.904049441,43.59727812]]],[[[26.9038378,43.5976008],[26.903806902,43.598396894],[26.904049441,43.59727812],[26.9038378,43.5976008]]],[[[26.903499746,43.599813735],[26.9037589,43.5996337],[26.903806902,43.598396894],[26.903499746,43.599813735]]],[[[26.9032833,43.5999641],[26.903413489,43.600211618],[26.903499746,43.599813735],[26.9032833,43.5999641]]],[[[26.903401458,43.600267112],[26.9034301,43.6002432],[26.903413489,43.600211618],[26.903401458,43.600267112]]],[[[26.9032987,43.6003529],[26.9018394,43.6012102],[26.902003677,43.606714743],[26.903401458,43.600267112],[26.9032987,43.6003529]]],[[[26.9019362,43.607026],[26.9020035,43.6067295],[26.902003677,43.606714743],[26.9019362,43.607026]]],[[[26.899335636,43.608224595],[26.9007642,43.6075702],[26.9019362,43.607026],[26.899335636,43.608224595]]],[[[26.8970644,43.609265],[26.8940325,43.6106688],[26.899335636,43.608224595],[26.8970644,43.609265]]],[[[26.893241641,43.610071721],[26.8934924,43.6104442],[26.8940325,43.6106688],[26.893241641,43.610071721]]],[[[26.8931121,43.6098793],[26.8853837,43.6013056],[26.8782855,43.5987802],[26.893241641,43.610071721],[26.8931121,43.6098793]]],[[[26.8782965,43.5987637],[26.878261989,43.598748832],[26.8782855,43.5987802],[26.8782965,43.5987637]]],[[[26.870091521,43.587847869],[26.8639895,43.5926],[26.878261989,43.598748832],[26.870091521,43.587847869]]],[[[26.8730823,43.5858183],[26.8719952,43.5834878],[26.8635134,43.5790714],[26.870091521,43.587847869],[26.8730823,43.5858183]]],[[[26.8641428,43.5785406],[26.867086,43.5764559],[26.8681256,43.5738344],[26.8635134,43.5790714],[26.8641428,43.5785406]]],[[[26.8697495,43.5713112],[26.8681561,43.5721529],[26.8672472,43.5735315],[26.86780946,43.573725385],[26.8697495,43.5713112]]],[[[26.867449,43.5704842],[26.8626474,43.5681841],[26.8620916,43.5642274],[26.8532633,43.5604291],[26.8518534,43.5638502],[26.8274839,43.5599527],[26.827765246,43.563492162],[26.8697495,43.5713112],[26.867449,43.5704842]]],[[[26.8161158,43.5613226],[26.8253203,43.5638079],[26.8279993,43.5648279],[26.827765246,43.563492162],[26.8161158,43.5613226]]],[[[26.807625382,43.547264884],[26.8006778,43.5523528],[26.8161158,43.5613226],[26.807625382,43.547264884]]],[[[26.8085359,43.5466445],[26.8063109,43.5431549],[26.7956127,43.5273753],[26.807625382,43.547264884],[26.8085359,43.5466445]]],[[[26.7967592,43.527288],[26.8012422,43.5272376],[26.8031217,43.5320608],[26.8068345,43.5322005],[26.8172386,43.5224879],[26.8242026,43.5044161],[26.7967592,43.527288]]],[[[26.8242106,43.5043889],[26.82417641,43.504390052],[26.8242026,43.5044161],[26.8242106,43.5043889]]],[[[26.824012808,43.50422734],[26.8239287,43.5043984],[26.82417641,43.504390052],[26.824012808,43.50422734]]],[[[26.824049,43.5041675],[26.8257972,43.5016505],[26.81843445,43.498679307],[26.824012808,43.50422734],[26.824049,43.5041675]]],[[[26.8072793,43.4875848],[26.8115209,43.4941683],[26.81843445,43.498679307],[26.8072793,43.4875848]]],[[[26.806950015,43.487599946],[26.806934,43.4876755],[26.8072793,43.4875848],[26.806950015,43.487599946]]],[[[26.8070236,43.4872528],[26.80682,43.4865211],[26.803617397,43.487753241],[26.806950015,43.487599946],[26.8070236,43.4872528]]],[[[26.798792896,43.487975159],[26.8008294,43.4888833],[26.803617397,43.487753241],[26.798792896,43.487975159]]],[[[26.798781,43.4879718],[26.7898773,43.4851202],[26.786832299,43.488525324],[26.798792896,43.487975159],[26.798781,43.4879718]]],[[[26.772537967,43.489182837],[26.7809799,43.4921148],[26.786832299,43.488525324],[26.772537967,43.489182837]]],[[[26.772271,43.4891798],[26.7722279,43.4891971],[26.772537967,43.489182837],[26.772271,43.4891798]]],[[[26.7599831,43.4784841],[26.7634705,43.4842665],[26.7722279,43.4891971],[26.7599831,43.4784841]]],[[[26.7600548,43.4783497],[26.7650355,43.4728452],[26.7634385,43.4703478],[26.7698919,43.4679413],[26.765506,43.4640845],[26.7601796,43.4631508],[26.7600548,43.4783497]]],[[[26.759863269,43.463106207],[26.7599415,43.4631278],[26.7601796,43.4631508],[26.759863269,43.463106207]]],[[[26.7592169,43.4629278],[26.7407114,43.4577095],[26.7330286,43.4589772],[26.728381,43.4545245],[26.7258562,43.4582313],[26.720091933,43.457499687],[26.7592169,43.4629278]]],[[[26.7183654,43.4572563],[26.7193978,43.4574904],[26.720091933,43.457499687],[26.7183654,43.4572563]]],[[[26.715627503,43.455015353],[26.7158094,43.4573077],[26.7183654,43.4572563],[26.715627503,43.455015353]]],[[[26.7156266,43.4550006],[26.7156118,43.4550025],[26.715627503,43.455015353],[26.7156266,43.4550006]]],[[[26.729422797,43.444018079],[26.7195017,43.4473973],[26.7156118,43.4550025],[26.729422797,43.444018079]]],[[[26.7294336,43.4440122],[26.7313242,43.4431831],[26.7332339,43.4418227],[26.732584968,43.441503082],[26.7294336,43.4440122]]],[[[26.735620853,43.439088525],[26.7342181,43.440011],[26.7323893,43.441425],[26.732584968,43.441503082],[26.735620853,43.439088525]]],[[[26.7356273,43.4390867],[26.739578,43.4409071],[26.7454166,43.4363445],[26.7432995,43.4329814],[26.7356273,43.4390867]]],[[[26.735301628,43.41874892],[26.7361019,43.4213599],[26.7432995,43.4329814],[26.735301628,43.41874892]]],[[[26.7350357,43.4178813],[26.7350136,43.4172972],[26.734389971,43.417126597],[26.735301628,43.41874892],[26.7350357,43.4178813]]],[[[26.7304386,43.410095],[26.7303134,43.4103332],[26.7280674,43.410469],[26.7285254,43.4151223],[26.734389971,43.417126597],[26.7304386,43.410095]]],[[[26.730430367,43.410093006],[26.7304336,43.4100959],[26.7304386,43.410095],[26.730430367,43.410093006]]],[[[26.7303926,43.4100592],[26.7297309,43.4079631],[26.723481839,43.408409921],[26.730430367,43.410093006],[26.7303926,43.4100592]]],[[[26.6959033,43.4017298],[26.7004135,43.4077032],[26.723481839,43.408409921],[26.6959033,43.4017298]]],[[[26.6822127,43.4038196],[26.6829307,43.406357],[26.6959033,43.4017298],[26.6822127,43.4038196]]],[[[26.681448385,43.401470737],[26.6806404,43.4034843],[26.6822127,43.4038196],[26.681448385,43.401470737]]],[[[26.6852417,43.3920175],[26.6808852,43.3815841],[26.6724644,43.3738615],[26.681448385,43.401470737],[26.6852417,43.3920175]]],[[[26.669815067,43.372368035],[26.6708487,43.3731714],[26.6724644,43.3738615],[26.669815067,43.372368035]]],[[[26.6697667,43.3723193],[26.6662575,43.3700994],[26.66468465,43.369475948],[26.669815067,43.372368035],[26.6697667,43.3723193]]],[[[26.662893554,43.368466282],[26.6637634,43.3690912],[26.66468465,43.369475948],[26.662893554,43.368466282]]],[[[26.6626783,43.3683129],[26.6620028,43.3678834],[26.661771929,43.367834007],[26.662893554,43.368466282],[26.6626783,43.3683129]]],[[[26.6614707,43.3676642],[26.6616737,43.3678036],[26.661771929,43.367834007],[26.6614707,43.3676642]]],[[[26.6465476,43.3264068],[26.6453006,43.3396783],[26.6530305,43.3491105],[26.6513155,43.359702],[26.6614707,43.3676642],[26.6465476,43.3264068]]],[[[26.627023536,43.330216444],[26.6291507,43.3301139],[26.6465476,43.3264068],[26.627023536,43.330216444]]],[[[26.6264303,43.3302185],[26.6042583,43.3291564],[26.5997034,43.3355473],[26.627023536,43.330216444],[26.6264303,43.3302185]]],[[[26.567581712,43.344869099],[26.5802608,43.3412449],[26.5997034,43.3355473],[26.567581712,43.344869099]]],[[[26.5619923,43.3461972],[26.5620156,43.3464844],[26.567581712,43.344869099],[26.5619923,43.3461972]]],[[[26.5454497,43.3477087],[26.5608583,43.3467776],[26.5620156,43.3464844],[26.5454497,43.3477087]]],[[[26.545542266,43.347006524],[26.5454301,43.3473793],[26.5452345,43.3477208],[26.5454497,43.3477087],[26.545542266,43.347006524]]],[[[26.5455514,43.3469891],[26.5460461,43.3459172],[26.5457729,43.345257],[26.545542266,43.347006524],[26.5455514,43.3469891]]],[[[26.5457187,43.3451229],[26.5381177,43.3401963],[26.5282114,43.3452513],[26.4903976,43.3466972],[26.486549,43.3492724],[26.5457187,43.3451229]]],[[[26.4865138,43.3494296],[26.4837196,43.3563989],[26.4874709,43.3619639],[26.486549,43.3492724],[26.4865138,43.3494296]]],[[[26.477331,43.3618233],[26.4750316,43.3658319],[26.4802777,43.3701095],[26.4690259,43.3840597],[26.4717909,43.3866225],[26.4874709,43.3619639],[26.477331,43.3618233]]],[[[26.5093891,43.3872356],[26.5088985,43.3835534],[26.4717909,43.3866225],[26.5093891,43.3872356]]],[[[26.507802232,43.389789711],[26.5096135,43.3889268],[26.5093891,43.3872356],[26.507802232,43.389789711]]],[[[26.5032117,43.3919767],[26.4986179,43.4032944],[26.4962193,43.4031487],[26.49524,43.410009],[26.507802232,43.389789711],[26.5032117,43.3919767]]],[[[26.4942969,43.4101479],[26.4908261,43.4107055],[26.489080418,43.413948235],[26.49524,43.410009],[26.4942969,43.4101479]]],[[[26.486313893,43.415717511],[26.4871923,43.4154161],[26.489080418,43.413948235],[26.486313893,43.415717511]]],[[[26.4860863,43.4157567],[26.484352,43.4166146],[26.483413281,43.417572538],[26.486313893,43.415717511],[26.4860863,43.4157567]]],[[[26.480629798,43.419352658],[26.4821521,43.418527],[26.483413281,43.417572538],[26.480629798,43.419352658]]],[[[26.480612,43.4193624],[26.4787346,43.420338],[26.4771159,43.4215999],[26.480629798,43.419352658],[26.480612,43.4193624]]],[[[26.471002042,43.422314568],[26.4720335,43.4233052],[26.4771159,43.4215999],[26.471002042,43.422314568]]],[[[26.4708034,43.4222913],[26.4689643,43.4223081],[26.466226921,43.422872747],[26.471002042,43.422314568],[26.4708034,43.4222913]]],[[[26.4659895,43.4229005],[26.4660697,43.4229064],[26.466226921,43.422872747],[26.4659895,43.4229005]]],[[[26.4659879,43.422905],[26.4635152,43.4302292],[26.467225297,43.434481101],[26.4659895,43.4229005],[26.4659879,43.422905]]],[[[26.467324579,43.435411471],[26.4674775,43.4351],[26.467225297,43.434481101],[26.467324579,43.435411471]]],[[[26.467251,43.435569],[26.4664071,43.4373717],[26.4653668,43.4392344],[26.46773637,43.439270343],[26.467251,43.435569]]],[[[26.468259037,43.444168238],[26.4716549,43.4431771],[26.4735793,43.4372532],[26.46773637,43.439270343],[26.468259037,43.444168238]]],[[[26.4682519,43.4441698],[26.4682601,43.4441782],[26.468259037,43.444168238],[26.4682519,43.4441698]]],[[[26.403477741,43.436533307],[26.4223478,43.4450577],[26.4307904,43.4441137],[26.4306856,43.4463737],[26.4375025,43.4476396],[26.4624681,43.4477968],[26.4682601,43.4441782],[26.403477741,43.436533307]]],[[[26.4033443,43.4364326],[26.4002596,43.4358593],[26.397616158,43.435841588],[26.403477741,43.436533307],[26.4033443,43.4364326]]],[[[26.3777186,43.4334935],[26.3864981,43.439965],[26.3898603,43.4362963],[26.397616158,43.435841588],[26.3777186,43.4334935]]],[[[26.3776486,43.4335074],[26.367741,43.4377226],[26.3694082,43.4439838],[26.3605544,43.445764],[26.36144,43.4480107],[26.367741428,43.450387136],[26.3776486,43.4335074]]],[[[26.360535514,43.462588399],[26.3670335,43.4536865],[26.3685623,43.4508857],[26.367741428,43.450387136],[26.360535514,43.462588399]]],[[[26.3605142,43.4626187],[26.36051,43.4626316],[26.360535514,43.462588399],[26.3605142,43.4626187]]],[[[26.3753608,43.4883054],[26.3773206,43.4853702],[26.3717469,43.4776068],[26.3747194,43.4783936],[26.3740715,43.476386],[26.36051,43.4626316],[26.3753608,43.4883054]]],[[[26.370423904,43.490815796],[26.373469,43.4901593],[26.3753608,43.4883054],[26.370423904,43.490815796]]],[[[26.3703717,43.4908074],[26.3699569,43.490692],[26.36983497,43.491115267],[26.370423904,43.490815796],[26.3703717,43.4908074]]],[[[26.3586429,43.4968064],[26.3704263,43.4962618],[26.36983497,43.491115267],[26.3586429,43.4968064]]],[[[26.348566225,43.499352446],[26.3516935,43.4994965],[26.3586429,43.4968064],[26.348566225,43.499352446]]]]}},{"type":"Feature","properties":{"slug":"ruse","name_bg":"Русе","name_en":"Ruse","source":"OpenStreetMap contributors, ODbL 1.0"},"geometry":{"type":"MultiPolygon","coordinates":[[[[25.6637244,43.3950705],[25.6249886,43.3983329],[25.623990464,43.400365767],[25.6213374,43.4006955],[25.614879662,43.407667188],[25.606247,43.4066875],[25.6032163,43.4202588],[25.5881258,43.4240707],[25.587096898,43.426847279],[25.5835825,43.4254212],[25.585276782,43.427591215],[25.5751751,43.4306248],[25.572023597,43.433008186],[25.5554744,43.4363181],[25.550232683,43.44191478],[25.5412536,43.442904],[25.5407893,43.4477438],[25.5652389,43.4574611],[25.5612522,43.474519],[25.5636654,43.497375],[25.5707281,43.5045606],[25.5672487,43.5050679],[25.547706,43.5168793],[25.5455317,43.5104485],[25.5340739,43.5107053],[25.5326377,43.504184],[25.505918,43.5114973],[25.509936644,43.516065143],[25.4685418,43.5520205],[25.466172006,43.566007957],[25.457618,43.5708875],[25.4616603,43.5697629],[25.464164,43.57786],[25.4989872,43.5912866],[25.500948182,43.589690907],[25.5279593,43.5983785],[25.5264926,43.6015657],[25.529416721,43.602363307],[25.5436366,43.6412426],[25.5591797,43.6426393],[25.6476786,43.6843783],[25.6561017,43.6845083],[25.672132,43.6882492],[25.6779627,43.6885014],[25.7180008,43.6864931],[25.7602418,43.6995065],[25.8186467,43.7515632],[25.8619812,43.7697482],[25.948544,43.856174],[25.9528952,43.8591475],[25.9615017,43.8645533],[25.984835,43.8778212],[26.0029971,43.8865578],[26.0462958,43.9010193],[26.0741396,43.9305696],[26.0824687,43.946626],[26.1036721,43.9698038],[26.1392898,43.983845],[26.1785531,43.9889705],[26.1924523,43.9881258],[26.307291,44.027122],[26.3347745,44.0357073],[26.3398075,44.0363932],[26.3723184,44.0404483],[26.376569454,44.015844447],[26.3974918,44.0146829],[26.3973215,44.0095369],[26.4092217,44.0094683],[26.4063002,43.9939924],[26.4000623,43.9934434],[26.4006701,43.9896638],[26.3953508,43.9878394],[26.3823259,43.9866886],[26.38439326,43.970562553],[26.386945,43.9701181],[26.3869425,43.9558083],[26.3936626,43.9559989],[26.3939111,43.9503088],[26.3892343,43.9504968],[26.3892298,43.9481456],[26.373230349,43.936835124],[26.3752083,43.9341926],[26.3686655,43.9336081],[26.3731105,43.8913897],[26.3769264,43.8893777],[26.372046147,43.881307094],[26.3727504,43.8749213],[26.3407938,43.8662073],[26.326007623,43.868434262],[26.318444779,43.86386002],[26.3391701,43.8639842],[26.3339535,43.8613646],[26.3414826,43.8552466],[26.3409604,43.851909],[26.3451953,43.8507034],[26.3437473,43.8465567],[26.3569401,43.8328206],[26.353111568,43.823727676],[26.352618304,43.809463457],[26.3565594,43.802388],[26.352293603,43.800073742],[26.3588282,43.7893911],[26.351518,43.7776448],[26.4228434,43.7896932],[26.4251151,43.7891017],[26.4253729,43.7889005],[26.428487237,43.785924524],[26.4312664,43.7855771],[26.4382446,43.7883331],[26.4411922,43.781385],[26.4515796,43.7800815],[26.4512485,43.7683576],[26.4587803,43.766541],[26.4553614,43.7635551],[26.4567395,43.7608317],[26.4568433,43.7583725],[26.4535725,43.7513362],[26.458055,43.7514084],[26.4594738,43.7499909],[26.4566999,43.749944],[26.4533324,43.7431374],[26.445936452,43.743541217],[26.4296694,43.7202005],[26.4274382,43.717125351],[26.4261816,43.7112098],[26.4100511,43.6931616],[26.4187509,43.6934186],[26.418756981,43.68707176],[26.4455167,43.6683531],[26.4484637,43.6617718],[26.4452512,43.662046],[26.4425486,43.6536962],[26.431915802,43.647014586],[26.4282793,43.6410083],[26.422125579,43.639092781],[26.4079518,43.627624],[26.407566,43.6273893],[26.375310144,43.63403808],[26.3702068,43.6324173],[26.3758988,43.6296867],[26.367614,43.6287922],[26.3691435,43.631497],[26.362968401,43.636463231],[26.3505683,43.6388102],[26.3504744,43.6389183],[26.3476687,43.633214],[26.3176693,43.6184871],[26.3174029,43.6185071],[26.3034355,43.6274679],[26.2917613,43.6277321],[26.2922676,43.6332608],[26.2812914,43.6456444],[26.2859936,43.6535744],[26.283631963,43.6573874],[26.273925867,43.657987278],[26.2746408,43.6544417],[26.2667387,43.6531366],[26.2561498,43.6551294],[26.252132138,43.659334222],[26.2388624,43.6583496],[26.23137122,43.660617335],[26.2258506,43.6577675],[26.2181413,43.661435],[26.2236577,43.6459831],[26.2035622,43.6387159],[26.2006485,43.6441101],[26.1942752,43.6382984],[26.1977379,43.6357909],[26.166284594,43.63576299],[26.1624497,43.6338645],[26.164958,43.6309958],[26.159710272,43.597552219],[26.1586211,43.581103],[26.1609324,43.5780478],[26.1586313,43.5788267],[26.155755905,43.572351176],[26.1541645,43.5619219],[26.1536277,43.5587882],[26.1647005,43.5513561],[26.1628964,43.5489339],[26.1680934,43.5492788],[26.1726639,43.5447359],[26.1754269,43.540723],[26.1722324,43.5378412],[26.1832701,43.5376978],[26.1776655,43.5314703],[26.1833547,43.5309288],[26.1841541,43.5234856],[26.1889807,43.5173895],[26.1732961,43.5166148],[26.1293004,43.5246631],[26.1188156,43.5205056],[26.1181424,43.520416],[26.081129875,43.517695414],[26.0775848,43.51554],[26.0446421,43.5150134],[26.0441756,43.4760592],[26.0274483,43.4573561],[26.0293377,43.4522619],[26.0300014,43.450274],[26.0236334,43.4457734],[26.0127918,43.4463821],[26.0140521,43.4423059],[26.006067307,43.437571485],[25.9823796,43.4065352],[25.966579,43.4033044],[25.945891,43.401868],[25.9475117,43.3938006],[25.9418746,43.3802148],[25.9266051,43.3749888],[25.923615,43.3743363],[25.920279699,43.378738085],[25.8968294,43.3709811],[25.8874742,43.370033],[25.8837505,43.3671508],[25.8618969,43.3592684],[25.8241131,43.3682498],[25.818950934,43.370340995],[25.804589,43.3680066],[25.8040815,43.3722811],[25.7878506,43.3735441],[25.7817764,43.3796743],[25.7714043,43.3828466],[25.7459529,43.3822977],[25.7424138,43.3831174],[25.7408336,43.3841782],[25.7356708,43.384696],[25.725297,43.3900627],[25.7170741,43.409367],[25.7056261,43.4093155],[25.7056356,43.4178287],[25.6700348,43.3946432],[25.6637244,43.3950705]],[[26.318441,43.8638615],[26.3182892,43.8637942],[26.3183026,43.8636699],[26.318444779,43.86386002],[26.318441,43.8638615]],[[26.425303762,43.788889963],[26.4253133,43.7888847],[26.4253729,43.7889005],[26.425303762,43.788889963]],[[26.4252265,43.7889326],[26.4249573,43.7888377],[26.424953966,43.788836653],[26.425303762,43.788889963],[26.4252265,43.7889326]],[[26.286437006,43.657214037],[26.2841921,43.658629],[26.283631963,43.6573874],[26.286437006,43.657214037]],[[26.2864978,43.6571843],[26.2865994,43.657204],[26.286437006,43.657214037],[26.2864978,43.6571843]]],[[[25.9657814,43.3225337],[25.9500132,43.326289],[25.949663147,43.330482361],[25.968175719,43.322375799],[25.9657814,43.3225337]]],[[[25.949501156,43.330553296],[25.9496148,43.330577],[25.949663147,43.330482361],[25.949501156,43.330553296]]],[[[25.9491344,43.3304768],[25.9486836,43.3309113],[25.949501156,43.330553296],[25.9491344,43.3304768]]],[[[25.9463135,43.33254],[25.9407473,43.348085],[25.9462911,43.3504815],[25.9415148,43.354178],[25.9441364,43.3549127],[25.9408658,43.3607073],[25.959829,43.3695448],[25.9486836,43.3309113],[25.9463135,43.33254]]],[[[25.974940491,43.368548083],[25.9694408,43.3666144],[25.959829,43.3695448],[25.974940491,43.368548083]]],[[[25.9750091,43.3685712],[25.9848103,43.3703749],[25.993250469,43.367340402],[25.974940491,43.368548083],[25.9750091,43.3685712]]],[[[26.0058116,43.3665119],[25.9968436,43.3630465],[25.9930443,43.36609],[25.993250469,43.367340402],[26.0058116,43.3665119]]],[[[26.0059259,43.366377],[26.0159205,43.3580008],[26.0117747,43.3423712],[26.0179689,43.3338039],[26.0082904,43.334299],[26.008314,43.3321139],[26.0192909,43.3308821],[26.0308666,43.3353123],[26.0371328,43.3355409],[26.0064102,43.3265606],[26.0059259,43.366377]]],[[[26.0045844,43.3187513],[26.0014789,43.323778],[26.003055,43.3268589],[26.0003376,43.3284509],[26.004845946,43.328930241],[26.0045844,43.3187513]]],[[[26.0024222,43.3174766],[25.9966683,43.3174009],[25.9720851,43.3206639],[26.0045844,43.3187513],[26.0024222,43.3174766]]],[[[25.970860193,43.321200281],[25.9717062,43.3216931],[25.9720851,43.3206639],[25.970860193,43.321200281]]],[[[25.9698728,43.3206251],[25.969823,43.3207303],[25.969461027,43.321812969],[25.970860193,43.321200281],[25.9698728,43.3206251]]],[[[25.968175719,43.322375799],[25.9693109,43.322262],[25.969461027,43.321812969],[25.968175719,43.322375799]]]]}},{"type":"Feature","properties":{"slug":"silistra","name_bg":"Силистра","name_en":"Silistra","source":"OpenStreetMap contributors, ODbL 1.0"},"geometry":{"type":"MultiPolygon","coordinates":[[[[26.6814463,43.8504286],[26.664408685,43.862467422],[26.6469037,43.8689942],[26.6480253,43.8624467],[26.6480778,43.8610596],[26.6408208,43.8602433],[26.6407552,43.8602776],[26.603749802,43.880033889],[26.586262,43.8833684],[26.5834227,43.888142],[26.5989706,43.9132502],[26.584833,43.9187024],[26.555130999,43.933232467],[26.5489088,43.9332931],[26.549362,43.935862],[26.5463995,43.9358454],[26.5461536,43.9333792],[26.5438671,43.9283421],[26.5103965,43.9147511],[26.502441841,43.924245557],[26.4947728,43.9232218],[26.4783495,43.9390988],[26.4742505,43.951344],[26.4605681,43.9432765],[26.3968468,43.946564],[26.3892298,43.9481456],[26.3869425,43.9558083],[26.38439326,43.970562553],[26.3797015,43.9759244],[26.382733,43.9798498],[26.376569454,44.015844447],[26.3724105,44.0274516],[26.3654429,44.0260636],[26.3650438,44.0299118],[26.3723184,44.0404483],[26.3833156,44.0427165],[26.4168507,44.038097],[26.4216262,44.0355389],[26.4850779,44.0426474],[26.5653159,44.0580312],[26.592993601,44.054563131],[26.6178964,44.0554185],[26.6915309,44.0780901],[26.6987755,44.0800067],[26.7051723,44.080911],[26.7728076,44.0803979],[26.8303851,44.1065198],[26.8640029,44.1178418],[26.9393602,44.1384235],[26.9689607,44.1329263],[27.0021213,44.1359995],[27.0217534,44.1424905],[27.0363667,44.1471711],[27.0464712,44.1485772],[27.053099222,44.13981708],[27.1090005,44.1372048],[27.1395564,44.1407652],[27.1477833,44.1405656],[27.1653617,44.1348194],[27.182528721,44.122928178],[27.1999145,44.1168266],[27.2419859,44.1171043],[27.2734462,44.1276044],[27.3333455,44.0642039],[27.3561816,44.0586571],[27.3697329,44.0405654],[27.4126774,44.014298],[27.4340751,44.0174397],[27.4496162,44.0197214],[27.462678,44.021639],[27.46913,44.02252],[27.4921212,44.0208752],[27.5936005,44.0135626],[27.6302293,44.0328727],[27.6426839,44.0470465],[27.643366,44.0472874],[27.644655,44.047358],[27.673591,44.029823],[27.6955887,43.9873828],[27.6782925,43.9825397],[27.6585681,43.9793962],[27.6585915,43.9793641],[27.646075569,43.958580813],[27.6540066,43.9498816],[27.6370616,43.9435615],[27.6414284,43.9366312],[27.6357669,43.9327887],[27.6312253,43.9100623],[27.6293025,43.906884],[27.615798978,43.901874797],[27.6198342,43.8969634],[27.6060223,43.8965363],[27.5927751,43.8896549],[27.581536,43.9031329],[27.5760733,43.9103247],[27.5432006,43.9179554],[27.5415519,43.9051437],[27.537766342,43.904709057],[27.5377173,43.8996709],[27.5313015,43.8889506],[27.5403684,43.8824495],[27.529301831,43.87512655],[27.5292907,43.8750496],[27.528365148,43.87021004],[27.5333256,43.8645005],[27.527269627,43.864481739],[27.5245482,43.8495708],[27.5243929,43.8494398],[27.5038745,43.8410392],[27.5030817,43.8407875],[27.5040663,43.8392947],[27.4853072,43.8396063],[27.4813002,43.8478145],[27.4726976,43.8468441],[27.470744001,43.855537523],[27.4599019,43.860072],[27.450813971,43.870164946],[27.444507,43.8659747],[27.4444751,43.8596548],[27.4188859,43.8478408],[27.3951958,43.8530445],[27.3956273,43.8442862],[27.383541,43.8299454],[27.3835371,43.8239452],[27.3789036,43.8249519],[27.373036,43.8154357],[27.3517961,43.8056869],[27.2899427,43.7988028],[27.2851413,43.800598],[27.2680267,43.7795363],[27.2584798,43.772218],[27.2567077,43.7716931],[27.2479759,43.770169],[27.2475861,43.7666729],[27.231332691,43.75034954],[27.2339117,43.7481386],[27.2095256,43.7426807],[27.2107606,43.7293553],[27.205726326,43.72808725],[27.204877581,43.72482712],[27.2096062,43.7212007],[27.209451,43.7147595],[27.1996895,43.7048991],[27.2060295,43.7037722],[27.205939378,43.701167333],[27.2236299,43.6906936],[27.2296588,43.6854167],[27.2338741,43.6786312],[27.2333144,43.6635211],[27.2252499,43.6628746],[27.1921377,43.6731318],[27.1821308,43.6720317],[27.1782806,43.6794333],[27.1525708,43.6685617],[27.1437229,43.6686697],[27.116631089,43.683746278],[27.1076247,43.684002],[27.1059967,43.6891068],[27.1074606,43.7058983],[27.1298137,43.7107312],[27.0820805,43.7150672],[27.0819877,43.7189366],[27.0195957,43.6979983],[27.0018892,43.6969264],[26.9942923,43.7114124],[26.9864204,43.7115789],[26.9865603,43.7170459],[26.9686661,43.7263207],[26.972930594,43.733206382],[26.9365306,43.7595079],[26.9388971,43.7634049],[26.9162166,43.761137],[26.9164553,43.7670332],[26.9058035,43.782396],[26.8987318,43.7976868],[26.8597512,43.8046642],[26.8572389,43.8087248],[26.857387,43.8226515],[26.8520548,43.8230297],[26.8415286,43.8305177],[26.8374683,43.8398927],[26.839842696,43.843418305],[26.820272577,43.83796243],[26.8151831,43.8242382],[26.8079915,43.8219508],[26.7962171,43.8312561],[26.790405731,43.823676258],[26.7923931,43.8182797],[26.786479693,43.818555477],[26.7815368,43.8121084],[26.7748794,43.8112212],[26.7717105,43.8120975],[26.766677295,43.820874201],[26.7525432,43.8217544],[26.7602119,43.8248838],[26.7525764,43.8298878],[26.756231648,43.833167612],[26.7447964,43.8434515],[26.743545591,43.848097747],[26.728091927,43.849175786],[26.722753624,43.843063597],[26.7238281,43.8395136],[26.701913723,43.848483575],[26.6990296,43.8455269],[26.6814463,43.8504286]],[[27.4509435,43.87029],[27.4510542,43.8705786],[27.450463802,43.870479668],[27.450813971,43.870164946],[27.4509435,43.87029]],[[27.450391,43.8705451],[27.450441,43.8704788],[27.450463802,43.870479668],[27.450391,43.8705451]],[[27.2197487,43.665791],[27.219615315,43.665822274],[27.219576812,43.665227641],[27.2197487,43.665791]],[[26.840124099,43.843496757],[26.8399856,43.8435144],[26.839842696,43.843418305],[26.840124099,43.843496757]],[[26.84019,43.8435043],[26.8402578,43.8435326],[26.840261303,43.843535007],[26.840124099,43.843496757],[26.84019,43.8435043]],[[26.8404148,43.8435778],[26.8403016,43.8435627],[26.840261303,43.843535007],[26.8404148,43.8435778]],[[26.73541582,43.857561414],[26.7288623,43.8547751],[26.728091927,43.849175786],[26.73541582,43.857561414]],[[26.735483164,43.857586362],[26.735544,43.8576089],[26.7354607,43.8576128],[26.73541582,43.857561414],[26.735483164,43.857586362]]],[[[27.2195248,43.6646165],[27.2195126,43.6646201],[27.219511204,43.664622067],[27.219537,43.6646128],[27.2195248,43.6646165]]]]}},{"type":"Feature","properties":{"slug":"sliven","name_bg":"Сливен","name_en":"Sliven","source":"OpenStreetMap contributors, ODbL 1.0"},"geometry":{"type":"MultiPolygon","coordinates":[[[[25.910404,42.36575],[25.908916,42.366498],[25.90068,42.385404],[25.890917132,42.419931016],[25.883494,42.420699],[25.875217,42.440427],[25.873702,42.445755],[25.8817686,42.447090151],[25.845806,42.55368],[25.844788,42.556874],[25.885084,42.59487],[25.873316,42.600264],[25.865826,42.611302],[25.864164,42.618475],[25.867392,42.622172],[25.858771,42.628553],[25.856565816,42.64207495],[25.8561734,42.6427245],[25.8113672,42.7546861],[25.809508,42.757156],[25.807763,42.763592],[25.819659231,42.761839721],[25.837501,42.777232],[25.839139,42.778283],[25.855249,42.783571],[25.85563,42.783623],[25.878764946,42.786544164],[25.883003,42.790843],[25.898985916,42.78909739],[25.909737,42.791021],[25.927494,42.792697],[25.957506,42.789072],[25.971312,42.785008],[25.97345,42.789613],[25.983129,42.795071],[25.991570054,42.794331958],[26.018591049,42.806768624],[26.019677,42.813145],[26.040951,42.81706],[26.039709,42.818125],[26.039182,42.866817],[26.036362,42.868708],[26.038642,42.870781],[26.04552331,42.869144857],[26.072951,42.87923],[26.084331,42.879009],[26.107955,42.895035],[26.116171,42.897626],[26.165262,42.95157],[26.166534,42.952455],[26.178406,42.951542],[26.1784745,42.9531002],[26.179118582,42.953041894],[26.1882959,42.9725098],[26.1886622,42.9728654],[26.1991269,42.9725534],[26.2318485,42.9666769],[26.2331208,42.9662143],[26.2472334,42.9804185],[26.2446502,42.9820443],[26.247074551,42.986871049],[26.2458,43.0089598],[26.2463438,43.0094689],[26.2465713,43.0096496],[26.2701695,43.0155086],[26.2719168,43.0168308],[26.280887851,43.019744437],[26.2783768,43.0234203],[26.2801021,43.0256269],[26.276055,43.0276334],[26.2782798,43.0299459],[26.296600674,43.025954064],[26.3179224,43.0343803],[26.3257967,43.0352061],[26.3259759,43.0387178],[26.334707556,43.035330827],[26.3441453,43.036345],[26.3503469,43.0320046],[26.3600657,43.0344281],[26.3593095,43.0298415],[26.3620737,43.0298022],[26.3576127,43.0252332],[26.3602141,43.0245101],[26.351677753,43.020376412],[26.3549623,43.0166245],[26.3793384,43.0283222],[26.3820609,43.0290432],[26.4054832,43.0241969],[26.42210243,43.00606597],[26.4257336,43.0063095],[26.4235646,43.0044708],[26.427986,43.0051819],[26.4324385,42.999375],[26.4391071,42.9984596],[26.4435739,42.9960803],[26.4511894,43.0000977],[26.4815275,43.005693],[26.4874646,43.003982],[26.4811155,43.0104485],[26.485702,43.0108651],[26.4820257,43.0124737],[26.4844733,43.0160678],[26.4907746,43.0137276],[26.4874204,43.011103],[26.4877804,43.0071438],[26.4907881,43.0115301],[26.499131845,43.011680823],[26.5037969,43.0147652],[26.5087654,43.0150772],[26.5081947,43.017111],[26.5161596,43.0168465],[26.517308614,43.011522521],[26.5350637,43.011799],[26.534958161,43.009019476],[26.546283943,43.002427785],[26.5798215,42.9903795],[26.5564024,42.9359335],[26.589976,42.920176],[26.597098,42.913191],[26.603238,42.913133],[26.602578,42.904496],[26.597066,42.896035],[26.598489,42.886686],[26.592816993,42.887505311],[26.599004,42.839798],[26.596799,42.84089],[26.597333,42.83782],[26.591173,42.834143],[26.603147,42.828089],[26.596555,42.826941],[26.593835,42.822378],[26.578649,42.814867],[26.588137,42.814795],[26.601549,42.807208],[26.597091,42.804019],[26.599323,42.801588],[26.594396633,42.80184722],[26.611635,42.789834],[26.609533,42.779802],[26.603877656,42.781646224],[26.606482,42.774639],[26.628079,42.772279],[26.635901558,42.765930751],[26.666489,42.759053],[26.667925,42.756928],[26.669142,42.756265],[26.671598,42.753083],[26.672456,42.749704],[26.669431,42.748449],[26.66832,42.744374],[26.686832,42.743973],[26.682237,42.741739],[26.686653,42.725493],[26.698432,42.718369],[26.710428,42.723058],[26.708802,42.714162],[26.715031,42.714333],[26.714391,42.703714],[26.706285,42.705273],[26.705766,42.700621],[26.706358,42.694664],[26.714001,42.684554],[26.701717,42.68621],[26.668111,42.697472],[26.649654149,42.694505454],[26.653002,42.691076],[26.640588,42.693433],[26.637178,42.690125],[26.651774761,42.676793936],[26.668726,42.676802],[26.671589,42.670747],[26.671849,42.6663],[26.668236,42.659504],[26.672494,42.637425],[26.664736,42.637442],[26.664251,42.632329],[26.656922,42.631818],[26.659963,42.617363],[26.644869,42.617754],[26.64498,42.611183],[26.618376,42.613638],[26.626179,42.623003],[26.634541,42.62203],[26.632677,42.625921],[26.62715023,42.625930685],[26.612378587,42.613549499],[26.611025,42.603172],[26.600566,42.597075],[26.591943719,42.596421552],[26.578125151,42.584839207],[26.583771,42.583024],[26.552043,42.56821],[26.543338891,42.570222731],[26.496619,42.557449],[26.478089,42.553178],[26.461531,42.550292],[26.440126,42.56124],[26.426244,42.57423],[26.423368,42.562841],[26.408342031,42.510595868],[26.410085,42.508004],[26.404646,42.497458],[26.361376,42.462292],[26.33501794,42.461238158],[26.33379,42.458685],[26.340706,42.454142],[26.32542,42.449486],[26.321834,42.453962],[26.314501,42.450814],[26.315669,42.448755],[26.302619,42.448659],[26.300808,42.457654],[26.288325613,42.459371315],[26.285818052,42.459271058],[26.287197,42.45175],[26.271854,42.45232],[26.272311899,42.458731058],[26.225214,42.456848],[26.232345,42.454342],[26.236771,42.427335],[26.235313,42.417235],[26.242336,42.41437],[26.2254,42.401703],[26.212613813,42.407106093],[26.200985237,42.361199826],[26.219049,42.36626],[26.218924,42.378628],[26.227042,42.381191],[26.240106,42.377699],[26.259891,42.366278],[26.250795,42.365639],[26.250934,42.361278],[26.231064,42.344423],[26.233148,42.343436],[26.224954,42.327416],[26.22543,42.317085],[26.215082,42.317433],[26.213381,42.307414],[26.204448,42.303284],[26.204287,42.285403],[26.189518,42.285425],[26.175719,42.261456],[26.171336,42.260366],[26.171301,42.262648],[26.160558,42.265112],[26.158697,42.261891],[26.14462,42.260479],[26.144667,42.264887],[26.13728,42.265959],[26.135335,42.247035],[26.131883,42.245655],[26.124571,42.245751],[26.123012,42.252075],[26.106551,42.247546],[26.089389,42.257788],[26.094237,42.261989],[26.081777,42.266729],[26.059057,42.267944],[26.050919,42.273779],[26.049857,42.285244],[26.02581,42.287685],[26.024219,42.284106],[26.009201,42.281258],[25.991598,42.283292],[25.988071,42.292077],[25.991214,42.30696],[25.986038,42.307692],[25.985858,42.31946],[25.948856,42.321592],[25.947917,42.319102],[25.930446,42.322275],[25.937722,42.344428],[25.931893,42.34487],[25.93348,42.356717],[25.926558,42.356342],[25.910404,42.36575]],[[26.503488,43.014536],[26.5044364,43.0140441],[26.506544376,43.013891674],[26.5034983,43.0145621],[26.503488,43.014536]],[[26.506907443,43.013811765],[26.507181,43.0138365],[26.506544376,43.013891674],[26.506907443,43.013811765]],[[26.51579785,43.011855032],[26.516869,43.0112003],[26.517643,43.0110902],[26.517308614,43.011522521],[26.51579785,43.011855032]],[[26.5156641,43.0119491],[26.514528,43.0125886],[26.514195776,43.01220764],[26.51579785,43.011855032],[26.5156641,43.0119491]],[[26.508810974,43.013392808],[26.5092487,43.0129266],[26.5141652,43.0118867],[26.514195776,43.01220764],[26.508810974,43.013392808]],[[26.5088104,43.0134015],[26.5087699,43.0134963],[26.5083259,43.0136071],[26.508351937,43.013493839],[26.5088104,43.0134015]]]]}},{"type":"Feature","properties":{"slug":"smolyan","name_bg":"Смолян","name_en":"Smolyan","source":"OpenStreetMap contributors, ODbL 1.0"},"geometry":{"type":"MultiPolygon","coordinates":[[[[24.059564,41.522696],[24.057644,41.529931],[24.063278079,41.533306775],[24.064813362,41.539100539],[24.060811,41.544607],[24.067672507,41.549890212],[24.07375,41.573245],[24.076871,41.577359],[24.079189355,41.577928027],[24.083808,41.582509],[24.084605,41.58302],[24.08624,41.583477],[24.087302,41.583582],[24.09013,41.585907],[24.092496,41.594527],[24.087327,41.596668],[24.081855,41.605327],[24.084292,41.622869],[24.08445,41.623144],[24.08508088,41.623383982],[24.085834,41.62419],[24.093467,41.626574],[24.074468,41.672734],[24.083151,41.680121],[24.0929066,41.6845792],[24.095976,41.696054],[24.096436,41.69662],[24.096719,41.697012],[24.107817,41.711192],[24.135394,41.716802],[24.135817,41.716855],[24.136891853,41.716889691],[24.137174,41.716958],[24.137738,41.716917],[24.174718,41.740159],[24.17957,41.739674],[24.224877,41.71959],[24.299959,41.744133],[24.308301,41.754423],[24.315534792,41.752559429],[24.326283,41.758398],[24.326767,41.758636],[24.31482,41.771036],[24.313341,41.780889],[24.321705,41.792424],[24.319149,41.798873],[24.321795,41.806005],[24.3331,41.817653],[24.330777,41.827941],[24.333487,41.832254],[24.345232,41.831477],[24.361788,41.859991],[24.371381,41.857857],[24.377561,41.859414],[24.381044,41.864693],[24.399091,41.8645],[24.417845,41.871553],[24.420793,41.881614],[24.425729,41.884443],[24.423363,41.889663],[24.438672,41.899062],[24.439189676,41.916664775],[24.433296,41.920111],[24.437286,41.923277],[24.426927,41.927183],[24.433884,41.932097],[24.439592293,41.930355157],[24.439736879,41.935271588],[24.433632,41.937045],[24.439825,41.938268],[24.448486,41.931332],[24.50985,41.918678],[24.512164,41.917168],[24.517175,41.911863],[24.541046,41.882771],[24.548102,41.879977],[24.55032,41.872004],[24.557565,41.878118],[24.566029692,41.8769371],[24.579464,41.883324],[24.591553469,41.884951983],[24.599047,41.890896],[24.61809,41.893541],[24.628479,41.903719],[24.643908,41.902832],[24.663532,41.907488],[24.692773,41.903603],[24.696862,41.900057],[24.707305,41.898984],[24.713033,41.891683],[24.71988,41.891435],[24.721025,41.887602],[24.735669,41.893261],[24.746784,41.888772],[24.745107,41.885053],[24.75287,41.887635],[24.755259,41.885081],[24.762511354,41.864824792],[24.774037,41.844986],[24.783444,41.840405],[24.775029925,41.832016474],[24.779068,41.823406],[24.778394,41.8232],[24.77792,41.823104],[24.77223,41.82335],[24.7670411,41.8246017],[24.7655628,41.8215118],[24.767855,41.818304],[24.779267607,41.766225974],[24.807323,41.763557],[24.803924,41.754774],[24.796032,41.748877],[24.797844,41.745457],[24.787856,41.73158],[24.788495,41.731252],[24.796189598,41.7181658],[24.79949,41.718846],[24.800391,41.711403],[24.805908,41.712077],[24.807691,41.709071],[24.830475,41.702151],[24.8324,41.703672],[24.87157,41.707413],[24.878942,41.713177],[24.912074,41.732726],[24.912234,41.739862],[24.92575,41.744408],[24.932502,41.745741],[24.941373,41.739098],[24.940454,41.743915],[24.944116,41.744698],[24.944385,41.739355],[24.962028,41.7333076],[24.962334063,41.743834871],[24.957952,41.743074],[24.957047,41.745601],[24.962509764,41.749878228],[24.962592,41.754484],[24.953487,41.766235],[24.954657,41.774729],[24.962334,41.785184],[24.959047,41.789361],[24.959753,41.795332],[24.964129,41.805573],[24.97576,41.813206],[24.988421,41.829333],[24.999203,41.832742],[25.001864,41.839178],[25.013922,41.827098],[25.03284,41.819578],[25.035329,41.812972],[25.028521,41.80406],[25.03285,41.800135],[25.050003,41.798205],[25.061322,41.804421],[25.074799,41.801684],[25.071859,41.79751],[25.072994,41.796917],[25.072404,41.794547],[25.073607,41.793595],[25.073557,41.793066],[25.059632,41.776593],[25.065730407,41.738827377],[25.069211,41.739743],[25.069745,41.733855],[25.077935,41.727106],[25.068857898,41.715900171],[25.07305,41.712599],[25.074973,41.700584],[25.080749,41.695595],[25.077184,41.684829],[25.089187,41.681449],[25.082007,41.675911],[25.091401,41.658415],[25.085412,41.640879],[25.094,41.63707],[25.099255,41.620904],[25.095602,41.621424],[25.098028,41.617158],[25.094026,41.612985],[25.090913,41.61688],[25.089552,41.611422],[25.078457,41.611086],[25.071284,41.60335],[25.062958,41.602107],[25.065223,41.59751],[25.057774,41.599862],[25.05883,41.594252],[25.053232,41.596847],[25.050243,41.58951],[25.040006,41.587995],[25.008203,41.58634],[25.016236026,41.557923575],[25.021819,41.553475],[25.025121,41.541061],[25.02192371,41.53780368],[25.025343,41.527548],[25.023844,41.523998],[25.027777,41.521391],[25.031467,41.516128],[25.085067,41.507733],[25.093427,41.519664],[25.104336,41.526577],[25.125714,41.518824],[25.127761,41.515287],[25.142171,41.514757],[25.152427,41.503445],[25.163947,41.500831],[25.166878,41.499438],[25.167553,41.491338],[25.172668,41.484348],[25.165766953,41.469243941],[25.165366,41.458114],[25.165315,41.458008],[25.152936282,41.443835401],[25.150591,41.438316],[25.146863,41.436882],[25.152172,41.434632],[25.165253,41.438426],[25.175606,41.436262],[25.175784,41.430973],[25.168384,41.432933],[25.166128,41.429848],[25.167410225,41.425533703],[25.175688,41.420972],[25.175867,41.420863],[25.176024,41.420747],[25.176564,41.420102],[25.177081,41.419829],[25.177104,41.419665],[25.1587908,41.396063],[25.1610078,41.385615],[25.1556718,41.378061],[25.1520818,41.338786],[25.1792158,41.321063],[25.1805358,41.319076],[25.1795758,41.311148],[25.1793339,41.3100068],[25.1701283,41.3133604],[25.1651155,41.3105948],[25.1621458,41.3163355],[25.157327735,41.318253031],[25.1491325,41.3157429],[25.1447827,41.3223553],[25.1327368,41.3229339],[25.128181298,41.329174891],[25.105589049,41.337640741],[25.0979825,41.3340256],[25.0926414,41.3392557],[25.0827426,41.3381332],[25.066540506,41.352273154],[25.0175426,41.3705424],[24.9892543,41.376734],[24.9768784,41.376056],[24.9523308,41.3877282],[24.9401843,41.3865401],[24.9191699,41.4029142],[24.9170617,41.4082864],[24.8821476,41.3925277],[24.8819441,41.3924494],[24.8688061,41.3909653],[24.8335576,41.398933],[24.8174983,41.3634592],[24.81633783,41.362385757],[24.8166536,41.3545788],[24.8128697,41.349147],[24.8022124,41.3469095],[24.7951958,41.3521668],[24.7904387,41.3566057],[24.7700152,41.3649437],[24.7611093,41.3718846],[24.757106433,41.377953819],[24.7478109,41.3802947],[24.7359909,41.3980428],[24.7362928,41.4089857],[24.733127,41.4137342],[24.676165496,41.421980868],[24.6738612,41.4179841],[24.6613072,41.4187513],[24.6600705,41.4158374],[24.6577744,41.4177219],[24.658941,41.4241421],[24.6144601,41.4238513],[24.6080919,41.4276786],[24.5976332,41.4408039],[24.5957562,41.4478827],[24.5982313,41.4590926],[24.5958946,41.4628695],[24.5948676,41.4672157],[24.586955,41.4677951],[24.5860182,41.4681622],[24.5849456,41.4686232],[24.5844747,41.4690701],[24.582336482,41.473061363],[24.5798595,41.4743067],[24.5723999,41.4750688],[24.568558953,41.49001803],[24.5589092,41.5015839],[24.5588407,41.5017315],[24.5592863,41.5216473],[24.5555928,41.5246749],[24.556028068,41.530761178],[24.5461792,41.5392639],[24.550259645,41.546896522],[24.5473656,41.5549917],[24.5388988,41.5581864],[24.5353816,41.5551141],[24.5330084,41.55769],[24.5349669,41.562616187],[24.5269532,41.5673421],[24.5249931,41.5687495],[24.5094768,41.5585307],[24.4990387,41.5586617],[24.4957906,41.5540062],[24.492374482,41.555871704],[24.4696637,41.5449922],[24.4671352,41.5453052],[24.4631593,41.5286083],[24.4631213,41.5284826],[24.4501098,41.5218399],[24.4254191,41.5295351],[24.4165378,41.5285917],[24.411937759,41.533770611],[24.3948913,41.5390985],[24.3932943,41.5350285],[24.389882637,41.535751933],[24.3744032,41.5230722],[24.3685915,41.5223341],[24.3697682,41.5177268],[24.3616111,41.5164052],[24.3572384,41.5216674],[24.343336,41.524601],[24.3169603,41.5182407],[24.3150588,41.5132771],[24.3048644,41.5104345],[24.2987793,41.518217],[24.2998244,41.5235953],[24.2953669,41.5241385],[24.2615435,41.5736675],[24.2591986,41.5700985],[24.2537919,41.5700057],[24.2405506,41.5622809],[24.2407126,41.5574261],[24.2292392,41.5467492],[24.2125961,41.5523845],[24.2116737,41.5512036],[24.208848986,41.548095079],[24.2100346,41.5438723],[24.1958542,41.5332196],[24.1926573,41.5260128],[24.1941524,41.5205898],[24.18693,41.5153107],[24.1823475,41.5146431],[24.175696,41.5152011],[24.1731313,41.5158865],[24.1667849,41.5262825],[24.1627004,41.5277336],[24.143248551,41.536184165],[24.1334749,41.5333666],[24.1317214,41.5410336],[24.1162244,41.539751],[24.105361,41.5465734],[24.078284,41.5418429],[24.0753803,41.5311036],[24.065017052,41.527130557],[24.0602367,41.5218294],[24.059564,41.522696]],[[24.060290682,41.522033115],[24.0602761,41.5220012],[24.0602367,41.5218294],[24.060290682,41.522033115]]]]}},{"type":"Feature","properties":{"slug":"sofiyska","name_bg":"Софийска","name_en":"Sofia","source":"OpenStreetMap contributors, ODbL 1.0"},"geometry":{"type":"MultiPolygon","coordinates":[[[[22.986963191,42.759492259],[22.984705,42.762366],[22.982445,42.774683],[22.9595186,42.777855],[22.946864,42.770748],[22.939843,42.781694],[22.932952,42.781155],[22.9207,42.789206],[22.915047,42.789103],[22.916582,42.798331],[22.90839,42.803348],[22.9105779,42.8138782],[22.906126,42.816183],[22.9045352,42.8250039],[22.892592,42.821981],[22.881631,42.826558],[22.870857,42.810057],[22.854104,42.815917],[22.845703,42.822866],[22.845012,42.827948],[22.849534,42.83011],[22.852404,42.836756],[22.849576,42.836714],[22.860886,42.840877],[22.859546,42.843427],[22.86699,42.852235],[22.8355276,42.8519253],[22.823829,42.845144],[22.82661,42.843753],[22.824529,42.839877],[22.814796,42.83526],[22.802269,42.847037],[22.797782,42.84547],[22.780317,42.849239],[22.770548,42.8593],[22.768217,42.864401],[22.772715,42.867984],[22.7705752,42.8821019],[22.76026,42.881886],[22.7484614,42.8898527],[22.7529988,42.8992125],[22.7581565,42.9013291],[22.7601864,42.9111325],[22.7743533,42.9205614],[22.7685111,42.9478611],[22.7685971,42.9481884],[22.768664,42.9483524],[22.7687464,42.9485543],[22.7690805,42.9490184],[22.7699467,42.9494661],[22.77521,42.9497578],[22.7851364,42.9584813],[22.7826221,42.9637787],[22.784655264,42.966149215],[22.7837291,42.9728071],[22.784166154,42.973944212],[22.783716,42.9810716],[22.783719,42.981326],[22.7838366,42.9816314],[22.8494447,43.0048172],[22.8615413,43.0202699],[22.8625345,43.0214156],[22.8970206,43.0356454],[22.8997816,43.0482777],[22.9060999,43.0540738],[22.9184352,43.0800694],[22.9332529,43.088301],[22.9531923,43.093101],[22.989736457,43.165102072],[22.986399,43.166673],[23.005829,43.193384],[23.010244,43.196384],[23.019008,43.199844],[23.042738,43.184558],[23.043103075,43.182680066],[23.062969,43.169442],[23.069558,43.164434],[23.0708333,43.1624556],[23.1600831,43.1108658],[23.187051,43.112321],[23.188994579,43.112342856],[23.191565,43.118171],[23.20403,43.113111],[23.211619,43.115436],[23.2468486,43.1123703],[23.242801,43.124873],[23.247443,43.129385],[23.256814,43.130869],[23.2899342,43.1211542],[23.314478,43.133779],[23.3219265,43.1587985],[23.337875,43.15889],[23.3845098,43.1551491],[23.390183,43.160602],[23.398140573,43.158473722],[23.408447,43.161439],[23.414001,43.161098],[23.440686876,43.151609689],[23.442612,43.157719],[23.455776,43.153008],[23.471473,43.155073],[23.478144,43.151172],[23.477799,43.144729],[23.486394,43.13544],[23.486361,43.13537],[23.479197,43.130696],[23.4789916,43.1306118],[23.4563103,43.0933835],[23.492288,43.073709],[23.5022605,43.0483255],[23.5154296,43.0443328],[23.517884,43.041058],[23.520674,43.036492],[23.521652,43.034115],[23.522321,43.023214],[23.53095,43.012689],[23.537354,43.013245],[23.544018,43.004908],[23.56138,43.000624],[23.566563,42.993907],[23.572934,43.001697],[23.576381,43.00425],[23.580004,43.01857],[23.590092,43.027428],[23.592945,43.036501],[23.617495,43.047612],[23.624421,43.052676],[23.624205,43.05575],[23.627933,43.054855],[23.626185,43.05805],[23.633602,43.059622],[23.640099,43.057207],[23.639152,43.053149],[23.647518,43.04524],[23.653441,43.044328],[23.667049,43.034677],[23.680945,43.033234],[23.6976772,43.0262917],[23.716999,43.036165],[23.718712,43.040328],[23.723054,43.040285],[23.728972,43.048684],[23.742924,43.054229],[23.741084,43.055458],[23.745718,43.056593],[23.748433,43.064045],[23.757249,43.071053],[23.760826,43.069846],[23.75913,43.067895],[23.765734,43.067109],[23.803379,43.066801],[23.812848,43.056234],[23.8101575,43.0518717],[23.82803,43.053515],[23.848438487,43.048245754],[23.871896,43.048108],[23.876757,43.054278],[23.8775252,43.0550423],[23.877645,43.055028],[23.893182,43.044603],[23.910706,43.045134],[23.924974,43.040863],[23.928785,43.03642],[23.925178125,43.03300921],[23.9460377,43.0254916],[23.9626381,43.0322329],[23.965915045,43.04295865],[23.961188,43.056529],[23.967482,43.057562],[23.97133,43.062315],[23.998622,43.051155],[24.003677,43.051539],[24.016803,43.064692],[24.04397,43.059976],[24.047218,43.046917],[24.043952,43.036521],[24.046359,43.028971],[24.041476,43.031],[24.054847,43.021316],[24.058440444,43.008736768],[24.068482,42.999271],[24.067034099,42.997428526],[24.077096,42.984924],[24.076437,42.982977],[24.075995,42.982728],[24.0654803,42.9813764],[24.080597879,42.956885407],[24.08655,42.956386],[24.084646,42.953963],[24.086911,42.949288],[24.091503,42.948901],[24.089743,42.94207],[24.102321,42.942672],[24.156372,42.934422],[24.165286,42.92971],[24.169679,42.918111],[24.162717622,42.916739763],[24.164487576,42.91180774],[24.172776,42.90856],[24.171635,42.900783],[24.17663,42.901024],[24.172297558,42.890045026],[24.192381,42.834082],[24.191637,42.832889],[24.169777124,42.814724671],[24.180737,42.815033],[24.191468,42.821529],[24.203311,42.820362],[24.202397,42.813879],[24.194916,42.808957],[24.169733,42.800428],[24.154713,42.799143],[24.148487,42.787089],[24.140292,42.784268],[24.138512,42.784562],[24.13534,42.78331],[24.131885,42.782803],[24.1279078,42.7827691],[24.128027,42.775079],[24.127976,42.774955],[24.138127,42.776193],[24.180007,42.766506],[24.230866,42.766975],[24.233858,42.766902],[24.250142,42.775906],[24.289704,42.772256],[24.328281342,42.756225252],[24.3859203,42.7499984],[24.3864,42.73021],[24.381226,42.72807],[24.378644,42.718825],[24.370109021,42.711684427],[24.369998,42.695953],[24.362965,42.694373],[24.45447,42.624858],[24.482846,42.599742],[24.483349,42.590014],[24.472572,42.587834],[24.471106,42.577333],[24.459246,42.574061],[24.458503,42.568353],[24.466294,42.561642],[24.450077,42.553794],[24.443965,42.558135],[24.431444,42.559733],[24.42087,42.553128],[24.376168432,42.565847684],[24.354723,42.550214],[24.349095,42.566428],[24.343986,42.568209],[24.343966,42.574723],[24.325365,42.579735],[24.31431,42.58346],[24.281751,42.622805],[24.216384485,42.622764007],[24.21177,42.618753],[24.20537,42.622218],[24.195906,42.617704],[24.187033258,42.619754045],[24.160841,42.616048],[24.1542755,42.6153523],[24.151746,42.610224],[24.153883,42.602819],[24.149518,42.607583],[24.142778,42.605133],[24.139535,42.600507],[24.142713,42.597075],[24.141619,42.593176],[24.128844,42.588259],[24.123699,42.574503],[24.108458,42.56796],[24.092223,42.572477],[24.086122,42.57191],[24.079986451,42.57161252],[24.073858,42.561395],[24.055216,42.557692],[24.041919,42.547732],[24.022026,42.547322],[24.003302,42.558847],[23.990573,42.562277],[23.990599,42.567138],[23.969028,42.570484],[23.967578,42.57118],[23.937239,42.56121],[23.901862846,42.54995767],[23.899634,42.546843],[23.890478,42.546281],[23.893651,42.544238],[23.904287565,42.528392721],[23.916419,42.518652],[23.914284103,42.515443662],[23.931819814,42.492728704],[23.956273,42.477895],[23.959484,42.470308],[23.9542465,42.4636782],[23.9805,42.469015],[23.981051,42.468946],[24.020877777,42.460036929],[24.022237,42.4599],[24.036012,42.464029],[24.03859,42.467562],[24.058,42.461739],[24.066053,42.450154],[24.066046,42.449933],[24.050264312,42.43532841],[24.045865,42.42787],[24.04767,42.42109],[24.044999,42.409253],[24.039437,42.411495],[24.0327,42.408483],[24.036455,42.406942],[24.038591,42.398194],[24.032949,42.398847],[24.030298,42.391915],[24.021017,42.38902],[24.0183,42.391974],[24.009363,42.38818],[24.006102,42.39446],[23.996874,42.38991],[23.958581,42.383309],[23.96273,42.373118],[23.956321,42.353317],[23.9481756,42.3374797],[23.95323,42.334945],[23.947927676,42.332829119],[23.9474972,42.3247542],[23.949651,42.323361],[23.961386,42.312501],[23.994156,42.299378],[23.995314,42.29561],[23.995293,42.29501],[23.994654,42.293791],[23.97704,42.274699],[23.962929,42.265811],[23.961844,42.265728],[23.960915,42.265937],[23.958397,42.267085],[23.950794,42.272184],[23.934751,42.272133],[23.923678,42.277502],[23.924705,42.286615],[23.9178247,42.2949754],[23.8879881,42.2840657],[23.894586,42.274758],[23.891615,42.267499],[23.884377,42.263685],[23.884991,42.259483],[23.872044,42.255673],[23.871192,42.250747],[23.877623,42.249331],[23.871249,42.244751],[23.872537,42.24033],[23.866466,42.231745],[23.859703,42.232211],[23.852019,42.2240077],[23.845382,42.226409],[23.840409,42.209616],[23.827074,42.209615],[23.816545,42.20547],[23.807584,42.207029],[23.8007189,42.1975964],[23.7959462,42.1966058],[23.7792698,42.1817867],[23.730344,42.165968],[23.739048,42.150999],[23.714533,42.15799],[23.702512,42.154614],[23.683339,42.169966],[23.673543,42.169546],[23.6544795,42.1752738],[23.648135,42.161602],[23.649508,42.156152],[23.616923448,42.160701206],[23.5927135,42.1513072],[23.594752,42.141422],[23.59036,42.13211],[23.585881383,42.129418919],[23.572348,42.085992],[23.556469,42.08743],[23.539481,42.08387],[23.503609,42.091699],[23.500176864,42.096989186],[23.49594,42.097525],[23.4959043,42.097624],[23.4958803,42.0977186],[23.4959046,42.0978491],[23.4958203,42.0980697],[23.4958812,42.0985024],[23.4954831,42.0991683],[23.4975455,42.1050458],[23.5149506,42.1419133],[23.5022677,42.1471446],[23.489816,42.1445017],[23.4636673,42.1526491],[23.4574352,42.1508823],[23.4519789,42.1735898],[23.394356975,42.174274275],[23.3700273,42.1681792],[23.3608193,42.1708133],[23.338295,42.1665058],[23.3285694,42.1689548],[23.3258963,42.1704854],[23.3182928,42.1765289],[23.3178176,42.1773796],[23.3153678,42.1787444],[23.316817,42.191675],[23.326188,42.207459],[23.3863261,42.2832641],[23.347672,42.29657],[23.338145,42.304087],[23.336532,42.310095],[23.315996,42.319059],[23.312743,42.325715],[23.321577,42.335305],[23.319599,42.342585],[23.31391,42.344336],[23.311729,42.352172],[23.3138268,42.3583413],[23.309613,42.358303],[23.2883795,42.3726779],[23.27733,42.364508],[23.259678,42.359129],[23.224083,42.377034],[23.228671,42.392518],[23.229047,42.392863],[23.229156,42.39304],[23.229388,42.393263],[23.231677,42.395202],[23.2337068,42.3967595],[23.229830752,42.417408879],[23.22461,42.419334],[23.225206,42.423251],[23.219432,42.42397],[23.227114,42.427026],[23.220221,42.428104],[23.218774,42.432296],[23.223564,42.439417],[23.218301,42.443441],[23.222024,42.453998],[23.220121,42.459846],[23.221066,42.472803],[23.225897038,42.475942723],[23.233968,42.491362],[23.257138742,42.508388209],[23.267568,42.524874],[23.279517,42.533458],[23.284289,42.53184],[23.290175,42.532721],[23.296468,42.531503],[23.302790038,42.525199953],[23.311554,42.528304],[23.324616735,42.512186943],[23.367339408,42.49480541],[23.376059,42.494178],[23.408189,42.471788],[23.4134208,42.4639996],[23.423432,42.472459],[23.425848,42.473638],[23.447991,42.4818664],[23.4456,42.483599],[23.425144,42.511177],[23.446558,42.524722],[23.448404,42.525168],[23.453321,42.525234],[23.46532,42.517216],[23.509968,42.512231],[23.509616,42.498626],[23.538861,42.481363],[23.536349,42.478656],[23.541624,42.475415],[23.534949,42.474042],[23.539747,42.468471],[23.535862,42.462294],[23.536274,42.453462],[23.531461316,42.449070249],[23.546383,42.412613],[23.554725,42.414317],[23.563083,42.421576],[23.57015,42.421265],[23.571075,42.41733],[23.574562,42.416542],[23.590409,42.421167],[23.603658289,42.413194224],[23.635112931,42.417052481],[23.646271,42.421795],[23.662348,42.421739],[23.65886,42.44549],[23.6605656,42.4557386],[23.649226,42.459464],[23.648906,42.469338],[23.643445,42.471631],[23.641852,42.47987],[23.623492,42.48654],[23.622103,42.488955],[23.628949686,42.496997888],[23.623944,42.501209],[23.62466,42.502596],[23.614755,42.500097],[23.60329,42.505864],[23.594278,42.50272],[23.586953,42.505134],[23.567727,42.528173],[23.549846,42.533441],[23.554966594,42.547350973],[23.550943,42.549882],[23.551262,42.55042],[23.559755528,42.559975862],[23.559671,42.562625],[23.5659045,42.5669142],[23.555861,42.577021],[23.554472,42.586733],[23.559149,42.604223],[23.5434424,42.6240032],[23.53072,42.624996],[23.532933234,42.62972712],[23.509764691,42.642346093],[23.5073775,42.6378648],[23.5007067,42.6395134],[23.502832298,42.646121889],[23.496362,42.649646],[23.495309,42.651871],[23.493507,42.660058],[23.49393,42.67443],[23.497323,42.67513],[23.5200635,42.6843302],[23.520636,42.684465],[23.531919,42.685043],[23.5428876,42.6806643],[23.543631,42.693723],[23.5481568,42.7039898],[23.559711,42.706387],[23.559877,42.708776],[23.5796221,42.7080673],[23.5796152,42.7102992],[23.579786,42.710358],[23.5943712,42.7099065],[23.609913364,42.730592437],[23.6083692,42.733852],[23.6132734,42.7359056],[23.6192013,42.7542113],[23.6239635,42.7554298],[23.6193621,42.76018],[23.6242248,42.7673025],[23.6332656,42.7717284],[23.636248903,42.770334618],[23.646943723,42.786473854],[23.6493032,42.794562],[23.6468391,42.8001186],[23.6536932,42.8081599],[23.6542115,42.8177955],[23.6639709,42.8251441],[23.6656904,42.8312992],[23.678666,42.834345],[23.677076,42.835743],[23.676873,42.835978],[23.676529,42.836596],[23.676921,42.844461],[23.668334,42.839803],[23.658912118,42.84189409],[23.6362884,42.8386694],[23.636047,42.83889],[23.6215817,42.856396],[23.569327,42.835438],[23.567947,42.83549],[23.566043,42.82966],[23.556533,42.8276],[23.539065,42.832239],[23.533133,42.839572],[23.534277,42.843083],[23.530977,42.843222],[23.534927,42.84649],[23.525623,42.850481],[23.524585252,42.855621021],[23.496258,42.85929],[23.494466,42.86071],[23.489424,42.860488],[23.487897,42.864879],[23.482834,42.865298],[23.4795082,42.8729818],[23.4648259,42.8627926],[23.462713,42.862207],[23.453448,42.863509],[23.4498684,42.8714077],[23.4407384,42.8691481],[23.440477,42.866745],[23.435061,42.861617],[23.4206526,42.857947],[23.410402,42.851448],[23.406573,42.85196],[23.406463,42.848526],[23.386081,42.847592],[23.372005,42.839234],[23.365692,42.841543],[23.374228,42.847006],[23.36689,42.852541],[23.341978,42.856012],[23.342657,42.864036],[23.338566,42.86477],[23.329694,42.87147],[23.3297154,42.8720046],[23.324331,42.871681],[23.321619149,42.875546692],[23.306712,42.88206],[23.2937845,42.8898722],[23.273823,42.895289],[23.264349249,42.885093875],[23.26004,42.874926],[23.252770841,42.872633835],[23.249451,42.868349],[23.2472472,42.8666896],[23.251142117,42.854189032],[23.252101,42.853715],[23.251637084,42.850781751],[23.255439,42.849466],[23.252475065,42.845013205],[23.2539796,42.8346562],[23.252271,42.830615],[23.254276,42.829168],[23.2423481,42.8176759],[23.25105,42.806089],[23.251083,42.801969],[23.250407,42.80055],[23.2507863,42.7980831],[23.250495,42.797362],[23.217334,42.78428],[23.209608,42.78384],[23.2004742,42.7710185],[23.207525,42.771899],[23.206331,42.767044],[23.212708,42.763727],[23.209455,42.761066],[23.218434,42.756445],[23.213856,42.753748],[23.2125726,42.746446],[23.2121248,42.7451882],[23.2113397,42.7438429],[23.197836,42.728729],[23.196801,42.7283],[23.18922,42.726193],[23.163341,42.725124],[23.15862006,42.725931047],[23.1582744,42.7259096],[23.15765,42.726034],[23.1451757,42.7369758],[23.136146,42.736231],[23.098412,42.737191],[23.089885,42.73435],[23.08918,42.7374],[23.077095,42.733509],[23.071647,42.725255],[23.056501,42.712744],[23.05645,42.712732],[23.056244,42.712834],[23.055184,42.713685],[23.053842,42.713051],[23.046446,42.715246],[23.046534,42.71755],[23.044102,42.715419],[23.037386,42.717373],[23.040846,42.723363],[23.032035,42.733432],[23.034258,42.736997],[23.03187,42.747465],[23.0342856,42.7497733],[23.0224708,42.7546775],[23.015302271,42.755000759],[23.011774,42.752064],[23.00458036,42.755484255],[22.989478,42.755373],[22.987932,42.756235],[22.986963191,42.759492259]],[[24.066027,42.449964],[24.065943734,42.449955876],[24.066046,42.449933],[24.066027,42.449964]]]]}},{"type":"Feature","properties":{"slug":"sofiya-grad","name_bg":"София-град","name_en":"Sofia-City","source":"OpenStreetMap contributors, ODbL 1.0"},"geometry":{"type":"MultiPolygon","coordinates":[[[[23.15073,42.589996],[23.149244,42.58695],[23.144213,42.586884],[23.139414,42.590847],[23.139313,42.59156],[23.140979262,42.592714909],[23.139663,42.594176],[23.148693,42.599033],[23.152989,42.605476],[23.1728308,42.6161505],[23.170387,42.617801],[23.172894562,42.626536269],[23.162697,42.641582],[23.1730337,42.6491995],[23.168006,42.656004],[23.168388,42.657516],[23.146709,42.662289],[23.1423084,42.6668853],[23.124004,42.670012],[23.118341,42.667234],[23.115134,42.672611],[23.109502,42.674395],[23.109842,42.684171],[23.103011,42.689464],[23.10582,42.6949076],[23.101822,42.693085],[23.09763,42.695721],[23.08585,42.691858],[23.079482,42.695094],[23.068667,42.693855],[23.066343,42.698535],[23.059231,42.697189],[23.051511,42.703344],[23.05645,42.712732],[23.07662,42.733435],[23.087176,42.737651],[23.116819,42.740032],[23.145199,42.736974],[23.1582744,42.7259096],[23.174632,42.730949],[23.196801,42.7283],[23.2121248,42.7451882],[23.200363,42.771102],[23.203276,42.776541],[23.212327,42.787477],[23.214756024,42.784875851],[23.2220197,42.7863374],[23.241777,42.796497],[23.2507863,42.7980831],[23.2423481,42.8176759],[23.2539796,42.8346562],[23.249629,42.840189],[23.252475065,42.845013205],[23.24661,42.865517],[23.247326716,42.866477243],[23.2472472,42.8666896],[23.247522,42.867065],[23.249699971,42.869329136],[23.250864,42.87171],[23.264349249,42.885093875],[23.263871,42.892859],[23.278298,42.896559],[23.283722,42.896041],[23.3067882,42.8820352],[23.313338,42.885337],[23.320222,42.88347],[23.317942,42.880082],[23.321619149,42.875546692],[23.3297154,42.8720046],[23.330537882,42.87132854],[23.331237,42.871233],[23.332482,42.86995],[23.335563,42.869305],[23.3377401,42.8654085],[23.4119456,42.8533912],[23.415418,42.856867],[23.4350781,42.8616375],[23.436278,42.863601],[23.4407384,42.8691481],[23.448499,42.871992],[23.449611,42.871957],[23.4648259,42.8627926],[23.469294,42.874206],[23.474936,42.874391],[23.47819,42.872707],[23.479239,42.872982],[23.4795082,42.8729818],[23.479817,42.872785],[23.4962947,42.8592962],[23.509147,42.864281],[23.519788,42.856884],[23.520401,42.856859],[23.521378,42.856558],[23.5229705,42.8563616],[23.524454,42.856055],[23.568409,42.835522],[23.577254,42.84695],[23.594003,42.851638],[23.596309,42.855714],[23.60722,42.860651],[23.622216,42.856271],[23.62462,42.854302],[23.632511,42.856556],[23.635797,42.85248],[23.6362884,42.8386694],[23.65083,42.84531],[23.658912118,42.84189409],[23.676921,42.844461],[23.677224,42.844419],[23.678666,42.834345],[23.646943723,42.786473854],[23.646552,42.7758032],[23.6412967,42.772891],[23.6402071,42.767989],[23.636248903,42.770334618],[23.6086271,42.7266762],[23.6003281,42.7161276],[23.5943712,42.7099065],[23.5796152,42.7102992],[23.5796221,42.7080673],[23.549972,42.703862],[23.5481568,42.7039898],[23.547338,42.698852],[23.544653054,42.688479545],[23.545987,42.680656],[23.542784,42.680516],[23.5200635,42.6843302],[23.520874,42.679534],[23.49393,42.67443],[23.495066537,42.659804681],[23.497965,42.657504],[23.496362,42.649646],[23.5036635,42.6487061],[23.502832298,42.646121889],[23.509764691,42.642346093],[23.531915,42.638786],[23.534375,42.637014],[23.532933234,42.62972712],[23.559492,42.61624],[23.558794,42.615534],[23.55942,42.613089],[23.559149,42.604223],[23.5587496,42.5998457],[23.5659045,42.5669142],[23.559755528,42.559975862],[23.564841,42.557505],[23.565594,42.555176],[23.5513322,42.5504712],[23.60329,42.505864],[23.62466,42.502596],[23.630115,42.500362],[23.628949686,42.496997888],[23.6605656,42.4557386],[23.661478356,42.43832762],[23.665301,42.436284],[23.662348,42.421739],[23.615844,42.413253],[23.545778,42.412531],[23.533164,42.427884],[23.534958073,42.436046153],[23.530475,42.442605],[23.5229822,42.489905],[23.519766,42.49126],[23.4476701,42.5248623],[23.431527,42.514116],[23.425144,42.511177],[23.429493,42.509744],[23.429839,42.505206],[23.442365,42.501297],[23.440192,42.494449],[23.442985,42.49192],[23.444212747,42.486713551],[23.447498,42.483397],[23.447991,42.4818664],[23.447529,42.481312],[23.447942,42.480399],[23.4248131,42.4730278],[23.4134208,42.4639996],[23.3808273,42.4897153],[23.331007,42.508273],[23.290175,42.532721],[23.2998368,42.5447891],[23.287932,42.554187],[23.2853669,42.561699],[23.25789,42.563859],[23.250793656,42.568888453],[23.238119,42.570669],[23.2116864,42.5856756],[23.15073,42.589996]]]]}},{"type":"Feature","properties":{"slug":"targovishte","name_bg":"Търговище","name_en":"Targovishte","source":"OpenStreetMap contributors, ODbL 1.0"},"geometry":{"type":"MultiPolygon","coordinates":[[[[26.0725754,43.0751312],[26.064293,43.0776138],[26.0638146,43.082126],[26.0535633,43.0928488],[26.0614211,43.1024539],[26.0653782,43.1053333],[26.0746952,43.1067738],[26.0703411,43.1139101],[26.0586345,43.1188292],[26.0626732,43.1268704],[26.062567,43.135072],[26.0720762,43.1642753],[26.0777845,43.1651067],[26.0887338,43.1649337],[26.10225135,43.171503698],[26.1034225,43.1752186],[26.1200363,43.1801478],[26.1146691,43.189177],[26.1155279,43.1938826],[26.1165172,43.1944436],[26.1099732,43.2113426],[26.0977784,43.2199778],[26.0883165,43.2219774],[26.093675785,43.224400815],[26.0881724,43.2269499],[26.0844697,43.2335843],[26.0844687,43.2340282],[26.0848486,43.2351542],[26.0863518,43.2371185],[26.0811409,43.2386986],[26.0816585,43.2414919],[26.0571829,43.2506722],[26.055096,43.2520319],[26.0539047,43.2558317],[26.0628638,43.2655383],[26.0790194,43.2691152],[26.0795844,43.2705049],[26.0975386,43.286783],[26.0807646,43.2951679],[26.078606413,43.300869206],[26.0676193,43.309044],[26.0627195,43.3085856],[26.059783002,43.310026216],[26.026183,43.3142377],[26.0046289,43.3186792],[26.0014789,43.323778],[26.003055,43.3268589],[26.0003376,43.3284509],[26.004845946,43.328930241],[26.0058116,43.3665119],[25.9967942,43.3630464],[25.993250469,43.367340402],[25.9619697,43.3681947],[25.9600407,43.3691712],[25.945283697,43.384581721],[25.9431915,43.3838464],[25.9452008,43.4026544],[25.9486646,43.4063848],[25.9526185,43.4083522],[25.962677155,43.404015091],[25.9744779,43.4066573],[25.9823796,43.4065352],[25.9934639,43.4242747],[25.993335,43.4287116],[25.9985436,43.4295144],[26.0127918,43.4463821],[26.0293377,43.4522619],[26.027393,43.4573046],[26.0315953,43.4629081],[26.0298433,43.4644329],[26.0441756,43.4760592],[26.0323675,43.4871179],[26.0402196,43.4954806],[26.0446421,43.5150134],[26.0674032,43.5178893],[26.081129875,43.517695414],[26.0954999,43.5244847],[26.1131514,43.5242997],[26.1181424,43.520416],[26.1383979,43.5286214],[26.1732961,43.5166148],[26.189299849,43.51743697],[26.2016101,43.5258213],[26.2221642,43.5223252],[26.2191286,43.5296587],[26.2244851,43.5298886],[26.2193056,43.5356837],[26.2318458,43.5413295],[26.2219726,43.5470248],[26.2305244,43.5511375],[26.247162,43.5490616],[26.2495841,43.5542924],[26.2554095,43.5550078],[26.2676212,43.549758],[26.269552742,43.54436652],[26.277371851,43.538650293],[26.281368,43.5391545],[26.280517,43.5363872],[26.2911033,43.5286118],[26.319301,43.5223602],[26.3322287,43.5146322],[26.3318469,43.5109983],[26.3385109,43.5047653],[26.3447607,43.504922],[26.3436089,43.500605],[26.3516935,43.4994965],[26.3536398,43.4989447],[26.3611897,43.4957219],[26.3704263,43.4962618],[26.36983497,43.491115267],[26.3738195,43.4899272],[26.3773767,43.4867657],[26.3773601,43.4855038],[26.3697232,43.4695655],[26.36051,43.4626316],[26.3670335,43.4536865],[26.3777186,43.4334935],[26.3864981,43.439965],[26.3901223,43.4362254],[26.403477741,43.436533307],[26.4223478,43.4450577],[26.4307904,43.4441137],[26.4306856,43.4463737],[26.4376974,43.4476599],[26.4624681,43.4477968],[26.4716549,43.4431771],[26.4736254,43.4373521],[26.46773637,43.439270343],[26.4659895,43.4229005],[26.476761,43.42194],[26.49524,43.410009],[26.5096135,43.3889268],[26.5093891,43.3872356],[26.5088985,43.3835534],[26.4717909,43.3866225],[26.4874709,43.3619639],[26.486549,43.3492724],[26.5457729,43.345257],[26.5452345,43.3477208],[26.5454497,43.3477087],[26.5567597,43.3470369],[26.5608583,43.3467776],[26.6465476,43.3264068],[26.6453006,43.3396783],[26.6530305,43.3491105],[26.6513155,43.359702],[26.6576994,43.3658277],[26.6724644,43.3738615],[26.6829307,43.406357],[26.6959033,43.4017298],[26.7004135,43.4077032],[26.7304336,43.4100959],[26.7465776,43.4093933],[26.7532104,43.4065846],[26.7585767,43.4025073],[26.7667326,43.4074782],[26.7796493,43.4080501],[26.7986978,43.3718487],[26.8020144,43.3559315],[26.7932356,43.3549628],[26.7879461,43.3576296],[26.7856093,43.3555499],[26.7529694,43.3438375],[26.7605077,43.3437114],[26.761516,43.3374572],[26.7514951,43.3359389],[26.7553917,43.3346154],[26.7552528,43.325746],[26.7511405,43.3246251],[26.7543493,43.3227697],[26.7539701,43.3174759],[26.7459948,43.3119126],[26.745097441,43.314347708],[26.743986817,43.310187111],[26.7490272,43.3039801],[26.7482538,43.3005626],[26.7424593,43.303225],[26.7413272,43.3002237],[26.7311229,43.2851228],[26.7445361,43.2823888],[26.742776344,43.278195817],[26.7547616,43.2710716],[26.7645374,43.2683519],[26.7648415,43.2681833],[26.776025,43.258958],[26.774543722,43.250987477],[26.7792111,43.2438282],[26.7744418,43.2441092],[26.7754122,43.2325201],[26.7589922,43.2047677],[26.7569981,43.2025519],[26.7359455,43.1988411],[26.7385113,43.1989151],[26.7291126,43.1692409],[26.7269672,43.1673402],[26.7160343,43.159665351],[26.7191245,43.1551362],[26.7161624,43.1513954],[26.707359277,43.153313753],[26.7027212,43.1497581],[26.6923033,43.1503661],[26.6924806,43.1539695],[26.6622146,43.1583487],[26.662621811,43.152550853],[26.6689535,43.1523533],[26.6761021,43.1460851],[26.6716544,43.1448719],[26.6725757,43.1376612],[26.670076,43.1308957],[26.6674234,43.131338],[26.6656976,43.108758],[26.672618,43.10877],[26.673868872,43.104747011],[26.6991997,43.092313],[26.6988577,43.0813825],[26.697169,43.0785376],[26.6892388,43.0726993],[26.6634733,43.0718284],[26.661391368,43.062800328],[26.6646133,43.0543167],[26.659604358,43.055051153],[26.658860444,43.05182525],[26.6618361,43.0486521],[26.6509947,43.0452927],[26.6184795,43.0469027],[26.6165145,43.0319518],[26.611118,43.0305053],[26.6540109,43.0164611],[26.6373711,43.0131699],[26.6228521,43.0051892],[26.6086119,43.0058097],[26.5957938,42.9926756],[26.5914775,42.9909125],[26.584868,42.9847521],[26.583747,42.9841643],[26.5791699,42.9842675],[26.5342024,43.0070908],[26.5316927,43.011135],[26.5241971,43.0100064],[26.5253844,43.0060387],[26.5205234,43.0070113],[26.5210549,43.0104787],[26.5105388,43.0078442],[26.5136108,43.009775],[26.5097724,43.0099337],[26.5146009,43.0113646],[26.5038041,43.013668],[26.5035745,43.006859],[26.500678867,43.012701651],[26.4874646,43.003982],[26.4443563,42.9958919],[26.4334793,42.9984181],[26.4163176,43.0084891],[26.4143109,43.0067561],[26.4155793,43.0093552],[26.4113164,43.0106142],[26.413808,43.0123912],[26.4057168,43.0128882],[26.4104884,43.017678],[26.4063319,43.0187773],[26.4085491,43.0203027],[26.4054832,43.0241969],[26.397022,43.0207866],[26.3815713,43.0289076],[26.3723836,43.0200501],[26.3549623,43.0166245],[26.3384027,43.0355404],[26.318823,43.0340606],[26.3179224,43.0343803],[26.3146006,43.0292173],[26.2990919,43.0233309],[26.296600674,43.025954064],[26.2593324,43.0102694],[26.2465149,43.0096044],[26.2504008,42.9963824],[26.2472512,42.9801852],[26.233453,42.9663534],[26.2330736,42.9661865],[26.229754104,42.966842113],[26.2222983,42.966105],[26.1884257,42.9726322],[26.1916642,42.9707035],[26.1855205,42.9662547],[26.1801821,42.9537752],[26.179118582,42.953041894],[26.178406,42.951542],[26.17812,42.95143],[26.172011,42.950841],[26.167411,42.952152],[26.146681637,42.961015785],[26.1458224,42.9608529],[26.1364771,42.9653792],[26.0980554,42.9727637],[26.0760699,42.9792541],[26.0746294,42.9849927],[26.0850115,43.0024776],[26.1109444,43.0069366],[26.1249584,43.0175953],[26.1232007,43.0194874],[26.1195287,43.029871],[26.0953758,43.0308709],[26.09417111,43.039679174],[26.0850909,43.0429106],[26.0837025,43.0436199],[26.0833092,43.0438805],[26.0823012,43.0445632],[26.0816493,43.0451744],[26.0801988,43.0460996],[26.0776777,43.0531081],[26.0806539,43.0625047],[26.0781172,43.0703334],[26.0725754,43.0751312]],[[26.6435414,43.0197522],[26.640975,43.0204933],[26.639767399,43.016742666],[26.6440123,43.0196162],[26.6435414,43.0197522]],[[26.639025572,43.016240495],[26.639638,43.0165141],[26.639767399,43.016742666],[26.639025572,43.016240495]],[[26.6231328,43.0054446],[26.623106752,43.005464443],[26.6227263,43.0052069],[26.6231328,43.0054446]],[[26.508810974,43.013392808],[26.5087699,43.0134963],[26.5083259,43.0136071],[26.508351937,43.013493839],[26.508810974,43.013392808]],[[26.5088156,43.0133227],[26.5092487,43.0129266],[26.5141652,43.0118867],[26.514195776,43.01220764],[26.5088156,43.0133227]],[[26.51579785,43.011855032],[26.514528,43.0125886],[26.514195776,43.01220764],[26.51579785,43.011855032]],[[26.5158633,43.011809],[26.516869,43.0112003],[26.517643,43.0110902],[26.517308614,43.011522521],[26.5158633,43.011809]],[[26.5071554,43.0137923],[26.5071335,43.0139056],[26.506544376,43.013891674],[26.506907443,43.013811765],[26.5071554,43.0137923]],[[26.5034983,43.0145621],[26.5044364,43.0140441],[26.506544376,43.013891674],[26.5034983,43.0145621]]]]}},{"type":"Feature","properties":{"slug":"haskovo","name_bg":"Хасково","name_en":"Haskovo","source":"OpenStreetMap contributors, ODbL 1.0"},"geometry":{"type":"MultiPolygon","coordinates":[[[[25.404854,41.791275],[25.391968,41.799948],[25.392194,41.807332],[25.387063,41.809511],[25.383813137,41.819205394],[25.366724,41.841692],[25.353624,41.838326],[25.355116,41.831888],[25.346719,41.830404],[25.356904,41.827706],[25.34887,41.819928],[25.330614,41.816202],[25.321584,41.824783],[25.314062,41.823462],[25.313289,41.811369],[25.303915,41.807099],[25.304151,41.799959],[25.292511,41.802164],[25.284552,41.815443],[25.277598,41.817817],[25.275873,41.821682],[25.275428,41.819085],[25.270363,41.819045],[25.254551,41.826648],[25.252061,41.828761],[25.253370035,41.833297078],[25.242165,41.831091],[25.230663,41.836867],[25.234275,41.848714],[25.238256915,41.849562958],[25.226971,41.858651],[25.225101,41.864501],[25.217036,41.868404],[25.213754,41.877703],[25.217161,41.879858],[25.215846,41.893342],[25.216429,41.894649],[25.262746467,41.920632946],[25.262743,41.923827],[25.268615,41.923928],[25.27695,41.9366],[25.311523837,41.97299604],[25.309973,41.97508],[25.317243,41.979252],[25.3167692,41.9794864],[25.3111875,41.98277],[25.3074641,41.9946685],[25.307829529,41.995660693],[25.2951593,42.0442996],[25.2951774,42.0443826],[25.3082315,42.0612342],[25.318429109,42.066642127],[25.3207711,42.0719046],[25.3399503,42.0780551],[25.3480459,42.1143369],[25.3796331,42.104725],[25.3955342,42.1060886],[25.4006034,42.1039979],[25.4245329,42.0900616],[25.4244255,42.089874],[25.4277848,42.0893231],[25.4258655,42.1015998],[25.4335252,42.0979415],[25.438020777,42.099063326],[25.450979,42.1114098],[25.4577419,42.112594],[25.4576971,42.1507779],[25.4581261,42.1610117],[25.4706114,42.160731],[25.4706788,42.1641785],[25.478285559,42.16286631],[25.4972062,42.1723266],[25.5086323,42.1759462],[25.5187619,42.1766054],[25.5501093,42.157079],[25.5519946,42.1603501],[25.5571304,42.1600636],[25.5582702,42.1619101],[25.590832,42.194621],[25.590432,42.2011],[25.593814729,42.195647761],[25.601391,42.199641],[25.603619,42.200233],[25.606516,42.200469],[25.608664,42.200901],[25.609238,42.200957],[25.60932,42.200951],[25.670633549,42.145499112],[25.675336,42.146331],[25.682511,42.137683],[25.699938,42.136136],[25.705892,42.131125],[25.704901,42.121178],[25.719095,42.118121],[25.722244,42.114387],[25.724631,42.103637],[25.72185135,42.099234665],[25.763176,42.064582],[25.772052,42.053889],[25.772039,42.053905],[25.779713516,42.060540038],[25.777787,42.064257],[25.805959,42.083324],[25.829753,42.081005],[25.830494,42.086462],[25.835984,42.085526],[25.838662,42.093471],[25.842937,42.094306],[25.848567,42.10141],[25.840746,42.109307],[25.850874,42.117219],[25.849404,42.123843],[25.862857,42.130512],[25.862352,42.128368],[25.87768,42.131654],[25.875927,42.126732],[25.871994,42.127564],[25.871701,42.122822],[25.872919,42.116756],[25.876496,42.117227],[25.877551,42.113558],[25.888304,42.112597],[25.897223,42.120318],[25.906408,42.122728],[25.922935,42.107933],[25.942926,42.10326],[25.943399,42.105746],[25.951137,42.105576],[25.977022,42.095733],[26.004788,42.071493],[26.006896,42.06581],[26.016702,42.061568],[26.021069,42.053661],[26.020439,42.039536],[26.093062135,42.038088635],[26.106733,42.041756],[26.112957,42.038174],[26.123432,42.043474],[26.14894,42.036975],[26.143545833,42.093069567],[26.132701,42.100373],[26.13719,42.107865],[26.127567,42.124056],[26.132936,42.128051],[26.131209,42.133027],[26.136461,42.139805],[26.134217,42.151166],[26.136945,42.153511],[26.137538,42.154593],[26.143783336,42.160568652],[26.142855,42.163217],[26.146512081,42.163220376],[26.165878167,42.182039833],[26.16727,42.193047],[26.174777,42.193715],[26.176301,42.198434],[26.185948438,42.2015436],[26.192721,42.208125],[26.198231,42.20726],[26.371924,42.170368],[26.380243,42.171362],[26.394564,42.159707],[26.393662,42.156186],[26.409866,42.156259],[26.410206,42.152101],[26.423924,42.15382],[26.446057,42.17096],[26.449866,42.162983],[26.469389,42.152447],[26.477412,42.157579],[26.471812,42.162964],[26.490534,42.16505],[26.489084,42.171102],[26.493888,42.170128],[26.497406,42.163443],[26.494019,42.153805],[26.495147,42.145681],[26.502107,42.146606],[26.502899,42.150785],[26.51851,42.157231],[26.538043,42.154191],[26.535189,42.14718],[26.530832,42.146161],[26.538429,42.143845],[26.541089,42.141238],[26.539716,42.137973],[26.529547,42.142175],[26.523938,42.13863],[26.529593,42.135329],[26.533116,42.138561],[26.534175,42.135536],[26.528855,42.132543],[26.531555,42.127366],[26.522765,42.127059],[26.522321,42.122775],[26.513908,42.119402],[26.520897,42.110817],[26.50644,42.098456],[26.514384,42.078539],[26.509809,42.073547],[26.513813,42.069547],[26.509073,42.068986],[26.507293,42.065191],[26.510803,42.065102],[26.511141,42.059838],[26.530367,42.053832],[26.528076,42.051993],[26.53406,42.047213],[26.532365,42.031751],[26.535608,42.027913],[26.517627,42.010341],[26.51716,42.005321],[26.50856,42.002999],[26.507849,41.999976],[26.508259,41.999548],[26.52114296,41.981736975],[26.526044,41.980154],[26.525805416,41.975340185],[26.545054435,41.948930948],[26.557722,41.936867],[26.561070278,41.926957558],[26.5703494,41.9153721],[26.5728377,41.9106356],[26.5843395,41.9033968],[26.5776504,41.8981604],[26.5765364,41.8925635],[26.5684696,41.8874931],[26.574689568,41.879283916],[26.5805161,41.8769088],[26.5805603,41.8719884],[26.5803835,41.871769],[26.564307,41.855002],[26.563724,41.8541178],[26.548775765,41.841623189],[26.5386729,41.8235294],[26.3689614,41.8206934],[26.3690747,41.8193136],[26.3631374,41.8090451],[26.347778,41.7889993],[26.3478307,41.7876902],[26.3297567,41.7355656],[26.3574429,41.714517],[26.3579609,41.7111279],[26.3117242,41.708607],[26.2848568,41.7114689],[26.2495587,41.7231117],[26.2478335,41.7241322],[26.2266298,41.7402903],[26.214334,41.7318753],[26.188695937,41.737649008],[26.1301155,41.7335176],[26.1289821,41.7334912],[26.1177175,41.7258672],[26.1126893,41.7136586],[26.095666623,41.714717651],[26.0741746,41.7100622],[26.0706077,41.70971],[26.0718825,41.6490466],[26.0820684,41.6418735],[26.0900527,41.6429158],[26.0910513,41.6416359],[26.100498298,41.626986159],[26.1199913,41.6239603],[26.1232491,41.6312423],[26.1380133,41.6323294],[26.1383588,41.6135895],[26.1539594,41.6055843],[26.1500633,41.5962816],[26.1473584,41.5543188],[26.1764841,41.5549662],[26.1848795,41.5201103],[26.1719888,41.5034322],[26.1740785,41.5007365],[26.1708136,41.4922727],[26.1630503,41.4905731],[26.1535755,41.4824685],[26.154166,41.4811957],[26.1552151,41.4749711],[26.1743572,41.463794],[26.2013042,41.4383916],[26.1580902,41.3900687],[26.15095534,41.385126634],[26.1481367,41.3781998],[26.13626908,41.373419447],[26.1365954,41.3658498],[26.1304305,41.3541832],[26.1217015,41.3563068],[26.0922098,41.3468055],[26.0535307,41.3466738],[25.9753143,41.3181132],[25.9747236,41.3180603],[25.965457,41.3180482],[25.9499344,41.3210412],[25.927295796,41.368863221],[25.909519,41.366156],[25.904639,41.369601],[25.90356,41.372137],[25.916886,41.383513],[25.913628325,41.389822065],[25.90534,41.386101],[25.895536,41.390731],[25.894357,41.395069],[25.868953,41.392522],[25.843357,41.398442],[25.838013,41.395513],[25.830915,41.408522],[25.820615,41.413671],[25.819937,41.426566],[25.823621,41.428141],[25.820041,41.429726],[25.819497,41.435971],[25.824642,41.441274],[25.829119,41.435739],[25.836901,41.440369],[25.834057,41.445941],[25.841529,41.453086],[25.852417,41.452958],[25.855753,41.462741],[25.864299725,41.465466669],[25.857961,41.475187],[25.853507,41.475153],[25.854026,41.479511],[25.846884,41.48156],[25.847772,41.484159],[25.838564,41.477105],[25.834553,41.478184],[25.824798,41.48477],[25.821652,41.496298],[25.813543,41.498911],[25.812265,41.505444],[25.799375,41.509432],[25.798846,41.505027],[25.793454,41.505617],[25.794545,41.509856],[25.790574,41.518289],[25.764817,41.524005],[25.755145,41.536851],[25.76079,41.539071],[25.759822,41.544925],[25.773739,41.538651],[25.778415,41.542393],[25.784766,41.539507],[25.786857,41.543709],[25.780895,41.552128],[25.791152,41.578722],[25.78694,41.585884],[25.796758,41.58453],[25.827993,41.603411],[25.831388,41.601877],[25.840193,41.612997],[25.777614,41.653109],[25.774097,41.656987],[25.759827,41.651728],[25.754938,41.642238],[25.747513,41.636323],[25.743867,41.622026],[25.715542,41.610161],[25.707494,41.618481],[25.704344,41.614625],[25.697164,41.620745],[25.680083,41.624555],[25.672503,41.624427],[25.649161,41.608437],[25.640863,41.611634],[25.644673,41.614623],[25.642982,41.620423],[25.622602,41.624225],[25.603627,41.622401],[25.599559,41.624923],[25.604693,41.634255],[25.603055,41.641098],[25.602065,41.641794],[25.557564,41.757161],[25.546103,41.758777],[25.540882,41.75223],[25.534226,41.759889],[25.528172,41.756402],[25.519724,41.757837],[25.516102609,41.765916774],[25.500587878,41.769193159],[25.483927,41.762316],[25.464959425,41.776717139],[25.406763,41.789007],[25.404854,41.791275]],[[26.372118687,42.170123945],[26.37213,42.1702],[26.371924,42.170368],[26.372118687,42.170123945]]]]}},{"type":"Feature","properties":{"slug":"shumen","name_bg":"Шумен","name_en":"Shumen","source":"OpenStreetMap contributors, ODbL 1.0"},"geometry":{"type":"MultiPolygon","coordinates":[[[[26.689053,42.899641],[26.682513,42.896747],[26.677473,42.899831],[26.66681,42.898922],[26.652429,42.903701],[26.650573,42.907555],[26.656722188,42.911078531],[26.699621363,42.905231398],[26.689053,42.899641]]],[[[26.589976,42.920176],[26.596133,42.927039],[26.613375,42.926919],[26.627561,42.931636],[26.633704,42.923549],[26.657385,42.932338],[26.666373,42.93012],[26.670291,42.918166],[26.666951,42.915103],[26.66867,42.919759],[26.665415,42.924346],[26.656722188,42.911078531],[26.589976,42.920176]]],[[[26.589716,42.920266],[26.58965874,42.920304284],[26.589976,42.920176],[26.589716,42.920266]]],[[[26.588868562,42.920623793],[26.589297,42.920538],[26.58965874,42.920304284],[26.588868562,42.920623793]]],[[[26.5888,42.920636],[26.588525,42.920672],[26.588369293,42.920825673],[26.588868562,42.920623793],[26.5888,42.920636]]],[[[26.587496171,42.92117872],[26.588281,42.920961],[26.588369293,42.920825673],[26.587496171,42.92117872]]],[[[26.587182,42.921239],[26.564649,42.927598],[26.557966,42.923593],[26.553945,42.926396],[26.559129,42.932649],[26.587182,42.921239]]],[[[26.559019,42.932721],[26.557199,42.934725],[26.556624865,42.935665516],[26.559129,42.932649],[26.559019,42.932721]]],[[[26.5564024,42.9359335],[26.556612,42.935701],[26.556624865,42.935665516],[26.5564024,42.9359335]]],[[[26.556204,42.936151],[26.5562,42.943183],[26.550748,42.948261],[26.557043,42.954091],[26.561005,42.971062],[26.571524,42.976502],[26.56779,42.978141],[26.5777192,42.9857617],[26.556204,42.936151]]],[[[26.5849526,42.9848784],[26.5794285,42.9841831],[26.5777192,42.9857617],[26.5849526,42.9848784]]],[[[26.5849345,42.9848976],[26.5835989,42.9898801],[26.5887261,42.9968407],[26.5914984,42.9909721],[26.5849345,42.9848976]]],[[[26.596429091,42.995217573],[26.5957938,42.9926756],[26.5914775,42.9909125],[26.596429091,42.995217573]]],[[[26.596501,42.9955053],[26.5953776,42.9987737],[26.603176264,43.001083783],[26.596429091,42.995217573],[26.596501,42.9955053]]],[[[26.6086119,43.0058097],[26.6084755,43.0042241],[26.603176264,43.001083783],[26.6086119,43.0058097]]],[[[26.6086505,43.0058098],[26.618011,43.006941],[26.623106752,43.005464443],[26.6227263,43.0052069],[26.6086505,43.0058098]]],[[[26.624253518,43.006240732],[26.6234866,43.005449],[26.6227263,43.0052069],[26.6231328,43.0054446],[26.624253518,43.006240732]]],[[[26.624262,43.0062492],[26.6244519,43.0063801],[26.624570298,43.006455172],[26.624253518,43.006240732],[26.624262,43.0062492]]],[[[26.639025572,43.016240495],[26.6440123,43.0196162],[26.6540173,43.0165185],[26.6373711,43.0131699],[26.624570298,43.006455172],[26.639025572,43.016240495]]],[[[26.6387615,43.0161537],[26.6256352,43.0169442],[26.628480576,43.024757714],[26.6440123,43.0196162],[26.640975,43.0204933],[26.6387615,43.0161537]]],[[[26.624389748,43.026111913],[26.627402,43.0258383],[26.628480576,43.024757714],[26.624389748,43.026111913]]],[[[26.6243673,43.0261133],[26.6235234,43.0260493],[26.622489282,43.02674103],[26.624389748,43.026111913],[26.6243673,43.0261133]]],[[[26.621685413,43.027007137],[26.6221785,43.0270662],[26.622489282,43.02674103],[26.621685413,43.027007137]]],[[[26.621605,43.0270069],[26.6212751,43.0271068],[26.621177791,43.027175177],[26.621685413,43.027007137],[26.621605,43.0270069]]],[[[26.619970352,43.027574879],[26.6204478,43.0275233],[26.621177791,43.027175177],[26.619970352,43.027574879]]],[[[26.6198864,43.0275828],[26.611338,43.028066],[26.611118,43.0305053],[26.619970352,43.027574879],[26.6198864,43.0275828]]],[[[26.617205424,43.044064755],[26.6165145,43.0319518],[26.611118,43.0305053],[26.617205424,43.044064755]]],[[[26.6174123,43.0449638],[26.6178599,43.045777],[26.6184795,43.0469027],[26.617205424,43.044064755],[26.6174123,43.0449638]]],[[[26.6196029,43.0469708],[26.6349976,43.0476361],[26.63600114,43.047476103],[26.6184795,43.0469027],[26.6196029,43.0469708]]],[[[26.656676112,43.0481527],[26.6499459,43.0452529],[26.63600114,43.047476103],[26.656676112,43.0481527]]],[[[26.656823,43.0481917],[26.6571774,43.0481932],[26.6580237,43.0481968],[26.656676112,43.0481527],[26.656823,43.0481917]]],[[[26.658860444,43.05182525],[26.6594302,43.051285],[26.6618361,43.0486521],[26.6580237,43.0481968],[26.658860444,43.05182525]]],[[[26.6580978,43.0525484],[26.6557888,43.0544132],[26.659604358,43.055051153],[26.6580978,43.0525484]]],[[[26.661391368,43.062800328],[26.6622226,43.0592504],[26.6646133,43.0543167],[26.659604358,43.055051153],[26.661391368,43.062800328]]],[[[26.6609784,43.0635836],[26.6543829,43.0658319],[26.6552339,43.0716795],[26.6634733,43.0718284],[26.6609784,43.0635836]]],[[[26.667388357,43.072607933],[26.6673866,43.0713588],[26.6634733,43.0718284],[26.667388357,43.072607933]]],[[[26.6668845,43.07326],[26.6656209,43.0751281],[26.671283694,43.073383539],[26.667388357,43.072607933],[26.6668845,43.07326]]],[[[26.674326929,43.073989482],[26.6737809,43.0727293],[26.671283694,43.073383539],[26.674326929,43.073989482]]],[[[26.6744428,43.0742569],[26.674880625,43.074099729],[26.674326929,43.073989482],[26.6744428,43.0742569]]],[[[26.695576276,43.07822047],[26.6892388,43.0726993],[26.674880625,43.074099729],[26.695576276,43.07822047]]],[[[26.6960101,43.0783245],[26.696329474,43.078370441],[26.695576276,43.07822047],[26.6960101,43.0783245]]],[[[26.696982342,43.078500434],[26.6965878,43.0784076],[26.696329474,43.078370441],[26.696982342,43.078500434]]],[[[26.6971536,43.0785358],[26.697169,43.0785376],[26.696982342,43.078500434],[26.6971536,43.0785358]]],[[[26.6969094,43.0787126],[26.6968796,43.0812511],[26.6971012,43.0813087],[26.697561702,43.08120152],[26.6969094,43.0787126]]],[[[26.699154782,43.092008294],[26.6988577,43.0813825],[26.697561702,43.08120152],[26.699154782,43.092008294]]],[[[26.6991498,43.0922142],[26.6991997,43.092313],[26.699154782,43.092008294],[26.6991498,43.0922142]]],[[[26.6991754,43.092305],[26.6828416,43.0908624],[26.6844682,43.0980173],[26.6744365,43.0986906],[26.673868872,43.104747011],[26.6991754,43.092305]]],[[[26.6656976,43.108758],[26.672618,43.10877],[26.673868872,43.104747011],[26.6656976,43.108758]]],[[[26.662621811,43.152550853],[26.6689535,43.1523533],[26.6761021,43.1460851],[26.6716544,43.1448719],[26.6725757,43.1376612],[26.670076,43.1308957],[26.6674234,43.131338],[26.6656976,43.108758],[26.662621811,43.152550853]]],[[[26.6625743,43.1525542],[26.6600063,43.1539735],[26.6622146,43.1583487],[26.662621811,43.152550853],[26.6625743,43.1525542]]],[[[26.6628202,43.1584752],[26.6638781,43.159202],[26.669256511,43.157423904],[26.6622146,43.1583487],[26.6628202,43.1584752]]],[[[26.672248926,43.157030918],[26.670189,43.1571192],[26.669256511,43.157423904],[26.672248926,43.157030918]]],[[[26.673218,43.1573721],[26.6781319,43.1579964],[26.6862388,43.155614],[26.672248926,43.157030918],[26.673218,43.1573721]]],[[[26.7063242,43.1525559],[26.7027212,43.1497581],[26.6923033,43.1503661],[26.6924806,43.1539695],[26.6857506,43.1546087],[26.686046912,43.155218864],[26.7063242,43.1525559]]],[[[26.7065791,43.1530984],[26.7066919,43.1533707],[26.7073592,43.1533248],[26.7063242,43.1525559],[26.7065791,43.1530984]]],[[[26.7160343,43.159665351],[26.7185798,43.1529675],[26.7074245,43.152563],[26.707359277,43.153313753],[26.7160343,43.159665351]]],[[[26.7160729,43.1597435],[26.7202938,43.165532],[26.726492423,43.167322483],[26.7160343,43.159665351],[26.7160729,43.1597435]]],[[[26.726805702,43.167551857],[26.7269672,43.1673402],[26.726492423,43.167322483],[26.726805702,43.167551857]]],[[[26.7267015,43.1676258],[26.7251599,43.1684426],[26.7291126,43.1692409],[26.726805702,43.167551857],[26.7267015,43.1676258]]],[[[26.7278268,43.1696056],[26.7198947,43.1706545],[26.7216199,43.1726129],[26.7188697,43.175019],[26.7245284,43.1815439],[26.7267808,43.1803543],[26.734351137,43.1919343],[26.7278268,43.1696056]]],[[[26.7359455,43.1988411],[26.7385113,43.1989151],[26.734351137,43.1919343],[26.7359455,43.1988411]]],[[[26.73586,43.1992078],[26.7349237,43.2032292],[26.756669972,43.202657833],[26.7359455,43.1988411],[26.73586,43.1992078]]],[[[26.7570526,43.2027283],[26.7569981,43.2025519],[26.756669972,43.202657833],[26.7570526,43.2027283]]],[[[26.757124529,43.202807382],[26.757106,43.2027686],[26.7570526,43.2027283],[26.757124529,43.202807382]]],[[[26.7573747,43.203331],[26.7582569,43.2049494],[26.758923,43.2047847],[26.757124529,43.202807382],[26.7573747,43.203331]]],[[[26.759217934,43.205337775],[26.7589922,43.2047677],[26.758923,43.2047847],[26.759217934,43.205337775]]],[[[26.76168,43.211569],[26.7644434,43.2175025],[26.76972,43.2250318],[26.759217934,43.205337775],[26.76168,43.211569]]],[[[26.774543722,43.250987477],[26.7792111,43.2438282],[26.7744418,43.2441092],[26.7754712,43.2327555],[26.76972,43.2250318],[26.774543722,43.250987477]]],[[[26.7730718,43.2516819],[26.7754936,43.257746],[26.776025,43.258958],[26.774543722,43.250987477],[26.7730718,43.2516819]]],[[[26.7759147,43.2590054],[26.7691874,43.2612336],[26.766603363,43.266662474],[26.776025,43.258958],[26.7759147,43.2590054]]],[[[26.7645374,43.2683519],[26.7648415,43.2681833],[26.766603363,43.266662474],[26.7645374,43.2683519]]],[[[26.7614225,43.2692011],[26.7610421,43.2693048],[26.7547616,43.2710716],[26.7645374,43.2683519],[26.7614225,43.2692011]]],[[[26.7537239,43.2713622],[26.7471942,43.2741447],[26.7373285,43.273141],[26.7367597,43.2759327],[26.742776344,43.278195817],[26.7537239,43.2713622]]],[[[26.7311229,43.2851228],[26.7336309,43.2848937],[26.7445361,43.2823888],[26.742776344,43.278195817],[26.7311229,43.2851228]]],[[[26.7311395,43.2851651],[26.7371125,43.3010622],[26.7413272,43.3002237],[26.7311229,43.2851228],[26.7311395,43.2851651]]],[[[26.743986817,43.310187111],[26.7490272,43.3039801],[26.7482538,43.3005626],[26.7427234,43.3032969],[26.7413272,43.3002237],[26.743986817,43.310187111]]],[[[26.7438351,43.3103432],[26.7412855,43.3136805],[26.7446778,43.3148742],[26.745097441,43.314347708],[26.7438351,43.3103432]]],[[[26.7529694,43.3438375],[26.7605077,43.3437114],[26.761516,43.3374572],[26.7514951,43.3359389],[26.7553917,43.3346154],[26.7552528,43.325746],[26.7511405,43.3246251],[26.7543493,43.3227697],[26.7539701,43.3174759],[26.7459948,43.3119126],[26.7529694,43.3438375]]],[[[26.752968,43.3438534],[26.7611368,43.3555398],[26.7660361,43.352739],[26.78365351,43.355936935],[26.752968,43.3438534]]],[[[26.787010418,43.357260639],[26.7856093,43.3555499],[26.78365351,43.355936935],[26.787010418,43.357260639]]],[[[26.7871299,43.3574159],[26.7873126,43.3578375],[26.7879461,43.3576296],[26.787010418,43.357260639],[26.7871299,43.3574159]]],[[[26.7911781,43.3567008],[26.7932356,43.3549628],[26.7879461,43.3576296],[26.7911781,43.3567008]]],[[[26.8006319,43.3610153],[26.8020144,43.3559315],[26.7932356,43.3549628],[26.8006319,43.3610153]]],[[[26.7972394,43.3610142],[26.7954259,43.3610052],[26.7977577,43.3689506],[26.8006319,43.3610153],[26.7972394,43.3610142]]],[[[26.787125916,43.391906656],[26.7986978,43.3718487],[26.7977577,43.3689506],[26.787125916,43.391906656]]],[[[26.7856769,43.3943705],[26.785342566,43.395757249],[26.787125916,43.391906656],[26.7856769,43.3943705]]],[[[26.785006173,43.396483587],[26.7859293,43.3963314],[26.785342566,43.395757249],[26.785006173,43.396483587]]],[[[26.7828194,43.3968441],[26.7800021,43.3974403],[26.783067055,43.400670512],[26.785006173,43.396483587],[26.7828194,43.3968441]]],[[[26.7796493,43.4080501],[26.7826845,43.4059692],[26.783067055,43.400670512],[26.7796493,43.4080501]]],[[[26.7796489,43.4080494],[26.7753997,43.4051896],[26.773933557,43.406546668],[26.7796493,43.4080501],[26.7796489,43.4080494]]],[[[26.7585767,43.4025073],[26.7667326,43.4074782],[26.773933557,43.406546668],[26.7585767,43.4025073]]],[[[26.757171733,43.403360319],[26.7572629,43.4036279],[26.7585767,43.4025073],[26.757171733,43.403360319]]],[[[26.7571674,43.4033476],[26.757096,43.4034063],[26.757171733,43.403360319],[26.7571674,43.4033476]]],[[[26.7304386,43.410095],[26.7465776,43.4093933],[26.757096,43.4034063],[26.7304386,43.410095]]],[[[26.730338,43.4103286],[26.7280674,43.410469],[26.7285254,43.4151223],[26.734389971,43.417126597],[26.730338,43.4103286]]],[[[26.735301628,43.41874892],[26.7350136,43.4172972],[26.734389971,43.417126597],[26.735301628,43.41874892]]],[[[26.7361019,43.4213599],[26.7394033,43.4268683],[26.7432995,43.4329814],[26.735301628,43.41874892],[26.7361019,43.4213599]]],[[[26.735620853,43.439088525],[26.739578,43.4409071],[26.7454166,43.4363445],[26.7432995,43.4329814],[26.735620853,43.439088525]]],[[[26.7355496,43.4391087],[26.7331906,43.4409255],[26.7323893,43.441425],[26.732584968,43.441503082],[26.7355496,43.4391087]]],[[[26.729422797,43.444018079],[26.7313242,43.4431831],[26.7332339,43.4418227],[26.732584968,43.441503082],[26.729422797,43.444018079]]],[[[26.7292934,43.4440885],[26.7195017,43.4473973],[26.7156118,43.4550025],[26.729422797,43.444018079],[26.7292934,43.4440885]]],[[[26.715627503,43.455015353],[26.7156266,43.4550006],[26.7156118,43.4550025],[26.715627503,43.455015353]]],[[[26.7156622,43.455582],[26.7158094,43.4573077],[26.7183654,43.4572563],[26.715627503,43.455015353],[26.7156622,43.455582]]],[[[26.718561,43.4572924],[26.7193978,43.4574904],[26.720091933,43.457499687],[26.7183654,43.4572563],[26.718561,43.4572924]]],[[[26.759863269,43.463106207],[26.7407114,43.4577095],[26.7330286,43.4589772],[26.728381,43.4545245],[26.7258562,43.4582313],[26.720091933,43.457499687],[26.759863269,43.463106207]]],[[[26.7599415,43.4631278],[26.7601796,43.4631508],[26.759863269,43.463106207],[26.7599415,43.4631278]]],[[[26.7599831,43.4784841],[26.7650355,43.4728452],[26.7634385,43.4703478],[26.7698919,43.4679413],[26.765506,43.4640845],[26.7601796,43.4631508],[26.7599831,43.4784841]]],[[[26.7599552,43.478547],[26.7634705,43.4842665],[26.7722279,43.4891971],[26.7599831,43.4784841],[26.7599552,43.478547]]],[[[26.772537967,43.489182837],[26.772271,43.4891798],[26.7722279,43.4891971],[26.772537967,43.489182837]]],[[[26.7728335,43.4891862],[26.7809799,43.4921148],[26.786832299,43.488525324],[26.772537967,43.489182837],[26.7728335,43.4891862]]],[[[26.798792896,43.487975159],[26.7898773,43.4851202],[26.786832299,43.488525324],[26.798792896,43.487975159]]],[[[26.7988405,43.4879886],[26.8008294,43.4888833],[26.803617397,43.487753241],[26.798792896,43.487975159],[26.7988405,43.4879886]]],[[[26.806950015,43.487599946],[26.80682,43.4865211],[26.803617397,43.487753241],[26.806950015,43.487599946]]],[[[26.806934,43.4876755],[26.8069968,43.4876694],[26.8072793,43.4875848],[26.806950015,43.487599946],[26.806934,43.4876755]]],[[[26.8072704,43.4876186],[26.8115209,43.4941683],[26.81843445,43.498679307],[26.8072793,43.4875848],[26.8072704,43.4876186]]],[[[26.824012808,43.50422734],[26.8257972,43.5016505],[26.81843445,43.498679307],[26.824012808,43.50422734]]],[[[26.8239284,43.5043669],[26.8239287,43.5043984],[26.82417641,43.504390052],[26.824012808,43.50422734],[26.8239284,43.5043669]]],[[[26.8242026,43.5044161],[26.8242106,43.5043889],[26.82417641,43.504390052],[26.8242026,43.5044161]]],[[[26.7956127,43.5273753],[26.8012422,43.5272376],[26.8058523,43.5329976],[26.8172386,43.5224879],[26.8242026,43.5044161],[26.7956127,43.5273753]]],[[[26.807625382,43.547264884],[26.8084234,43.5464459],[26.7956127,43.5273753],[26.807625382,43.547264884]]],[[[26.8057419,43.5485482],[26.8006778,43.5523528],[26.8161158,43.5613226],[26.807625382,43.547264884],[26.8057419,43.5485482]]],[[[26.8172043,43.5618185],[26.8253203,43.5638079],[26.8279993,43.5648279],[26.827765246,43.563492162],[26.8172043,43.5618185]]],[[[26.8697495,43.5713112],[26.8532633,43.5604291],[26.8518534,43.5638502],[26.8274839,43.5599527],[26.827765246,43.563492162],[26.8697495,43.5713112]]],[[[26.8689731,43.5716731],[26.8681561,43.5721529],[26.8672472,43.5735315],[26.8697495,43.5713112],[26.8689731,43.5716731]]],[[[26.8635134,43.5790714],[26.867086,43.5764559],[26.8681256,43.5738344],[26.86780946,43.573725385],[26.8635134,43.5790714]]],[[[26.870091521,43.587847869],[26.8719952,43.5834878],[26.8635134,43.5790714],[26.870091521,43.587847869]]],[[[26.8694593,43.5882769],[26.8639895,43.5926],[26.878261989,43.598748832],[26.870091521,43.587847869],[26.8694593,43.5882769]]],[[[26.8782855,43.5987802],[26.8782965,43.5987637],[26.878261989,43.598748832],[26.8782855,43.5987802]]],[[[26.893241641,43.610071721],[26.8853837,43.6013056],[26.8782855,43.5987802],[26.893241641,43.610071721]]],[[[26.8934924,43.6104442],[26.8940325,43.6106688],[26.893241641,43.610071721],[26.8934924,43.6104442]]],[[[26.899335636,43.608224595],[26.8970644,43.609265],[26.8940325,43.6106688],[26.899335636,43.608224595]]],[[[26.9007642,43.6075702],[26.9019362,43.607026],[26.899335636,43.608224595],[26.9007642,43.6075702]]],[[[26.9020035,43.6067295],[26.902003677,43.606714743],[26.9019362,43.607026],[26.9020035,43.6067295]]],[[[26.903401458,43.600267112],[26.9018394,43.6012102],[26.902003677,43.606714743],[26.903401458,43.600267112]]],[[[26.9034301,43.6002432],[26.903413489,43.600211618],[26.903401458,43.600267112],[26.9034301,43.6002432]]],[[[26.903499746,43.599813735],[26.9032833,43.5999641],[26.903413489,43.600211618],[26.903499746,43.599813735]]],[[[26.9037589,43.5996337],[26.903806902,43.598396894],[26.903499746,43.599813735],[26.9037589,43.5996337]]],[[[26.904049441,43.59727812],[26.9038378,43.5976008],[26.903806902,43.598396894],[26.904049441,43.59727812]]],[[[26.9043042,43.5968897],[26.9048146,43.5953449],[26.904799188,43.593819716],[26.904049441,43.59727812],[26.9043042,43.5968897]]],[[[26.9051957,43.5919907],[26.904702,43.5920242],[26.904799188,43.593819716],[26.9051957,43.5919907]]],[[[26.907991623,43.592745407],[26.9070106,43.5921591],[26.9051957,43.5919907],[26.907991623,43.592745407]]],[[[26.9080142,43.5927589],[26.9087303,43.5930022],[26.908910414,43.592993417],[26.907991623,43.592745407],[26.9080142,43.5927589]]],[[[26.945544663,43.602882146],[26.9237273,43.5933327],[26.908910414,43.592993417],[26.945544663,43.602882146]]],[[[26.9457375,43.6029677],[26.949002,43.6044936],[26.950073058,43.604104502],[26.945544663,43.602882146],[26.9457375,43.6029677]]],[[[26.952126031,43.604658663],[26.9513748,43.6036316],[26.950073058,43.604104502],[26.952126031,43.604658663]]],[[[26.9533153,43.6062846],[26.9555403,43.6063137],[26.956911842,43.605950503],[26.952126031,43.604658663],[26.9533153,43.6062846]]],[[[26.9575657,43.606127],[26.9573587,43.6060051],[26.956911842,43.605950503],[26.9575657,43.606127]]],[[[26.9574014,43.6063705],[26.9574669,43.6067909],[26.95803108,43.607362412],[26.9575657,43.606127],[26.9574014,43.6063705]]],[[[26.961250127,43.615907789],[26.9605054,43.6094756],[26.95803108,43.607362412],[26.961250127,43.615907789]]],[[[26.9613735,43.6164757],[26.961836841,43.617465297],[26.961250127,43.615907789],[26.9613735,43.6164757]]],[[[26.961855822,43.617515685],[26.9618441,43.6174808],[26.961836841,43.617465297],[26.961855822,43.617515685]]],[[[26.9621678,43.6184441],[26.9625298,43.6198856],[26.962907375,43.620307167],[26.961855822,43.617515685],[26.9621678,43.6184441]]],[[[26.963036737,43.620650574],[26.9629804,43.6203887],[26.962907375,43.620307167],[26.963036737,43.620650574]]],[[[26.9631044,43.6209651],[26.963192522,43.621064125],[26.963036737,43.620650574],[26.9631044,43.6209651]]],[[[26.96380637,43.622693665],[26.9638808,43.6223513],[26.963192522,43.621064125],[26.96380637,43.622693665]]],[[[26.9637701,43.6228605],[26.9638557,43.6231489],[26.964139194,43.62357719],[26.96380637,43.622693665],[26.9637701,43.6228605]]],[[[26.964181356,43.623689116],[26.9641672,43.6236195],[26.964139194,43.62357719],[26.964181356,43.623689116]]],[[[26.9642752,43.6241506],[26.964411739,43.624300696],[26.964181356,43.623689116],[26.9642752,43.6241506]]],[[[26.9645246,43.6246003],[26.9645703,43.624475],[26.964411739,43.624300696],[26.9645246,43.6246003]]],[[[26.9638771,43.6276952],[26.9712059,43.633109],[26.972136847,43.633534137],[26.9645246,43.6246003],[26.9638771,43.6276952]]],[[[26.9850011,43.6486318],[26.9831062,43.6416039],[26.972136847,43.633534137],[26.9850011,43.6486318]]],[[[26.9856685,43.6495969],[26.9892364,43.6525272],[27.0004649,43.6498928],[27.002856,43.6538561],[27.022839952,43.650790362],[26.9850011,43.6486318],[26.9856685,43.6495969]]],[[[27.0289795,43.6511406],[27.0285219,43.6507195],[27.022839952,43.650790362],[27.0289795,43.6511406]]],[[[27.0304956,43.6528335],[27.0328193,43.655163],[27.0352517,43.6574505],[27.0289795,43.6511406],[27.0304956,43.6528335]]],[[[27.0269303,43.6595634],[27.02965738,43.664069932],[27.0352517,43.6574505],[27.0269303,43.6595634]]],[[[27.029175408,43.664640222],[27.0294944,43.6646561],[27.0303853,43.6650699],[27.02965738,43.664069932],[27.029175408,43.664640222]]],[[[27.0288095,43.6647455],[27.0242137,43.665132],[27.0225106,43.6661544],[27.027383498,43.666760484],[27.0288095,43.6647455]]],[[[27.020412713,43.675008608],[27.0259331,43.6769043],[27.027935,43.6668822],[27.027383498,43.666760484],[27.020412713,43.675008608]]],[[[27.0201937,43.6749433],[27.0138723,43.6710643],[27.0115929,43.6768951],[27.015254818,43.681111644],[27.0201937,43.6749433]]],[[[27.007272544,43.690556603],[27.0113683,43.6898781],[27.015431,43.6812598],[27.015254818,43.681111644],[27.007272544,43.690556603]]],[[[27.0045954,43.691128],[27.0019581,43.6916739],[27.0018892,43.6969264],[27.007272544,43.690556603],[27.0045954,43.691128]]],[[[27.0395769,43.7059479],[27.0157251,43.6969825],[27.0018892,43.6969264],[27.0395769,43.7059479]]],[[[27.0405805,43.7065186],[27.0588251,43.7127675],[27.0555504,43.7162069],[27.0637226,43.7207365],[27.0819877,43.7189366],[27.0405805,43.7065186]]],[[[27.113811516,43.713476659],[27.1096934,43.7115429],[27.0820805,43.7150672],[27.0819877,43.7189366],[27.113811516,43.713476659]]],[[[27.1169081,43.7150362],[27.1269558,43.7180385],[27.1298137,43.7107312],[27.113811516,43.713476659],[27.1169081,43.7150362]]],[[[27.1059967,43.6891068],[27.1074606,43.7058983],[27.1298137,43.7107312],[27.1059967,43.6891068]]],[[[27.1077969,43.6899629],[27.107715243,43.688240526],[27.1059967,43.6891068],[27.1077969,43.6899629]]],[[[27.116631089,43.683746278],[27.1076247,43.684002],[27.107715243,43.688240526],[27.116631089,43.683746278]]],[[[27.1222936,43.6835855],[27.1270837,43.6834311],[27.1270322,43.6799589],[27.1346028,43.6746872],[27.116631089,43.683746278],[27.1222936,43.6835855]]],[[[27.135677777,43.67430487],[27.1354794,43.6740991],[27.1345883,43.6746794],[27.1346028,43.6746872],[27.135677777,43.67430487]]],[[[27.1358333,43.6743877],[27.1378481,43.6736928],[27.135677777,43.67430487],[27.1358333,43.6743877]]],[[[27.1517707,43.6685812],[27.1437229,43.6686697],[27.1371498,43.6731262],[27.137711145,43.673581674],[27.1517707,43.6685812]]],[[[27.152708857,43.668965244],[27.1525708,43.6685617],[27.1517707,43.6685812],[27.152708857,43.668965244]]],[[[27.1528159,43.6691814],[27.155793,43.6727988],[27.1782806,43.6794333],[27.152708857,43.668965244],[27.1528159,43.6691814]]],[[[27.208334998,43.668636885],[27.1921377,43.6731318],[27.1821308,43.6720317],[27.1782806,43.6794333],[27.208334998,43.668636885]]],[[[27.2190262,43.6659604],[27.219511204,43.664622067],[27.208334998,43.668636885],[27.2190262,43.6659604]]],[[[27.219537,43.6646128],[27.2195126,43.6646201],[27.219511204,43.664622067],[27.219537,43.6646128]]],[[[27.2372138,43.6439704],[27.2215224,43.6480146],[27.2102214,43.6608912],[27.2060594,43.6618524],[27.219537,43.6646128],[27.2372138,43.6439704]]],[[[27.2384727,43.6438547],[27.2382928,43.6437892],[27.2372138,43.6439704],[27.2384727,43.6438547]]],[[[27.2699264,43.6458984],[27.2642285,43.6454103],[27.2384727,43.6438547],[27.2699264,43.6458984]]],[[[27.2699323,43.6462479],[27.2713185,43.6464195],[27.2763826,43.6422356],[27.273112349,43.640479763],[27.2699323,43.6462479]]],[[[27.27650323,43.634712579],[27.2697271,43.6387232],[27.2693661,43.6399449],[27.273112349,43.640479763],[27.27650323,43.634712579]]],[[[27.2950778,43.6235234],[27.3001013,43.6113329],[27.3029185,43.5897857],[27.27650323,43.634712579],[27.2950778,43.6235234]]],[[[27.3034216,43.5898971],[27.3097726,43.5912514],[27.312455455,43.591760941],[27.3029185,43.5897857],[27.3034216,43.5898971]]],[[[27.315301165,43.592350328],[27.3139781,43.5920412],[27.312455455,43.591760941],[27.315301165,43.592350328]]],[[[27.3157216,43.5924408],[27.315860863,43.59246625],[27.315301165,43.592350328],[27.3157216,43.5924408]]],[[[27.32093436,43.593517044],[27.319392,43.5931592],[27.315860863,43.59246625],[27.32093436,43.593517044]]],[[[27.3216678,43.5936779],[27.322101743,43.593758825],[27.32093436,43.593517044],[27.3216678,43.5936779]]],[[[27.32343281,43.594034509],[27.3226507,43.5938612],[27.322101743,43.593758825],[27.32343281,43.594034509]]],[[[27.3242874,43.5942355],[27.3252498,43.5944149],[27.325402119,43.594442381],[27.32343281,43.594034509],[27.3242874,43.5942355]]],[[[27.329236584,43.595236554],[27.3276883,43.5948868],[27.325402119,43.594442381],[27.329236584,43.595236554]]],[[[27.3294844,43.5952978],[27.330595838,43.595518075],[27.329236584,43.595236554],[27.3294844,43.5952978]]],[[[27.3472737,43.5989723],[27.3344509,43.5962907],[27.330595838,43.595518075],[27.3472737,43.5989723]]],[[[27.3650725,43.6026876],[27.3876892,43.6073868],[27.3894612,43.6114044],[27.4071116,43.613536],[27.411798283,43.605087077],[27.3472737,43.5989723],[27.3650725,43.6026876]]],[[[27.430201561,43.607877816],[27.4142418,43.6017954],[27.4117925,43.6050862],[27.411799,43.6050858],[27.430201561,43.607877816]]],[[[27.4306153,43.6080511],[27.4315129,43.6084692],[27.432798848,43.608271678],[27.430201561,43.607877816],[27.4306153,43.6080511]]],[[[27.432898211,43.608286745],[27.4328518,43.6082666],[27.432798848,43.608271678],[27.432898211,43.608286745]]],[[[27.432961,43.608314],[27.4339512,43.6085371],[27.4339972,43.6084534],[27.432898211,43.608286745],[27.432961,43.608314]]],[[[27.4348588,43.6066389],[27.4359515,43.603538],[27.429497802,43.60032658],[27.4339972,43.6084534],[27.4348588,43.6066389]]],[[[27.4294595,43.6002574],[27.4294299,43.6002926],[27.429497802,43.60032658],[27.4294595,43.6002574]]],[[[27.4245054,43.5884236],[27.4197989,43.5954106],[27.4294595,43.6002574],[27.4245054,43.5884236]]],[[[27.419052158,43.584018796],[27.4180361,43.5856189],[27.4245054,43.5884236],[27.419052158,43.584018796]]],[[[27.419937,43.5827534],[27.4231734,43.5778925],[27.391870651,43.562063193],[27.419052158,43.584018796],[27.419937,43.5827534]]],[[[27.386409653,43.557652124],[27.3856697,43.5589961],[27.391870651,43.562063193],[27.386409653,43.557652124]]],[[[27.3865182,43.5574093],[27.3867214,43.5570233],[27.3832185,43.5550745],[27.386409653,43.557652124],[27.3865182,43.5574093]]],[[[27.3832798,43.555014],[27.3713011,43.5482982],[27.3832185,43.5550745],[27.3832798,43.555014]]],[[[27.3712649,43.5482874],[27.3594491,43.5452934],[27.3472216,43.5425462],[27.347216701,43.542584595],[27.3712649,43.5482874]]],[[[27.3316552,43.5388929],[27.3334283,43.5418745],[27.346937,43.5444735],[27.347216701,43.542584595],[27.3316552,43.5388929]]],[[[27.3312936,43.5382699],[27.3244834,43.5267811],[27.318512319,43.52581742],[27.3316552,43.5388929],[27.3312936,43.5382699]]],[[[27.3059548,43.5133243],[27.3076052,43.5195945],[27.318512319,43.52581742],[27.3059548,43.5133243]]],[[[27.3071968,43.5122147],[27.307520823,43.511710646],[27.3059548,43.5133243],[27.3071968,43.5122147]]],[[[27.314421739,43.504599834],[27.3074463,43.5056013],[27.307520823,43.511710646],[27.314421739,43.504599834]]],[[[27.3165554,43.5041514],[27.3258797,43.5036415],[27.332802,43.4969533],[27.3435031,43.4975021],[27.3387808,43.4951964],[27.3381974,43.4853178],[27.3353904,43.4829934],[27.314421739,43.504599834],[27.3165554,43.5041514]]],[[[27.3353516,43.4829612],[27.3352132,43.4827085],[27.33443898,43.482224026],[27.3353904,43.4829934],[27.3353516,43.4829612]]],[[[27.3267477,43.4760044],[27.3278119,43.4786506],[27.33443898,43.482224026],[27.3267477,43.4760044]]],[[[27.3268104,43.4759265],[27.3391135,43.4619369],[27.3425682,43.4629863],[27.3481499,43.4567765],[27.337226929,43.455524814],[27.3268104,43.4759265]]],[[[27.337592838,43.454809717],[27.3368239,43.454902],[27.3364228,43.4553103],[27.337226929,43.455524814],[27.337592838,43.454809717]]],[[[27.3376076,43.454806],[27.3430146,43.4543208],[27.3451252,43.4400892],[27.337592838,43.454809717],[27.3376076,43.454806]]],[[[27.345131,43.4400503],[27.344975865,43.440046658],[27.3451252,43.4400892],[27.345131,43.4400503]]],[[[27.3245006,43.4342137],[27.3401282,43.4401911],[27.344975865,43.440046658],[27.3245006,43.4342137]]],[[[27.3245648,43.4339124],[27.3327242,43.4289342],[27.3358344,43.4261421],[27.324463713,43.425373021],[27.3245648,43.4339124]]],[[[27.324448792,43.421796917],[27.3155156,43.4203916],[27.3140584,43.4234679],[27.324463713,43.425373021],[27.324448792,43.421796917]]],[[[27.3247703,43.4218432],[27.3263104,43.4218768],[27.3269327,43.4143923],[27.324417,43.4141775],[27.3247703,43.4218432]]],[[[27.306499613,43.410326859],[27.3092149,43.4135298],[27.324417,43.4141775],[27.306499613,43.410326859]]],[[[27.306047,43.4098095],[27.304088,43.408975],[27.303814207,43.409749737],[27.306499613,43.410326859],[27.306047,43.4098095]]],[[[27.301313,43.4092122],[27.3034417,43.4108038],[27.303814207,43.409749737],[27.301313,43.4092122]]],[[[27.3013871,43.4091979],[27.3019852,43.3994545],[27.291098074,43.399619809],[27.301313,43.4092122],[27.3013871,43.4091979]]],[[[27.281935474,43.391015611],[27.2830886,43.3982784],[27.291098074,43.399619809],[27.281935474,43.391015611]]],[[[27.2817078,43.3888585],[27.2796451,43.384693],[27.275930201,43.385376322],[27.281935474,43.391015611],[27.2817078,43.3888585]]],[[[27.274299972,43.383845445],[27.2743216,43.3855653],[27.275930201,43.385376322],[27.274299972,43.383845445]]],[[[27.2742662,43.3837087],[27.2738078,43.3830463],[27.2715396,43.3812533],[27.274299972,43.383845445],[27.2742662,43.3837087]]],[[[27.2715517,43.3812352],[27.2715706,43.3811865],[27.271463986,43.381077903],[27.2715396,43.3812533],[27.2715517,43.3812352]]],[[[27.270993961,43.379987608],[27.2710264,43.3803984],[27.271463986,43.381077903],[27.270993961,43.379987608]]],[[[27.2709647,43.3798994],[27.270945983,43.379876316],[27.270993961,43.379987608],[27.2709647,43.3798994]]],[[[27.270734965,43.379386828],[27.2707672,43.3796014],[27.270945983,43.379876316],[27.270734965,43.379386828]]],[[[27.2707678,43.3792098],[27.2706723,43.3787453],[27.270055421,43.377810523],[27.270734965,43.379386828],[27.2707678,43.3792098]]],[[[27.26998687,43.377651508],[27.2700009,43.3777334],[27.270055421,43.377810523],[27.26998687,43.377651508]]],[[[27.2699721,43.3775653],[27.2698667,43.376676],[27.269157,43.3757265],[27.26998687,43.377651508],[27.2699721,43.3775653]]],[[[27.2700876,43.375664],[27.2797131,43.3756074],[27.2817521,43.3731402],[27.269157,43.3757265],[27.2700876,43.375664]]],[[[27.289785269,43.350484587],[27.2807902,43.35821],[27.2817521,43.3731402],[27.289785269,43.350484587]]],[[[27.2900552,43.3504531],[27.290934,43.3499193],[27.29016193,43.349422307],[27.289785269,43.350484587],[27.2900552,43.3504531]]],[[[27.290652905,43.348037629],[27.2902772,43.3485391],[27.29016193,43.349422307],[27.290652905,43.348037629]]],[[[27.2909819,43.3477179],[27.2934644,43.3472015],[27.2938124,43.3454475],[27.29179254,43.344823565],[27.2909819,43.3477179]]],[[[27.292132,43.3438662],[27.2918072,43.3446902],[27.29179254,43.344823565],[27.292132,43.3438662]]],[[[27.2924244,43.343526],[27.2955681,43.3425281],[27.2962787,43.3360808],[27.3062458,43.3350518],[27.3087806,43.3268265],[27.295256397,43.327974486],[27.2924244,43.343526]]],[[[27.2992929,43.3074435],[27.2938699,43.3076167],[27.2939694,43.3280855],[27.295256397,43.327974486],[27.2992929,43.3074435]]],[[[27.2992499,43.3073134],[27.2964492,43.3032998],[27.272301381,43.298841956],[27.2992929,43.3074435],[27.2992499,43.3073134]]],[[[27.265935737,43.296813379],[27.2668265,43.2978175],[27.272301381,43.298841956],[27.265935737,43.296813379]]],[[[27.2644733,43.2949665],[27.2620756,43.2917279],[27.2580439,43.292849],[27.252798,43.2926267],[27.265935737,43.296813379],[27.2644733,43.2949665]]],[[[27.2528742,43.2926209],[27.2525604,43.2870087],[27.249399643,43.284759709],[27.252798,43.2926267],[27.2528742,43.2926209]]],[[[27.241986118,43.267597843],[27.2405791,43.2800061],[27.2439867,43.2861933],[27.2472003,43.2860494],[27.249399643,43.284759709],[27.241986118,43.267597843]]],[[[27.242109,43.2675568],[27.2425109,43.2671302],[27.2411218,43.265597],[27.241986118,43.267597843],[27.242109,43.2675568]]],[[[27.242341085,43.264897409],[27.2416766,43.2651816],[27.241029,43.2654961],[27.2411218,43.265597],[27.242341085,43.264897409]]],[[[27.242386,43.2648782],[27.2555075,43.2632512],[27.257907823,43.255965665],[27.242341085,43.264897409],[27.242386,43.2648782]]],[[[27.271302984,43.248279909],[27.2644538,43.2454551],[27.2588306,43.247084],[27.257907823,43.255965665],[27.271302984,43.248279909]]],[[[27.2713607,43.2483455],[27.2727658,43.2495695],[27.2734453,43.2493364],[27.271884801,43.247946079],[27.2713607,43.2483455]]],[[[27.2752422,43.2460197],[27.2714231,43.2468822],[27.2714323,43.2472773],[27.271884801,43.247946079],[27.2752422,43.2460197]]],[[[27.275273181,43.245927079],[27.2752454,43.2459677],[27.2752422,43.2460197],[27.275273181,43.245927079]]],[[[27.2754542,43.2456624],[27.2755068,43.245405],[27.275482004,43.245302789],[27.275273181,43.245927079],[27.2754542,43.2456624]]],[[[27.277140849,43.240343564],[27.274127,43.2419777],[27.275482004,43.245302789],[27.277140849,43.240343564]]],[[[27.2774791,43.2400341],[27.277461155,43.239385988],[27.277140849,43.240343564],[27.2774791,43.2400341]]],[[[27.2940361,43.1898341],[27.2833371,43.1953451],[27.281691,43.2080108],[27.2730649,43.2243758],[27.277461155,43.239385988],[27.2940361,43.1898341]]],[[[27.294065173,43.1896212],[27.2939804,43.1897383],[27.2940361,43.1898341],[27.294065173,43.1896212]]],[[[27.2941889,43.1894947],[27.297494,43.1872985],[27.2997962,43.1813087],[27.2954152,43.1797351],[27.2941889,43.1894947]]],[[[27.290672066,43.180085249],[27.2942862,43.1813511],[27.2954152,43.1797351],[27.290672066,43.180085249]]],[[[27.2899313,43.1798345],[27.2843947,43.1780553],[27.27684893,43.181105706],[27.290672066,43.180085249],[27.2899313,43.1798345]]],[[[27.267403208,43.181803011],[27.2731209,43.1828171],[27.27684893,43.181105706],[27.267403208,43.181803011]]],[[[27.2668899,43.1817244],[27.266635537,43.181859682],[27.267403208,43.181803011],[27.2668899,43.1817244]]],[[[27.2585429,43.1824571],[27.2638211,43.183586],[27.2666216,43.1839056],[27.266635537,43.181859682],[27.2585429,43.1824571]]],[[[27.258399,43.1824142],[27.258374,43.1787493],[27.2481315,43.1745887],[27.2502774,43.1719628],[27.2298416,43.1619966],[27.2224297,43.1657948],[27.2243728,43.1694511],[27.2123577,43.1676916],[27.2200116,43.1654363],[27.2252638,43.1615542],[27.185872626,43.175061006],[27.258399,43.1824142]]],[[[27.185116,43.174984],[27.1858075,43.175075],[27.185872626,43.175061006],[27.185116,43.174984]]],[[[27.201232469,43.163562992],[27.191581,43.165478],[27.180368,43.16601],[27.185116,43.174984],[27.201232469,43.163562992]]],[[[27.201425,43.163549],[27.201423205,43.163427826],[27.201232469,43.163562992],[27.201425,43.163549]]],[[[27.2046296,43.1611556],[27.202233,43.161904],[27.201222,43.163154],[27.201423205,43.163427826],[27.2046296,43.1611556]]],[[[27.204594,43.161398],[27.202657,43.162937],[27.211497,43.161243],[27.213613,43.154314],[27.204594,43.161398]]],[[[27.1720033,43.112201518],[27.165614,43.118469],[27.170157,43.121894],[27.180702,43.122657],[27.181273,43.137047],[27.187768,43.136787],[27.187666,43.13982],[27.195801,43.137992],[27.196342,43.151595],[27.2118244,43.1538552],[27.1720033,43.112201518]]],[[[27.17215,43.111754],[27.172844,43.110534],[27.169910256,43.110012151],[27.1720033,43.112201518],[27.17215,43.111754]]],[[[27.163046,43.102832],[27.16139,43.107028],[27.169910256,43.110012151],[27.163046,43.102832]]],[[[27.163222,43.10283],[27.167014,43.101945],[27.174032188,43.098016897],[27.163046,43.102832],[27.163222,43.10283]]],[[[27.175515,43.097367],[27.174655,43.097605],[27.174032188,43.098016897],[27.175515,43.097367]]],[[[27.175498992,43.097332008],[27.175492,43.097363],[27.175515,43.097367],[27.175498992,43.097332008]]],[[[27.175531,43.0973],[27.181932,43.083526],[27.166579687,43.077835558],[27.175498992,43.097332008],[27.175531,43.0973]]],[[[27.1660988,43.0767844],[27.165307,43.077539],[27.166579687,43.077835558],[27.1660988,43.0767844]]],[[[27.187437095,43.075628586],[27.183382,43.071582],[27.1660988,43.0767844],[27.187437095,43.075628586]]],[[[27.187438,43.075629],[27.187439215,43.075628471],[27.187437095,43.075628586],[27.187438,43.075629]]],[[[27.188244674,43.075584843],[27.188062,43.075453],[27.187439215,43.075628471],[27.188244674,43.075584843]]],[[[27.188406,43.075781],[27.19072,43.078092],[27.200881,43.077168],[27.199902413,43.074953387],[27.188406,43.075781]]],[[[27.203732849,43.074745907],[27.20256,43.074452],[27.199483,43.074108],[27.199902413,43.074953387],[27.203732849,43.074745907]]],[[[27.204286,43.074872],[27.205651,43.075053],[27.20760212,43.074536324],[27.203732849,43.074745907],[27.204286,43.074872]]],[[[27.213922,43.074194],[27.210103,43.073966],[27.20760212,43.074536324],[27.213922,43.074194]]],[[[27.208185,43.0637985],[27.206973,43.068228],[27.213922,43.074194],[27.208185,43.0637985]]],[[[27.208277155,43.063713473],[27.208246,43.063725],[27.208185,43.0637985],[27.208277155,43.063713473]]],[[[27.208346,43.063688],[27.219337,43.055089],[27.223194,43.057958],[27.223735,43.054603],[27.218788128,43.054015484],[27.208346,43.063688]]],[[[27.2330524,43.0408545],[27.21576,43.046233],[27.213192,43.050672],[27.218788128,43.054015484],[27.2330524,43.0408545]]],[[[27.233032,43.040554],[27.232990925,43.040241661],[27.2330524,43.0408545],[27.233032,43.040554]]],[[[27.2329783,43.0401158],[27.232984,43.040189],[27.232990925,43.040241661],[27.2329783,43.0401158]]],[[[27.232843,43.040102],[27.231646,43.040258],[27.230736537,43.040442426],[27.2329783,43.0401158],[27.232843,43.040102]]],[[[27.230365188,43.040496532],[27.230591,43.040468],[27.230736537,43.040442426],[27.230365188,43.040496532]]],[[[27.230314,43.040503],[27.230085,43.040484],[27.229162183,43.040671811],[27.230365188,43.040496532],[27.230314,43.040503]]],[[[27.22847054,43.040772584],[27.228915,43.040716],[27.229162183,43.040671811],[27.22847054,43.040772584]]],[[[27.22795,43.040724],[27.226034,43.040728],[27.22398321,43.041426391],[27.22847054,43.040772584],[27.22795,43.040724]]],[[[27.222328493,43.041667484],[27.223485,43.04165],[27.22398321,43.041426391],[27.222328493,43.041667484]]],[[[27.222086,43.041697],[27.220715,43.041817],[27.219560474,43.042070786],[27.222328493,43.041667484],[27.222086,43.041697]]],[[[27.2175398,43.0423652],[27.218984,43.042249],[27.219560474,43.042070786],[27.2175398,43.0423652]]],[[[27.215311637,43.042577673],[27.21629,43.042831],[27.2175398,43.0423652],[27.215311637,43.042577673]]],[[[27.215112,43.042489],[27.189436,43.03768],[27.18358,43.03987],[27.182381,43.04463],[27.215112,43.042489]]],[[[27.177893584,43.043207212],[27.177756,43.043359],[27.1827141,43.0456861],[27.177893584,43.043207212]]],[[[27.17825,43.042814],[27.172635,43.03555],[27.176013,43.031793],[27.174104,43.029694],[27.153702,43.030767],[27.17825,43.042814]]],[[[27.1290433,43.0330322],[27.151071,43.032945],[27.153702,43.030767],[27.1290433,43.0330322]]],[[[27.128519566,43.032871486],[27.128559,43.032895],[27.1290433,43.0330322],[27.128519566,43.032871486]]],[[[27.128076,43.032607],[27.126982329,43.032399768],[27.128519566,43.032871486],[27.128076,43.032607]]],[[[27.126874837,43.032366783],[27.126878,43.03238],[27.126982329,43.032399768],[27.126874837,43.032366783]]],[[[27.12685,43.032263],[27.12623,43.032109],[27.125919544,43.032073641],[27.126874837,43.032366783],[27.12685,43.032263]]],[[[27.125168987,43.031843325],[27.125431,43.032018],[27.125919544,43.032073641],[27.125168987,43.031843325]]],[[[27.125149,43.03183],[27.124696,43.031555],[27.124093222,43.031513215],[27.125168987,43.031843325],[27.125149,43.03183]]],[[[27.09454073,43.022444709],[27.113956,43.032415],[27.124093222,43.031513215],[27.09454073,43.022444709]]],[[[27.094531,43.022428],[27.094207,43.022238],[27.093624927,43.022163686],[27.09454073,43.022444709],[27.094531,43.022428]]],[[[27.092522904,43.021825518],[27.093261,43.022173],[27.093624927,43.022163686],[27.092522904,43.021825518]]],[[[27.092504,43.021731],[27.090583,43.020092],[27.085039,43.019529],[27.092522904,43.021825518],[27.092504,43.021731]]],[[[27.072258,43.013472],[27.079816,43.019068],[27.085039,43.019529],[27.072258,43.013472]]],[[[27.072241,43.013304],[27.072155,43.012725],[27.07207834,43.012656725],[27.072258,43.013472],[27.072241,43.013304]]],[[[27.0707651,43.0066974],[27.068992,43.010412],[27.07207834,43.012656725],[27.0707651,43.0066974]]],[[[27.088056582,42.968115377],[27.071856,42.971879],[27.066957,42.981182],[27.065738,42.984252],[27.070739,42.989655],[27.067627,43.001156],[27.0707651,43.0066974],[27.088056582,42.968115377]]],[[[27.088073,42.968114],[27.095441,42.967545],[27.093521698,42.955921207],[27.088056582,42.968115377],[27.088073,42.968114]]],[[[27.09374485,42.955423295],[27.093657,42.95558],[27.093521698,42.955921207],[27.09374485,42.955423295]]],[[[27.093842,42.95525],[27.094191,42.954467],[27.094284685,42.954218776],[27.09374485,42.955423295],[27.093842,42.95525]]],[[[27.094428,42.953899],[27.094308,42.954157],[27.094284685,42.954218776],[27.094428,42.953899]]],[[[27.094464,42.953822],[27.094955,42.953386],[27.093963,42.952959],[27.094428,42.953899],[27.094464,42.953822]]],[[[27.0910126,42.947623],[27.091151,42.952971],[27.093773,42.953114],[27.093930763,42.952985298],[27.0910126,42.947623]]],[[[27.086215919,42.945963994],[27.089255,42.948766],[27.0910126,42.947623],[27.086215919,42.945963994]]],[[[27.086199,42.945941],[27.0678,42.938304],[27.0606051,42.9371061],[27.086215919,42.945963994],[27.086199,42.945941]]],[[[27.05694301,42.936322294],[27.058443,42.93703],[27.0606051,42.9371061],[27.05694301,42.936322294]]],[[[27.056513,42.936131],[27.050832,42.934124],[27.045638193,42.933902697],[27.05694301,42.936322294],[27.056513,42.936131]]],[[[27.028683188,42.930273777],[27.038774,42.935177],[27.045638193,42.933902697],[27.028683188,42.930273777]]],[[[27.028645,42.930245],[27.023024,42.926893],[27.013266,42.926974],[27.028683188,42.930273777],[27.028645,42.930245]]],[[[27.013149,42.926968],[27.007495,42.925749],[27.005518,42.921929],[27.001813,42.92689],[27.003457,42.932396],[26.998811605,42.937477429],[27.013149,42.926968]]],[[[26.995675572,42.939756258],[26.99843,42.938696],[26.998811605,42.937477429],[26.995675572,42.939756258]]],[[[26.995332,42.939848],[26.993833,42.940172],[26.993484016,42.941348774],[26.995675572,42.939756258],[26.995332,42.939848]]],[[[26.9863585,42.9465266],[26.993467,42.946309],[26.994962,42.943979],[26.993484016,42.941348774],[26.9863585,42.9465266]]],[[[26.985975,42.946359],[26.977781,42.942433],[26.953496,42.945455],[26.935301,42.935448],[26.920918,42.941061],[26.916756,42.935313],[26.910388,42.934881],[26.905353,42.936819],[26.901457788,42.945792321],[26.985975,42.946359]]],[[[26.869277,42.945514],[26.895809,42.949289],[26.901457788,42.945792321],[26.869277,42.945514]]],[[[26.867632,42.945443],[26.866769739,42.945548339],[26.869277,42.945514],[26.867632,42.945443]]],[[[26.863155803,42.945597835],[26.86525,42.945734],[26.866769739,42.945548339],[26.863155803,42.945597835]]],[[[26.862985,42.945499],[26.855667,42.939436],[26.8188166,42.9462051],[26.863155803,42.945597835],[26.862985,42.945499]]],[[[26.787835361,42.935270279],[26.79092,42.941121],[26.796135,42.940726],[26.796106,42.949503],[26.8188166,42.9462051],[26.787835361,42.935270279]]],[[[26.787951,42.93529],[26.787936,42.935015],[26.787235696,42.935058627],[26.787835361,42.935270279],[26.787951,42.93529]]],[[[26.783452262,42.933723265],[26.785645,42.935026],[26.787235696,42.935058627],[26.783452262,42.933723265]]],[[[26.783501,42.933669],[26.781059,42.922343],[26.775806,42.918323],[26.767601,42.917649],[26.758702,42.90474],[26.73486,42.904345],[26.729948,42.897975],[26.701862,42.904926],[26.783501,42.933669]]],[[[26.701709,42.904934],[26.701665244,42.904952818],[26.701862,42.904926],[26.701709,42.904934]]],[[[26.699621363,42.905231398],[26.699986,42.905675],[26.701665244,42.904952818],[26.699621363,42.905231398]]]]}},{"type":"Feature","properties":{"slug":"yambol","name_bg":"Ямбол","name_en":"Yambol","source":"OpenStreetMap contributors, ODbL 1.0"},"geometry":{"type":"MultiPolygon","coordinates":[[[[26.37229,42.169133],[26.371935,42.160781],[26.35384,42.162802],[26.350574,42.160139],[26.34904,42.164863],[26.340456,42.163547],[26.341601,42.161452],[26.297569,42.177394],[26.276564,42.176977],[26.267355,42.186048],[26.2538,42.186814],[26.235713,42.194973],[26.219177,42.187271],[26.198780537,42.206848292],[26.37229,42.169133]]],[[[26.197817946,42.207051104],[26.198231,42.20726],[26.198780537,42.206848292],[26.197817946,42.207051104]]],[[[26.197624,42.206813],[26.196699,42.206061],[26.192721,42.208125],[26.197817946,42.207051104],[26.197624,42.206813]]],[[[26.192693,42.208188],[26.192202,42.209194],[26.192316349,42.209394289],[26.192721,42.208125],[26.192693,42.208188]]],[[[26.192185636,42.209804301],[26.192595,42.209673],[26.192554,42.209579],[26.192316349,42.209394289],[26.192185636,42.209804301]]],[[[26.192128,42.209852],[26.192104,42.20993],[26.19210705,42.210050808],[26.192185636,42.209804301],[26.192128,42.209852]]],[[[26.191986039,42.210430387],[26.192144,42.210329],[26.19210705,42.210050808],[26.191986039,42.210430387]]],[[[26.191928,42.210497],[26.191819,42.210853],[26.191711997,42.211289989],[26.191986039,42.210430387],[26.191928,42.210497]]],[[[26.190932764,42.213734246],[26.191376,42.212557],[26.191711997,42.211289989],[26.190932764,42.213734246]]],[[[26.190857,42.213852],[26.169688,42.220838],[26.176303,42.224717],[26.181876,42.221733],[26.186122,42.223995],[26.174938,42.228661],[26.170597,42.234205],[26.173582,42.236922],[26.172385,42.247568],[26.168402,42.25071],[26.175719,42.261456],[26.190857,42.213852]]],[[[26.200985237,42.361199826],[26.219049,42.36626],[26.218924,42.378628],[26.227042,42.381191],[26.240106,42.377699],[26.259891,42.366278],[26.250795,42.365639],[26.250934,42.361278],[26.231064,42.344423],[26.233148,42.343436],[26.224954,42.327416],[26.22543,42.317085],[26.215082,42.317433],[26.213381,42.307414],[26.204448,42.303284],[26.204287,42.285403],[26.189518,42.285425],[26.175719,42.261456],[26.200985237,42.361199826]]],[[[26.199276,42.360807],[26.186106,42.361325],[26.185517,42.366807],[26.190632,42.368336],[26.187035,42.37331],[26.183284,42.373249],[26.187447,42.37623],[26.184801,42.387255],[26.188126,42.389778],[26.183333,42.393911],[26.181025,42.402696],[26.185227,42.403739],[26.179053,42.4151],[26.185695,42.415434],[26.192628,42.411355],[26.191864,42.408249],[26.212613813,42.407106093],[26.199276,42.360807]]],[[[26.225214,42.456848],[26.232345,42.454342],[26.236771,42.427335],[26.235313,42.417235],[26.242362,42.414796],[26.225263,42.401673],[26.212613813,42.407106093],[26.225214,42.456848]]],[[[26.225248,42.456898],[26.232429,42.469777],[26.238474,42.467639],[26.246944,42.472436],[26.262496,42.465198],[26.264808,42.460094],[26.271774,42.46113],[26.27231,42.459011],[26.225248,42.456898]]],[[[26.285818052,42.459271058],[26.287197,42.45175],[26.271854,42.45232],[26.272311899,42.458731058],[26.285818052,42.459271058]]],[[[26.285708,42.459858],[26.288325613,42.459371315],[26.285818052,42.459271058],[26.285708,42.459858]]],[[[26.33501794,42.461238158],[26.33379,42.458685],[26.340706,42.454142],[26.32542,42.449486],[26.321834,42.453962],[26.314501,42.450814],[26.315669,42.448755],[26.302619,42.448659],[26.300808,42.457654],[26.288325613,42.459371315],[26.33501794,42.461238158]]],[[[26.33584,42.462301],[26.338562,42.464805],[26.361376,42.462292],[26.33501794,42.461238158],[26.33584,42.462301]]],[[[26.361336,42.462353],[26.358749,42.464809],[26.358338,42.477549],[26.36945,42.478349],[26.377835,42.495408],[26.404646,42.497458],[26.361336,42.462353]]],[[[26.408342031,42.510595868],[26.410085,42.508004],[26.404646,42.497458],[26.408342031,42.510595868]]],[[[26.407148,42.512109],[26.397718,42.51798],[26.396828,42.529646],[26.392606,42.532404],[26.391584,42.539683],[26.410393,42.546166],[26.413195,42.553599],[26.409552,42.556848],[26.422765582,42.561865654],[26.407148,42.512109]]],[[[26.423260059,42.563623317],[26.423368,42.562841],[26.422765582,42.561865654],[26.423260059,42.563623317]]],[[[26.4232,42.563725],[26.418574,42.565291],[26.426244,42.57423],[26.423260059,42.563623317],[26.4232,42.563725]]],[[[26.42639,42.574206],[26.428171,42.573907],[26.428864684,42.572452963],[26.426244,42.57423],[26.42639,42.574206]]],[[[26.429535665,42.571997983],[26.429205,42.571969],[26.428864684,42.572452963],[26.429535665,42.571997983]]],[[[26.429958,42.572035],[26.431456,42.5723],[26.43184937,42.570429101],[26.429535665,42.571997983],[26.429958,42.572035]]],[[[26.433022199,42.569633828],[26.432582,42.569698],[26.43184937,42.570429101],[26.433022199,42.569633828]]],[[[26.433364,42.569584],[26.434986,42.569328],[26.43583302,42.567727862],[26.433022199,42.569633828],[26.433364,42.569584]]],[[[26.454691034,42.55494059],[26.440126,42.56124],[26.43583302,42.567727862],[26.454691034,42.55494059]]],[[[26.456002,42.554556],[26.456859,42.554148],[26.461315,42.550449],[26.454691034,42.55494059],[26.456002,42.554556]]],[[[26.46825125,42.551824304],[26.461696,42.550266],[26.461315,42.550449],[26.46825125,42.551824304]]],[[[26.468264,42.551851],[26.468904,42.552788],[26.469928807,42.552156927],[26.46825125,42.551824304],[26.468264,42.551851]]],[[[26.470287843,42.552228116],[26.470184,42.552191],[26.469928807,42.552156927],[26.470287843,42.552228116]]],[[[26.470696,42.552374],[26.471486,42.552994],[26.4720885,42.552585146],[26.470287843,42.552228116],[26.470696,42.552374]]],[[[26.473019502,42.552769743],[26.472628,42.552488],[26.4720885,42.552585146],[26.473019502,42.552769743]]],[[[26.473034,42.552791],[26.473555,42.553303],[26.474502406,42.55306377],[26.473019502,42.552769743],[26.473034,42.552791]]],[[[26.479306155,42.554016247],[26.478089,42.553178],[26.474502406,42.55306377],[26.479306155,42.554016247]]],[[[26.479336,42.554045],[26.479071,42.556593],[26.496619,42.557449],[26.479306155,42.554016247],[26.479336,42.554045]]],[[[26.49563,42.558559],[26.501895,42.569279],[26.517169,42.573672],[26.513525,42.577918],[26.522268,42.578392],[26.52365,42.573197],[26.543338891,42.570222731],[26.49563,42.558559]]],[[[26.569085,42.577262],[26.552043,42.56821],[26.543338891,42.570222731],[26.569085,42.577262]]],[[[26.578125151,42.584839207],[26.583771,42.583024],[26.569085,42.577262],[26.578125151,42.584839207]]],[[[26.577944,42.584836],[26.574929,42.593691],[26.591943719,42.596421552],[26.578125151,42.584839207],[26.577944,42.584836]]],[[[26.612378587,42.613549499],[26.611025,42.603172],[26.600566,42.597075],[26.591943719,42.596421552],[26.612378587,42.613549499]]],[[[26.612603,42.61527],[26.614106,42.624006],[26.627359,42.626784],[26.612378587,42.613549499],[26.612603,42.61527]]],[[[26.669031,42.661034],[26.672494,42.637425],[26.664736,42.637442],[26.664251,42.632329],[26.656922,42.631818],[26.659963,42.617363],[26.644869,42.617754],[26.64498,42.611183],[26.618376,42.613638],[26.626179,42.623003],[26.634541,42.62203],[26.632677,42.625921],[26.62715023,42.625930685],[26.669031,42.661034]]],[[[26.651774761,42.676793936],[26.668726,42.676802],[26.671849,42.6663],[26.669031,42.661034],[26.651774761,42.676793936]]],[[[26.651575,42.67676],[26.642985,42.680024],[26.637178,42.690125],[26.651774761,42.676793936],[26.651575,42.67676]]],[[[26.637258,42.690286],[26.637296451,42.690332901],[26.637178,42.690125],[26.637258,42.690286]]],[[[26.637877615,42.691352945],[26.637701,42.690789],[26.637296451,42.690332901],[26.637877615,42.691352945]]],[[[26.637865,42.691484],[26.637975,42.691575],[26.638048,42.691652],[26.637877615,42.691352945],[26.637865,42.691484]]],[[[26.63815,42.691771],[26.638756,42.692594],[26.640588,42.693433],[26.638048,42.691652],[26.63815,42.691771]]],[[[26.6428218,42.6934073],[26.64224,42.693265],[26.640588,42.693433],[26.6428218,42.6934073]]],[[[26.642988,42.693438],[26.643372,42.693529],[26.643585274,42.693530012],[26.6428218,42.6934073],[26.642988,42.693438]]],[[[26.649654149,42.694505454],[26.653002,42.691076],[26.643585274,42.693530012],[26.649654149,42.694505454]]],[[[26.649594,42.694628],[26.662184,42.697557],[26.667632421,42.697395079],[26.649654149,42.694505454],[26.649594,42.694628]]],[[[26.668111,42.697472],[26.668108,42.697401],[26.667632421,42.697395079],[26.668111,42.697472]]],[[[26.668383,42.697469],[26.673145,42.697421],[26.676887494,42.695001424],[26.668111,42.697472],[26.668383,42.697469]]],[[[26.682026641,42.693554758],[26.680724,42.69361],[26.676887494,42.695001424],[26.682026641,42.693554758]]],[[[26.68208,42.693551],[26.682393,42.693513],[26.683064594,42.693262575],[26.682026641,42.693554758],[26.68208,42.693551]]],[[[26.688986182,42.691595652],[26.686655,42.691926],[26.683064594,42.693262575],[26.688986182,42.691595652]]],[[[26.68957,42.691565],[26.690664,42.691441],[26.692136197,42.690708925],[26.688986182,42.691595652],[26.68957,42.691565]]],[[[26.714001,42.684554],[26.701717,42.68621],[26.692136197,42.690708925],[26.714001,42.684554]]],[[[26.714488,42.684553],[26.720033,42.682454],[26.721170934,42.679651057],[26.714001,42.684554],[26.714488,42.684553]]],[[[26.721266704,42.679585567],[26.721174,42.679633],[26.721170934,42.679651057],[26.721266704,42.679585567]]],[[[26.72186,42.679282],[26.721868914,42.679173764],[26.721266704,42.679585567],[26.72186,42.679282]]],[[[26.742768335,42.664882324],[26.729447,42.671892],[26.71843,42.674777],[26.721868914,42.679173764],[26.742768335,42.664882324]]],[[[26.743371,42.664638],[26.744596,42.664474],[26.744452,42.663731],[26.742768335,42.664882324],[26.743371,42.664638]]],[[[26.770862939,42.636459083],[26.757136,42.637005],[26.756281,42.648969],[26.747822,42.648544],[26.747033,42.652723],[26.740615,42.652864],[26.744452,42.663731],[26.770862939,42.636459083]]],[[[26.772174,42.636904],[26.772215,42.636839],[26.772832011,42.634425821],[26.770862939,42.636459083],[26.772174,42.636904]]],[[[26.967222956,42.433697869],[26.94716,42.437699],[26.947113,42.453181],[26.896019,42.450647],[26.897694,42.444367],[26.880629,42.451472],[26.880254,42.458605],[26.876867,42.458756],[26.884018,42.477557],[26.869603,42.479957],[26.873954,42.487824],[26.880053,42.490799],[26.881006,42.495892],[26.866326,42.492559],[26.854308,42.502944],[26.838676,42.507364],[26.84541,42.515972],[26.843751,42.522138],[26.835475,42.52303],[26.820251,42.532197],[26.817493,42.538953],[26.806834,42.545012],[26.809659,42.556408],[26.805474,42.561923],[26.811547,42.568348],[26.785914,42.582653],[26.79058,42.587316],[26.783841,42.588954],[26.781524,42.601324],[26.79042,42.606089],[26.782718,42.624105],[26.776309,42.622979],[26.772832011,42.634425821],[26.967222956,42.433697869]]],[[[26.969718,42.433095],[26.969733,42.431106],[26.967222956,42.433697869],[26.969718,42.433095]]],[[[26.969747,42.431005],[26.970451,42.419969],[26.963935372,42.414551272],[26.969733,42.431106],[26.969747,42.431005]]],[[[26.921825,42.294308],[26.909648,42.307093],[26.920162,42.319783],[26.919064,42.32774],[26.911906,42.336307],[26.917061,42.341514],[26.899966,42.347618],[26.879881,42.367064],[26.861316,42.367601],[26.867932,42.376106],[26.862788,42.379577],[26.862342,42.387674],[26.868808,42.388369],[26.868418,42.394628],[26.904436,42.406637],[26.940444,42.406174],[26.963935372,42.414551272],[26.921825,42.294308]]],[[[26.92201,42.294134],[26.922534,42.293268],[26.922608672,42.293136513],[26.921825,42.294308],[26.92201,42.294134]]],[[[26.922942189,42.292637948],[26.92281,42.292782],[26.922608672,42.293136513],[26.922942189,42.292637948]]],[[[26.922966,42.292612],[26.926015,42.288959],[26.933891,42.288709],[26.940342,42.282119],[26.968169,42.283334],[26.967382,42.275669],[26.951433,42.26677],[26.947559452,42.255838347],[26.922966,42.292612]]],[[[26.974914065,42.214946765],[26.958851,42.214448],[26.958163,42.218295],[26.954031,42.218618],[26.953921,42.222025],[26.949788,42.222193],[26.945154,42.227633],[26.94123,42.237698],[26.935817,42.240776],[26.945084,42.249492],[26.945208,42.25421],[26.947559452,42.255838347],[26.974914065,42.214946765]]],[[[26.975216,42.215009],[26.976743,42.21492],[26.989847,42.207169],[26.980166383,42.207095233],[26.975216,42.215009]]],[[[27.0596437,42.088287],[27.049225,42.093177],[27.046007,42.100143],[27.03023,42.098752],[27.00554,42.105138],[26.999943,42.104185],[26.997183,42.0997],[26.984151,42.100603],[26.979414,42.107121],[26.976434,42.125105],[26.97481,42.127432],[26.969793,42.126238],[26.973627,42.134667],[26.959172,42.135767],[26.955354,42.144794],[26.943143,42.144265],[26.937445,42.152815],[26.939672,42.163574],[26.935026,42.168167],[26.934152,42.180457],[26.941997,42.183474],[26.940142,42.188341],[26.971412,42.198524],[26.975198,42.2078],[26.980166383,42.207095233],[27.0596437,42.088287]]],[[[27.059286,42.0880013],[27.0506036,42.0837362],[27.047011,42.0836753],[27.0596437,42.088287],[27.059286,42.0880013]]],[[[27.0229971,42.0673345],[27.0245004,42.0737503],[27.021389,42.0738658],[27.0246714,42.0814487],[27.0323665,42.0789705],[27.0422566,42.0848031],[27.047011,42.0836753],[27.0229971,42.0673345]]],[[[27.0234168,42.0671718],[27.0284724,42.0606797],[27.0217651,42.0547834],[27.0229971,42.0673345],[27.0234168,42.0671718]]],[[[27.0210806,42.0537998],[27.0075071,42.03844],[27.004627574,42.038787972],[27.0217651,42.0547834],[27.0210806,42.0537998]]],[[[26.984851222,42.020329577],[26.9808524,42.0272021],[26.9823069,42.0377597],[26.9944151,42.0386936],[26.9973569,42.0361811],[27.004627574,42.038787972],[26.984851222,42.020329577]]],[[[26.9851445,42.019874],[26.9842574,42.0194011],[26.983224157,42.018810945],[26.984851222,42.020329577],[26.9851445,42.019874]]],[[[26.980477416,42.016247255],[26.9808824,42.0173407],[26.983224157,42.018810945],[26.980477416,42.016247255]]],[[[26.9807302,42.0157593],[26.9784478,42.0129972],[26.974209723,42.01039726],[26.980477416,42.016247255],[26.9807302,42.0157593]]],[[[26.9711402,42.0075323],[26.9719725,42.0089214],[26.974209723,42.01039726],[26.9711402,42.0075323]]],[[[26.970505745,42.006274662],[26.9707598,42.0068399],[26.9711402,42.0075323],[26.970505745,42.006274662]]],[[[26.9704325,42.0061117],[26.970214,42.0056924],[26.970145842,42.005561248],[26.970505745,42.006274662],[26.9704325,42.0061117]]],[[[26.9657868,41.9969206],[26.9653912,42.000675],[26.970145842,42.005561248],[26.9657868,41.9969206]]],[[[26.9654596,41.9968687],[26.9650841,41.996801],[26.9646963,41.9967809],[26.9657868,41.9969206],[26.9654596,41.9968687]]],[[[26.9058811,41.9890713],[26.9133308,41.995456],[26.9220612,41.9952614],[26.9237766,41.9994214],[26.9313745,42.0028017],[26.9646963,41.9967809],[26.9058811,41.9890713]]],[[[26.9050112,41.988897],[26.904520497,41.988909495],[26.9058811,41.9890713],[26.9050112,41.988897]]],[[[26.904299334,41.988883193],[26.9043789,41.9889131],[26.904520497,41.988909495],[26.904299334,41.988883193]]],[[[26.903162,41.9884557],[26.9020098,41.9859852],[26.8986276,41.9882087],[26.904299334,41.988883193],[26.903162,41.9884557]]],[[[26.8957379,41.9879211],[26.893362129,41.988277328],[26.8986276,41.9882087],[26.8957379,41.9879211]]],[[[26.891553313,41.988300903],[26.892217,41.9888995],[26.893362129,41.988277328],[26.891553313,41.988300903]]],[[[26.8907997,41.9876212],[26.885746,41.9871317],[26.883941634,41.98840011],[26.891553313,41.988300903],[26.8907997,41.9876212]]],[[[26.86619916,41.988631357],[26.8710308,41.9910748],[26.883941634,41.98840011],[26.86619916,41.988631357]]],[[[26.8660373,41.9885714],[26.8657607,41.9885893],[26.865331349,41.988642668],[26.86619916,41.988631357],[26.8660373,41.9885714]]],[[[26.86459118,41.988652315],[26.8646006,41.9887335],[26.865331349,41.988642668],[26.86459118,41.988652315]]],[[[26.8645456,41.9882595],[26.856536,41.9821056],[26.8522573,41.9840104],[26.8480889,41.9806011],[26.8472433,41.9698183],[26.842275,41.9689662],[26.8329396,41.9691757],[26.8287617,41.9737707],[26.8154234,41.9737594],[26.7922201,41.9869658],[26.793342196,41.989580942],[26.8645456,41.9882595]]],[[[26.78976674,41.989627543],[26.7917065,41.9903695],[26.793342196,41.989580942],[26.78976674,41.989627543]]],[[[26.7893377,41.9894709],[26.7887892,41.9893902],[26.7877675,41.9896536],[26.78976674,41.989627543],[26.7893377,41.9894709]]],[[[26.787097438,41.989425759],[26.7871998,41.9896127],[26.7877675,41.9896536],[26.787097438,41.989425759]]],[[[26.7870605,41.9893583],[26.7789431,41.9789238],[26.7732665,41.9794339],[26.7632231,41.9693822],[26.7592003,41.9702743],[26.7539035,41.958645],[26.7291238,41.9608241],[26.7187055,41.9661705],[26.7870605,41.9893583]]],[[[26.7185911,41.9660712],[26.7183011,41.9659171],[26.717527609,41.966117761],[26.7187055,41.9661705],[26.7185911,41.9660712]]],[[[26.70447172,41.965533201],[26.7120358,41.9685499],[26.717527609,41.966117761],[26.70447172,41.965533201]]],[[[26.7037364,41.965203],[26.703346905,41.965482839],[26.70447172,41.965533201],[26.7037364,41.965203]]],[[[26.610995,41.9613479],[26.6185979,41.9657061],[26.6237323,41.9796202],[26.6365472,41.9730152],[26.6579175,41.9701698],[26.6681391,41.9645509],[26.6739218,41.9693115],[26.703346905,41.965482839],[26.610995,41.9613479]]],[[[26.6089071,41.9601898],[26.6085233,41.9599872],[26.610995,41.9613479],[26.6089071,41.9601898]]],[[[26.5617121,41.9259598],[26.5866084,41.9477863],[26.6085233,41.9599872],[26.5617121,41.9259598]]],[[[26.561524805,41.926267131],[26.561526,41.926268],[26.5617121,41.9259598],[26.561524805,41.926267131]]],[[[26.561449,41.926212],[26.5612763,41.9266749],[26.561524805,41.926267131],[26.561449,41.926212]]],[[[26.561071,41.926946],[26.561070278,41.926957558],[26.5612763,41.9266749],[26.561071,41.926946]]],[[[26.545054435,41.948930948],[26.557722,41.936867],[26.561070278,41.926957558],[26.545054435,41.948930948]]],[[[26.543911,41.949787],[26.541446,41.952456],[26.540836974,41.954717213],[26.545054435,41.948930948],[26.543911,41.949787]]],[[[26.538509286,41.957910751],[26.540177,41.956364],[26.540836974,41.954717213],[26.538509286,41.957910751]]],[[[26.537962,41.958294],[26.522671,41.96556],[26.52157,41.969644],[26.525805416,41.975340185],[26.537962,41.958294]]],[[[26.52114296,41.981736975],[26.526044,41.980154],[26.525805416,41.975340185],[26.52114296,41.981736975]]],[[[26.520811,41.981803],[26.512166,41.985108],[26.512454,41.990775],[26.505256,41.994028],[26.508545619,41.999020253],[26.520811,41.981803]]],[[[26.507944253,41.999845315],[26.508259,41.999548],[26.508545619,41.999020253],[26.507944253,41.999845315]]],[[[26.507934,41.999855],[26.507849,41.999976],[26.507944253,41.999845315],[26.507934,41.999855]]],[[[26.372118687,42.170123945],[26.380574,42.171226],[26.394564,42.159707],[26.393662,42.156186],[26.409866,42.156259],[26.410206,42.152101],[26.423924,42.15382],[26.446057,42.17096],[26.449866,42.162983],[26.469389,42.152447],[26.477412,42.157579],[26.471812,42.162964],[26.490534,42.16505],[26.489084,42.171102],[26.493888,42.170128],[26.497406,42.163443],[26.494019,42.153805],[26.495147,42.145681],[26.502107,42.146606],[26.502899,42.150785],[26.51851,42.157231],[26.538043,42.154191],[26.535189,42.14718],[26.530832,42.146161],[26.538429,42.143845],[26.541089,42.141238],[26.539716,42.137973],[26.529547,42.142175],[26.523938,42.13863],[26.529593,42.135329],[26.533116,42.138561],[26.534175,42.135536],[26.528855,42.132543],[26.531555,42.127366],[26.522765,42.127059],[26.522321,42.122775],[26.513908,42.119402],[26.520897,42.110817],[26.50644,42.098456],[26.514384,42.078539],[26.509809,42.073547],[26.513813,42.069547],[26.509073,42.068986],[26.507293,42.065191],[26.510803,42.065102],[26.511141,42.059838],[26.529854,42.054378],[26.528284,42.05137],[26.53406,42.047213],[26.532365,42.031751],[26.535608,42.027913],[26.517627,42.010341],[26.516806,42.005003],[26.50856,42.002999],[26.507849,41.999976],[26.372118687,42.170123945]]]]}}]}